Date,Open,High,Low,Close,Points_Change,Change_Pct,Volume_Cr,Turnover_Rs_Cr,PE,PB,Div_Yield,Daily_Return
2021-09-01,23269.05,23314.28,23133.26,23167.46,-6.77,-0.03,20.59,3471.99,28.71,3.46,1.02,
2021-09-02,23212.68,23389.79,23166.29,23378.19,210.73,0.91,30.1,4153.9,28.86,3.48,1.02,0.009095947505682433
2021-09-03,23448.29,23513.1,23373.75,23494.55,116.36,0.5,32.94,3669.7,29.0,3.49,1.02,0.0049772886609271705
2021-09-06,23615.15,23631.94,23538.56,23566.75,72.2,0.31,18.75,2960.24,29.06,3.51,1.02,0.0030730531123175364
2021-09-07,23629.84,23639.99,23423.44,23530.8,-35.95,-0.15,32.4,4017.6,28.9,3.49,1.02,-0.0015254542947160665
2021-09-08,23565.6,23594.09,23421.88,23555.9,25.1,0.11,41.9,2871.09,28.9,3.49,1.02,0.001066687065463201
2021-09-09,23537.55,23615.67,23509.48,23606.9,51.0,0.22,35.62,6792.45,29.05,3.51,1.02,0.0021650626806872797
2021-09-13,23612.03,23650.59,23500.79,23627.62,20.72,0.09,35.62,6792.45,29.11,3.51,1.02,0.0008777094832441712
2021-09-14,23747.4,23762.45,23678.79,23711.05,83.43,0.35,41.47,4064.62,29.2,3.52,1.01,0.0035310369812955322
2021-09-15,23774.1,23913.08,23743.27,23901.29,190.24,0.8,36.93,3913.87,29.47,3.56,1.0,0.00802326341515891
2021-09-16,23973.42,24041.02,23883.23,24024.51,123.22,0.52,67.84,5808.49,29.7,3.59,1.0,0.005155370274993354
2021-09-17,24129.8,24190.1,23829.51,23902.17,-122.34,-0.51,59.29,4826.49,29.48,3.56,1.0,-0.00509229948914669
2021-09-20,23745.66,23932.34,23543.82,23581.89,-320.28,-1.34,39.42,5206.52,29.32,3.54,1.02,-0.013399620201847706
2021-09-21,23594.66,23792.08,23438.76,23770.02,188.13,0.8,32.18,3918.67,29.61,3.57,1.01,0.007977732064732734
2021-09-22,23845.75,23907.91,23783.59,23846.71,76.69,0.32,29.19,4672.72,29.59,3.57,1.01,0.0032263330026647274
2021-09-23,24010.66,24206.77,23995.38,24185.34,338.63,1.42,27.68,10465.29,30.15,3.64,0.99,0.014200281716010288
2021-09-24,24292.66,24345.46,24115.56,24160.86,-24.48,-0.1,27.68,10465.29,30.13,3.63,0.99,-0.0010121834135885521
2021-09-27,24254.89,24275.87,24083.32,24162.75,1.89,0.01,22.71,3924.75,30.08,3.62,0.99,7.82256922973179e-05
2021-09-28,24243.45,24244.17,23806.17,24010.47,-152.28,-0.63,27.63,5312.53,29.79,3.59,1.0,-0.006302262780519596
2021-09-29,23879.22,24084.23,23832.73,23997.88,-12.59,-0.05,32.88,8596.07,29.72,3.58,1.0,-0.0005243545836461916
2021-09-30,24069.73,24077.46,23900.74,23937.54,-60.34,-0.25,32.88,8596.07,29.77,3.59,1.0,-0.0025143887710080692
2021-10-01,23872.06,23904.2,23746.52,23873.27,-64.27,-0.27,28.43,4405.59,29.78,3.59,1.0,-0.0026849041296641563
2021-10-04,24016.36,24162.52,23972.36,24140.88,267.61,1.12,22.09,4385.63,29.93,3.61,0.99,0.011209608067935362
2021-10-05,24167.28,24314.27,24099.64,24303.2,162.32,0.67,40.06,7558.52,30.08,3.63,0.99,0.006723864250184786
2021-10-06,24404.25,24411.38,24033.71,24073.67,-229.53,-0.94,40.06,7558.52,29.77,3.59,1.0,-0.00944443530070127
2021-10-07,24259.61,24390.95,24259.58,24321.31,247.64,1.03,23.83,4438.39,30.13,3.63,0.99,0.010286757274649228
2021-10-08,24454.98,24499.08,24363.18,24435.39,114.08,0.47,23.26,4722.26,30.28,3.65,0.98,0.004690536817301361
2021-10-11,24504.72,24647.23,24423.42,24534.94,99.55,0.41,34.03,11175.74,30.3,3.66,0.98,0.004074009049988447
2021-10-12,24554.44,24638.67,24448.62,24622.92,87.98,0.36,30.07,4126.66,30.35,3.66,0.98,0.003585906466451405
2021-10-13,24776.85,24911.52,24728.9,24864.65,241.73,0.98,28.13,4828.34,30.83,3.72,0.96,0.009817275936404135
2021-10-14,25037.06,25104.0,24992.2,25082.49,217.84,0.88,24.28,5071.68,31.19,3.77,0.95,0.00876103222848501
2021-10-18,25325.04,25366.27,25248.53,25266.77,184.28,0.73,29.53,5520.04,31.18,3.77,0.95,0.007346957977457436
2021-10-19,25442.21,25454.92,24998.09,25062.34,-204.43,-0.81,31.83,5991.47,30.93,3.75,0.95,-0.008090864008339804
2021-10-20,25088.91,25090.65,24652.37,24765.29,-297.05,-1.19,36.21,12711.39,30.79,3.72,0.97,-0.011852444743786883
2021-10-21,24893.86,24911.97,24453.59,24639.03,-126.26,-0.51,21.54,4424.11,30.59,3.7,0.98,-0.0050982645468719
2021-10-22,24710.2,24814.23,24385.46,24495.84,-143.19,-0.58,21.22,4302.06,30.3,3.66,0.98,-0.005811511248616452
2021-10-25,24682.48,24683.87,24151.71,24394.14,-101.7,-0.42,19.09,4405.46,29.81,3.61,0.99,-0.004151725354182623
2021-10-26,24422.27,24703.2,24421.91,24654.92,260.78,1.07,21.09,3763.07,30.14,3.65,0.98,0.010690272335897033
2021-10-27,24746.03,24781.52,24574.73,24623.63,-31.29,-0.13,21.09,3763.07,30.1,3.64,0.98,-0.0012691178880319676
2021-10-28,24610.79,24610.79,24080.73,24157.15,-466.48,-1.89,21.09,3763.07,29.37,3.56,1.01,-0.01894440421660004
2021-10-29,24128.05,24274.17,23791.5,23990.09,-167.06,-0.69,22.92,4486.39,29.01,3.54,1.02,-0.006915550882450994
2021-11-01,24110.76,24345.65,24027.66,24329.04,338.95,1.41,16.55,3248.02,29.54,3.57,1.0,0.014128750663294776
2021-11-02,24434.7,24440.12,24295.28,24347.04,18.0,0.07,14.67,2990.54,29.59,3.57,1.0,0.0007398565664735735
2021-11-03,24440.53,24478.71,24185.24,24295.57,-51.47,-0.21,15.24,2996.66,29.57,3.57,0.99,-0.0021140146810454397
2021-11-04,24491.19,24491.19,24428.7,24447.15,151.58,0.62,15.24,2996.66,29.41,3.58,0.99,0.006238997479787622
2021-11-08,24567.55,24693.66,24340.89,24671.01,223.86,0.92,16.35,3353.17,29.05,3.59,0.97,0.009156895589056191
2021-11-09,24721.14,24766.45,24624.68,24705.58,34.57,0.14,24.52,3900.76,29.08,3.59,0.97,0.001401239754675876
2021-11-10,24669.17,24741.42,24578.9,24675.95,-29.63,-0.12,19.82,3493.24,28.97,3.56,0.98,-0.001199324201253349
2021-11-11,24665.85,24665.98,24409.95,24504.51,-171.44,-0.69,15.77,3038.95,28.71,3.53,0.99,-0.006947655510730177
2021-11-12,24641.36,24792.14,24532.97,24772.08,267.57,1.09,18.66,3813.12,29.16,3.58,0.98,0.010919214462970395
2021-11-15,24856.94,24902.17,24732.24,24781.53,9.45,0.04,14.68,2844.95,29.02,3.57,0.99,0.00038147785732967066
2021-11-16,24825.72,24841.54,24627.94,24673.38,-108.15,-0.44,16.08,3296.09,28.39,3.53,0.99,-0.004364137323240258
2021-11-17,24644.32,24733.96,24535.74,24565.69,-107.69,-0.44,15.86,3925.14,28.04,3.52,1.0,-0.004364622925598471
2021-11-18,24581.02,24639.4,24228.33,24322.72,-242.97,-0.99,22.48,5254.64,27.54,3.48,1.01,-0.009890623874191928
2021-11-22,24365.7,24378.94,23596.46,23804.33,-518.39,-2.13,27.25,4023.19,26.89,3.39,1.03,-0.02131299459928826
2021-11-23,23653.55,24056.32,23554.24,24007.68,203.35,0.85,24.73,4974.03,27.13,3.42,1.02,0.008542563474796427
2021-11-24,24095.24,24152.63,23831.27,23907.84,-99.84,-0.42,25.17,3290.37,27.06,3.42,1.03,-0.004158669225847733
2021-11-25,23940.95,24103.14,23811.46,24072.41,164.57,0.69,24.09,3300.71,27.2,3.43,1.02,0.006883516034907444
2021-11-26,23871.36,23871.52,23318.68,23359.67,-712.74,-2.96,29.46,4347.31,26.3,3.32,1.06,-0.029608169684713803
2021-11-29,23237.11,23433.99,22881.93,23284.2,-75.47,-0.32,32.4,4120.77,26.26,3.32,1.06,-0.003230781941696792
2021-11-30,23294.9,23688.28,23211.43,23276.88,-7.32,-0.03,32.4,4120.77,26.28,3.32,1.06,-0.0003143762723220034
2021-12-01,23403.35,23544.65,23345.55,23488.72,211.84,0.91,39.4,4097.77,26.59,3.36,1.04,0.009100876062427599
2021-12-02,23541.15,23807.14,23503.66,23786.0,297.28,1.27,28.74,3199.99,26.88,3.39,1.03,0.012656287784093667
2021-12-03,23830.52,23909.57,23579.48,23595.31,-190.69,-0.8,36.95,3122.57,26.64,3.36,1.04,-0.008016900697889406
2021-12-06,23632.45,23633.49,23189.34,23212.63,-382.68,-1.62,40.15,2993.07,26.18,3.31,1.06,-0.016218477316042867
2021-12-07,23368.08,23628.36,23317.7,23556.16,343.53,1.48,24.51,2899.98,26.54,3.35,1.05,0.014799270914153118
2021-12-08,23753.23,23955.7,23742.66,23934.89,378.73,1.61,21.53,3432.21,27.0,3.41,1.03,0.01607774781628235
2021-12-09,24031.03,24043.1,23858.19,24017.43,82.54,0.34,46.03,3664.74,27.07,3.42,1.03,0.0034485222200728582
2021-12-10,23995.64,24083.12,23930.74,24061.35,43.92,0.18,38.2,2931.84,27.04,3.41,1.03,0.0018286719270128593
2021-12-13,24204.77,24257.45,23906.13,23918.75,-142.6,-0.59,27.45,3760.67,27.01,3.41,1.03,-0.005926517007565968
2021-12-14,23847.59,23920.6,23724.59,23875.89,-42.86,-0.18,21.19,3088.65,26.92,3.4,1.03,-0.0017918996603083492
2021-12-15,23892.51,23921.87,23706.1,23732.19,-143.7,-0.6,18.6,2665.72,26.7,3.37,1.05,-0.006018623808369039
2021-12-16,23901.11,23928.31,23637.29,23712.24,-19.95,-0.08,22.11,3068.51,26.76,3.38,1.05,-0.0008406303843007112
2021-12-17,23742.29,23749.69,23273.96,23295.52,-416.72,-1.76,21.12,3189.07,26.35,3.33,1.07,-0.017574046146631495
2021-12-20,23090.08,23092.73,22428.02,22704.35,-591.17,-2.54,30.06,4997.53,25.42,3.27,1.09,-0.025376982355405753
2021-12-21,22881.68,23151.73,22837.93,22955.34,250.99,1.11,21.45,2472.01,25.81,3.32,1.08,0.011054709780284444
2021-12-22,23077.66,23263.18,23059.65,23244.27,288.93,1.26,21.45,2472.01,26.09,3.36,1.06,0.0125866138336439
2021-12-23,23389.77,23463.84,23356.63,23415.86,171.59,0.74,17.61,2132.85,26.31,3.39,1.06,0.007382034368039969
2021-12-24,23518.89,23530.7,23194.59,23285.09,-130.77,-0.56,20.13,2137.79,26.18,3.37,1.06,-0.00558467636892257
2021-12-27,23238.45,23414.01,23052.8,23386.67,101.58,0.44,17.69,2193.5,26.21,3.37,1.06,0.004362448244777939
2021-12-28,23519.25,23629.09,23511.03,23607.19,220.52,0.94,15.78,2162.86,26.56,3.42,1.05,0.009429303103007047
2021-12-29,23626.31,23696.71,23559.7,23598.81,-8.38,-0.04,29.9,2316.42,26.48,3.41,1.05,-0.00035497659823113814
2021-12-30,23596.96,23654.58,23534.52,23565.31,-33.5,-0.14,29.9,2316.42,26.59,3.42,1.05,-0.001419563105088728
2021-12-31,23614.42,23853.12,23609.13,23811.0,245.69,1.04,32.99,2479.3,26.88,3.46,1.03,0.01042591843688867
2022-01-03,23866.03,24168.0,23861.64,24140.23,329.23,1.38,31.46,2972.48,27.2,3.5,1.03,0.013826802738230226
2022-01-04,24232.12,24339.05,24084.05,24315.79,175.56,0.73,25.81,3067.97,27.33,3.52,1.02,0.007272507345621904
2022-01-05,24342.55,24467.61,24239.44,24441.21,125.42,0.52,23.6,2970.42,27.51,3.54,1.01,0.005157965256320951
2022-01-06,24275.01,24319.72,24133.14,24281.93,-159.28,-0.65,23.6,2970.42,27.32,3.52,1.02,-0.0065168622993705405
2022-01-07,24364.62,24485.49,24230.87,24374.89,92.96,0.38,23.6,2970.42,27.42,3.53,1.01,0.0038283612546448076
2022-01-10,24494.35,24624.62,24461.9,24613.74,238.85,0.98,25.03,3172.16,27.72,3.57,1.0,0.009799018580186614
2022-01-11,24611.96,24715.63,24563.66,24674.81,61.07,0.25,55.54,3385.21,27.75,3.58,1.0,0.0024811345208002322
2022-01-12,24836.7,24907.3,24780.81,24890.26,215.45,0.87,41.02,3246.56,27.93,3.6,0.99,0.008731576859152934
2022-01-13,24952.61,24989.27,24831.65,24971.32,81.06,0.33,24.13,3408.53,27.93,3.6,0.99,0.0032566955909660855
2022-01-14,24917.58,25023.58,24815.72,24984.66,13.34,0.05,25.38,3171.21,27.83,3.59,1.0,0.0005342128489802533
2022-01-17,25015.95,25091.26,24967.08,25063.83,79.17,0.32,25.98,3262.87,27.98,3.61,0.99,0.003168744341528029
2022-01-18,25136.16,25150.53,24698.14,24741.12,-322.71,-1.29,22.65,3163.35,27.43,3.54,1.01,-0.012875526206489685
2022-01-19,24752.56,24757.22,24470.96,24577.97,-163.15,-0.66,23.6,4728.44,27.33,3.53,1.01,-0.00659428514149718
2022-01-20,24579.01,24600.75,24274.41,24403.07,-174.9,-0.71,18.61,3108.72,27.21,3.52,1.01,-0.007116128793386967
2022-01-21,24268.63,24296.33,23944.15,24115.31,-287.76,-1.18,18.62,3573.0,26.84,3.47,1.03,-0.011791958962540261
2022-01-24,24111.12,24111.12,23165.23,23373.13,-742.18,-3.08,24.82,4354.83,25.92,3.35,1.07,-0.030776299371643945
2022-01-25,23210.73,23600.26,22900.34,23568.15,195.02,0.83,21.74,4053.92,26.11,3.38,1.07,0.008343769105806587
2022-01-27,23392.76,23415.27,23023.58,23326.65,-241.5,-1.02,23.69,3923.34,25.55,3.33,1.08,-0.010246879793280317
2022-01-28,23520.27,23756.07,23365.04,23393.9,67.25,0.29,23.69,3923.34,25.77,3.36,1.07,0.002882968621726656
2022-01-31,23668.13,23796.81,23618.35,23715.29,321.39,1.37,15.74,2945.87,26.13,3.42,1.06,0.013738196709398576
2022-02-01,23960.02,24054.75,23600.97,24023.95,308.66,1.3,29.76,4568.16,26.24,3.46,1.05,0.013015231945297634
2022-02-02,24185.29,24315.95,24156.62,24297.75,273.8,1.14,23.01,3294.47,26.41,3.47,1.05,0.011396960116883292
2022-02-03,24308.45,24309.28,23996.59,24045.74,-252.01,-1.04,17.47,2889.81,26.22,3.44,1.06,-0.010371742239507653
2022-02-04,24091.86,24127.56,23906.06,23966.56,-79.18,-0.33,19.66,2942.33,26.19,3.44,1.06,-0.0032928909653019423
2022-02-07,23975.15,24032.27,23513.21,23630.03,-336.53,-1.4,19.66,2942.33,25.6,3.39,1.08,-0.014041648029587961
2022-02-08,23716.2,23760.64,23343.84,23605.06,-24.97,-0.11,21.84,3386.87,25.27,3.38,1.08,-0.0010567062335510302
2022-02-09,23736.78,23873.73,23720.19,23861.29,256.23,1.09,2.84,1249.56,25.53,3.41,1.07,0.01085487603081714
2022-02-10,23978.75,24047.59,23790.84,24009.28,147.99,0.62,21.99,3841.26,25.52,3.43,1.07,0.006202095527944929
2022-02-11,23834.07,23834.07,23620.54,23662.95,-346.33,-1.44,18.2,3284.96,24.81,3.36,1.09,-0.014424839062229244
2022-02-14,23124.18,23264.68,22844.17,22889.32,-773.63,-3.27,22.75,3547.38,24.14,3.27,1.13,-0.032693725845678645
2022-02-15,23001.18,23555.87,22808.47,23531.37,642.05,2.81,26.14,5479.0,24.75,3.37,1.1,0.028050199831187506
2022-02-16,23648.94,23738.82,23453.24,23510.59,-20.78,-0.09,20.34,2690.53,24.79,3.39,1.09,-0.0008830765059577583
2022-02-17,23613.72,23674.18,23406.32,23477.59,-33.0,-0.14,16.37,2364.92,24.64,3.36,1.1,-0.0014036227929626888
2022-02-18,23346.63,23549.74,23346.51,23386.33,-91.26,-0.39,17.13,2718.64,24.6,3.35,1.1,-0.0038871110705995804
2022-02-21,23262.54,23417.43,23047.01,23204.19,-182.14,-0.78,17.13,2718.64,24.4,3.33,1.1,-0.007788310521574027
2022-02-22,22689.23,23092.45,22675.07,23036.01,-168.18,-0.72,25.53,4769.38,24.09,3.28,1.12,-0.007247828948133916
2022-02-23,23163.85,23257.95,23027.54,23064.73,28.72,0.12,19.05,2253.44,24.25,3.3,1.11,0.0012467436852128255
2022-02-24,22370.88,22541.62,21857.13,21896.83,-1167.9,-5.06,39.4,5134.7,22.77,3.1,1.18,-0.05063575424468436
2022-02-25,22217.46,22648.88,22217.46,22551.93,655.1,2.99,25.53,3740.68,23.48,3.19,1.15,0.02991757254360561
2022-02-28,22376.88,22763.31,22142.64,22741.64,189.71,0.84,23.05,2871.21,23.81,3.24,1.13,0.008412140335660734
2022-03-02,22556.67,22672.25,22421.93,22566.75,-174.89,-0.77,20.58,3809.61,23.56,3.2,1.15,-0.007690298500899639
2022-03-03,22788.26,22831.8,22404.63,22465.91,-100.84,-0.45,22.24,3281.95,23.59,3.21,1.15,-0.004468521164988304
2022-03-04,22320.27,22371.26,21982.37,22087.93,-377.98,-1.68,26.0,3428.64,23.02,3.13,1.17,-0.01682460225292448
2022-03-07,21685.08,21685.2,21361.69,21557.46,-530.47,-2.4,29.72,5465.73,22.51,3.06,1.21,-0.024016284006695088
2022-03-08,21477.33,21808.3,21339.78,21782.62,225.16,1.04,22.51,4007.5,22.77,3.1,1.19,0.010444644220608534
2022-03-09,21965.33,22311.58,21816.53,22222.24,439.62,2.02,19.9,3678.23,23.5,3.19,1.15,0.020182145214854952
2022-03-10,22775.9,22775.97,22377.94,22547.08,324.84,1.46,19.9,3678.23,23.93,3.25,1.13,0.01461778830576943
2022-03-11,22499.16,22668.25,22412.48,22624.45,77.37,0.34,19.78,3278.54,23.69,3.22,1.16,0.0034314864718623106
2022-03-14,22657.09,22863.11,22544.63,22839.21,214.76,0.95,18.69,3026.97,24.07,3.27,1.14,0.009492385450253993
2022-03-15,22904.61,22937.18,22455.11,22588.07,-251.14,-1.1,22.57,2890.43,23.8,3.23,1.16,-0.010996002050859044
2022-03-16,22870.14,23026.17,22835.49,23009.72,421.65,1.87,15.87,2527.05,24.27,3.3,1.13,0.018666933474174696
2022-03-17,23287.96,23449.82,23272.49,23394.96,385.24,1.67,20.0,2774.69,24.76,3.36,1.11,0.016742489695658946
2022-03-21,23495.93,23509.84,23191.34,23206.2,-188.76,-0.81,18.64,2838.06,24.41,3.32,1.13,-0.008068404476861635
2022-03-22,23234.03,23421.99,23036.14,23402.1,195.9,0.84,18.64,2838.06,24.6,3.34,1.13,0.008441709543139275
2022-03-23,23509.91,23574.52,23304.88,23351.65,-50.45,-0.22,22.42,3317.25,24.62,3.34,1.12,-0.0021557894376998954
2022-03-24,23233.13,23435.98,23214.8,23365.23,13.58,0.06,25.6,10222.31,24.54,3.33,1.13,0.0005815434883615911
2022-03-25,23458.52,23470.7,23200.02,23296.05,-69.18,-0.3,25.6,10222.31,24.67,3.35,1.13,-0.0029608097159754543
2022-03-28,23347.36,23356.7,23083.97,23338.41,42.36,0.18,21.0,3507.61,24.62,3.34,1.13,0.001818334009413558
2022-03-29,23430.73,23497.75,23369.22,23483.28,144.87,0.62,25.23,3628.71,24.81,3.37,1.12,0.00620736374071762
2022-03-30,23631.54,23740.18,23582.19,23701.75,218.47,0.93,23.24,3065.78,25.06,3.4,1.1,0.00930321488309982
2022-03-31,23757.92,23803.16,23658.63,23695.01,-6.74,-0.03,25.72,2862.35,24.95,3.39,1.11,-0.000284367188076895
2022-04-01,23718.54,24040.21,23689.91,24003.84,308.83,1.3,25.24,2951.39,25.26,3.43,1.1,0.013033545881601327
2022-04-04,24178.98,24493.5,24177.48,24476.57,472.73,1.97,25.19,4499.83,25.96,3.52,1.07,0.01969393230416472
2022-04-05,24585.63,24628.56,24443.83,24490.81,14.24,0.06,25.62,4058.29,26.03,3.53,1.07,0.0005817808622696763
2022-04-06,24409.13,24485.68,24340.26,24389.26,-101.55,-0.41,36.42,4194.13,25.62,3.48,1.08,-0.004146453302279585
2022-04-07,24368.38,24440.94,24160.95,24185.86,-203.4,-0.83,49.36,7014.13,25.37,3.44,1.09,-0.008339736424967326
2022-04-08,24301.45,24475.93,24189.53,24412.79,226.93,0.94,35.91,5315.96,25.81,3.5,1.08,0.009382755047784075
2022-04-11,24434.77,24482.39,24336.19,24387.62,-25.17,-0.1,19.93,3519.15,25.73,3.48,1.08,-0.0010310169382524714
2022-04-12,24354.37,24354.37,23999.31,24134.5,-253.12,-1.04,19.93,3519.15,25.42,3.44,1.09,-0.010379036576754874
2022-04-13,24275.48,24325.2,24076.14,24092.76,-41.74,-0.17,16.46,2707.03,25.33,3.43,1.09,-0.0017294744038617305
2022-04-18,23812.15,23826.09,23591.82,23757.85,-334.91,-1.39,17.11,3421.58,25.0,3.39,1.12,-0.013900856522872429
2022-04-19,23879.75,23939.44,23272.39,23443.9,-313.95,-1.32,17.97,3716.76,24.63,3.34,1.13,-0.013214579602110366
2022-04-20,23574.99,23729.43,23480.99,23644.32,200.42,0.85,15.28,2912.71,24.82,3.37,1.12,0.008548918908543257
2022-04-21,23809.81,23987.65,23768.46,23966.48,322.16,1.36,15.3,4603.47,25.27,3.43,1.1,0.013625259681817825
2022-04-22,23845.03,23903.98,23687.95,23715.18,-251.3,-1.05,13.8,3113.44,24.87,3.37,1.12,-0.010485478051011188
2022-04-25,23525.52,23525.54,23290.78,23370.5,-344.68,-1.45,16.68,2800.71,24.33,3.32,1.14,-0.014534150700100112
2022-04-26,23568.14,23755.48,23550.74,23729.0,358.5,1.53,14.19,2778.12,24.71,3.37,1.12,0.015339851522218284
2022-04-27,23597.37,23615.59,23388.07,23509.36,-219.64,-0.93,16.48,3427.55,24.54,3.35,1.15,-0.009256184415693869
2022-04-28,23707.73,23840.32,23526.25,23759.49,250.13,1.06,15.86,2836.34,24.85,3.39,1.14,0.01063959206035392
2022-04-29,23874.59,23914.56,23490.03,23551.65,-207.84,-0.87,15.13,3180.61,24.58,3.35,1.15,-0.008747662512957999
2022-05-02,23334.66,23499.01,23287.11,23475.81,-75.84,-0.32,14.5,2694.25,24.45,3.33,1.16,-0.003220156549541109
2022-05-04,23551.71,23575.05,22855.27,22928.96,-546.85,-2.33,30.09,12189.34,23.65,3.23,1.2,-0.02329419091396645
2022-05-05,23162.91,23269.02,22894.04,22942.07,13.11,0.06,14.34,2999.43,23.7,3.23,1.2,0.000571766011192798
2022-05-06,22602.85,22635.66,22426.67,22542.22,-399.85,-1.74,16.83,3117.64,22.92,3.11,1.26,-0.01742868014961152
2022-05-09,22331.19,22451.24,22120.14,22299.34,-242.88,-1.08,14.58,2890.54,22.53,3.08,1.28,-0.01077444901167679
2022-05-10,22252.75,22421.43,22032.45,22081.75,-217.59,-0.98,13.34,2480.95,22.33,3.05,1.29,-0.009757687895695533
2022-05-11,22143.9,22234.61,21663.6,21950.02,-131.73,-0.6,20.2,3146.51,22.18,3.04,1.3,-0.005965559794853248
2022-05-12,21790.63,21790.85,21343.16,21457.7,-492.32,-2.24,19.45,2979.97,21.54,2.95,1.33,-0.022429136738827515
2022-05-13,21708.73,21883.06,21402.17,21458.89,1.19,0.01,18.53,3124.26,21.63,2.96,1.33,5.545794749672872e-05
2022-05-16,21572.61,21734.49,21406.4,21614.97,156.08,0.73,17.6,2276.49,21.42,2.96,1.35,0.007273442382154993
2022-05-17,21767.51,22211.31,21715.22,22181.67,566.7,2.62,16.43,2620.77,22.05,3.04,1.31,0.02621794062170779
2022-05-18,22308.16,22399.62,22136.33,22168.09,-13.58,-0.06,16.5,2660.96,22.14,3.06,1.32,-0.0006122172045656127
2022-05-19,21698.1,21790.9,21539.85,21589.01,-579.08,-2.61,15.05,2791.11,21.43,2.95,1.35,-0.026122232452141847
2022-05-20,21891.51,22155.32,21874.9,22137.19,548.18,2.54,14.62,2374.14,22.06,3.04,1.32,0.02539162286737562
2022-05-23,22209.52,22315.4,22012.98,22043.78,-93.41,-0.42,15.71,2466.69,22.01,3.03,1.33,-0.00421959607339506
2022-05-24,22083.14,22120.42,21842.91,21902.53,-141.25,-0.64,12.81,2071.9,21.8,3.0,1.34,-0.00640770321605455
2022-05-25,21989.16,22018.6,21632.19,21653.37,-249.16,-1.14,14.52,2364.2,21.49,2.96,1.36,-0.011375854752852743
2022-05-26,21745.64,21923.02,21432.2,21873.56,220.19,1.02,18.34,2631.55,21.71,2.98,1.35,0.010168855933279763
2022-05-27,22070.73,22130.14,21948.94,22112.99,239.43,1.09,12.96,2395.03,21.91,3.01,1.34,0.010946091994170182
2022-05-30,22345.71,22573.25,22339.89,22559.21,446.22,2.02,15.88,2510.12,22.49,3.06,1.31,0.020179089304521725
2022-05-31,22495.97,22643.95,22417.51,22497.64,-61.57,-0.27,21.25,2794.54,22.36,3.04,1.32,-0.0027292622392361965
2022-06-01,22513.78,22593.51,22312.54,22429.56,-68.08,-0.3,15.45,3114.96,22.38,3.03,1.32,-0.003026095181538957
2022-06-02,22439.52,22579.88,22343.23,22563.52,133.96,0.6,12.78,2150.3,22.52,3.05,1.33,0.005972475608081451
2022-06-03,22732.02,22770.95,22402.24,22416.38,-147.14,-0.65,12.55,2282.64,22.34,3.03,1.34,-0.006521145636850911
2022-06-06,22375.12,22423.87,22190.26,22380.34,-36.04,-0.16,11.13,1712.67,22.35,3.03,1.34,-0.0016077529021188974
2022-06-07,22292.04,22295.04,22117.29,22196.84,-183.5,-0.82,10.58,1763.05,22.14,3.0,1.36,-0.008199160513200465
2022-06-08,22282.9,22331.08,22036.34,22121.61,-75.23,-0.34,12.67,2188.27,22.09,2.99,1.36,-0.0033892211684185547
2022-06-09,22012.64,22281.68,21969.6,22266.06,144.45,0.65,10.68,1869.25,22.18,3.01,1.35,0.0065298140596457
2022-06-10,22078.45,22079.13,21916.55,21953.51,-312.55,-1.4,10.58,1969.65,21.85,2.96,1.41,-0.014037059093526372
2022-06-13,21553.28,21553.32,21279.22,21373.99,-579.52,-2.64,13.03,2379.7,21.33,2.89,1.45,-0.026397601112532643
2022-06-14,21256.55,21515.44,21229.18,21321.37,-52.62,-0.25,11.46,2065.85,21.29,2.88,1.45,-0.0024618707129554496
2022-06-15,21359.99,21426.55,21295.36,21314.78,-6.59,-0.03,9.09,1646.92,21.3,2.89,1.45,-0.00030907957603099057
2022-06-16,21505.09,21549.51,20816.05,20851.33,-463.45,-2.17,14.35,2342.26,20.79,2.82,1.49,-0.02174312847704729
2022-06-17,20739.97,20888.91,20563.81,20710.01,-141.32,-0.68,17.87,2818.94,20.36,2.8,1.49,-0.0067775053198047
2022-06-20,20748.62,20790.15,20482.98,20630.52,-79.49,-0.38,16.5,2563.81,20.39,2.81,1.49,-0.00383824054165105
2022-06-21,20760.81,21151.57,20744.72,21097.67,467.15,2.26,16.16,2116.59,20.84,2.87,1.46,0.022643636709108517
2022-06-22,21006.29,21009.95,20758.45,20785.24,-312.43,-1.48,12.5,1851.57,20.48,2.82,1.49,-0.014808744283136277
2022-06-23,20846.96,21080.3,20746.2,20998.55,213.31,1.03,10.81,1844.97,20.71,2.85,1.47,0.010262570939763016
2022-06-24,21150.35,21247.14,21106.68,21223.98,225.43,1.07,11.47,1771.98,20.95,2.88,1.45,0.010735503165694826
2022-06-27,21496.84,21514.69,21401.53,21415.97,191.99,0.9,11.84,1821.57,21.15,2.91,1.44,0.009045899967866644
2022-06-28,21334.91,21482.34,21243.25,21453.26,37.29,0.17,13.91,1730.46,21.06,2.9,1.44,0.0017412239557674791
2022-06-29,21265.45,21447.88,21238.91,21380.99,-72.27,-0.34,11.5,1733.13,20.99,2.89,1.45,-0.003368718786795011
2022-06-30,21359.03,21500.25,21281.67,21324.54,-56.45,-0.26,11.89,1711.23,21.1,2.9,1.45,-0.0026401958001009973
2022-07-01,21284.32,21385.4,21018.58,21340.25,15.71,0.07,11.36,1918.26,21.05,2.9,1.46,0.000736709912616984
2022-07-04,21348.26,21484.37,21252.05,21464.12,123.87,0.58,9.06,1649.41,21.23,2.92,1.43,0.005804524314382498
2022-07-05,21570.69,21714.72,21414.31,21445.92,-18.2,-0.08,11.37,1756.31,21.14,2.91,1.44,-0.0008479266795005103
2022-07-06,21473.49,21746.8,21422.31,21719.59,273.67,1.28,12.21,2093.22,21.38,2.94,1.42,0.012760935413356211
2022-07-07,21869.94,21947.68,21807.01,21929.42,209.83,0.97,10.56,2172.26,21.65,2.98,1.4,0.00966086376400277
2022-07-08,22077.13,22090.6,21940.11,22028.14,98.72,0.45,10.68,1859.58,21.73,2.99,1.4,0.004501715047639188
2022-07-11,21973.42,22159.03,21925.06,22123.36,95.22,0.43,13.5,2049.44,21.85,3.01,1.39,0.004322652752343226
2022-07-12,22066.9,22099.66,21928.44,21955.57,-167.79,-0.76,13.5,2049.44,21.61,2.98,1.41,-0.007584290993773113
2022-07-13,22074.5,22088.47,21851.09,21869.74,-85.83,-0.39,11.15,1655.86,21.55,2.97,1.41,-0.003909258561722528
2022-07-14,21939.81,21979.27,21695.13,21830.49,-39.25,-0.18,12.36,1714.95,21.49,2.96,1.42,-0.0017947172668719702
2022-07-15,21922.08,21990.28,21822.59,21971.45,140.96,0.65,10.2,1790.6,21.66,2.98,1.41,0.00645702409794735
2022-07-18,22103.14,22289.48,22100.14,22277.59,306.14,1.39,22.9,11091.28,21.94,3.02,1.39,0.01393353647574469
2022-07-19,22201.21,22407.53,22187.75,22383.95,106.36,0.48,13.16,2096.99,22.05,3.04,1.39,0.004774304581420141
2022-07-20,22632.06,22667.57,22522.82,22558.2,174.25,0.78,13.42,2332.76,22.21,3.06,1.37,0.007784595658943072
2022-07-21,22574.96,22755.31,22527.39,22734.07,175.87,0.78,16.4,2128.77,22.34,3.08,1.36,0.007796278071831919
2022-07-22,22804.06,22864.55,22719.85,22828.47,94.4,0.42,12.9,2167.42,22.46,3.1,1.36,0.004152358112735621
2022-07-25,22795.73,22828.11,22665.11,22739.17,-89.3,-0.39,15.77,2210.66,22.16,3.09,1.39,-0.003911782086140847
2022-07-26,22761.15,22761.15,22490.63,22514.59,-224.58,-0.99,13.06,2267.73,21.93,3.06,1.4,-0.009876349928339412
2022-07-27,22515.92,22730.28,22459.04,22718.33,203.74,0.9,15.87,2032.93,21.98,3.07,1.4,0.00904924317964495
2022-07-28,22865.04,23066.41,22831.99,23047.5,329.17,1.45,17.09,2632.88,22.33,3.12,1.37,0.014489181203019674
2022-07-29,23208.96,23376.5,23185.72,23359.64,312.14,1.35,21.24,3089.39,22.72,3.18,1.35,0.013543334418049557
2022-08-01,23472.33,23667.46,23362.49,23649.8,290.16,1.24,36.47,12510.1,22.75,3.21,1.34,0.012421424302771822
2022-08-02,23636.12,23739.21,23523.6,23685.51,35.71,0.15,36.46,3511.87,22.9,3.23,1.33,0.0015099493441803613
2022-08-03,23707.54,23746.45,23499.53,23696.3,10.79,0.05,89.85,5979.03,22.65,3.2,1.34,0.000455552783115154
2022-08-04,23790.07,23856.48,23403.31,23721.33,25.03,0.11,23.57,3125.21,22.44,3.17,1.35,0.0010562830484084351
2022-08-05,23773.09,23853.59,23699.42,23731.67,10.34,0.04,19.62,2642.35,22.62,3.21,1.34,0.0004358946146778564
2022-08-08,23755.05,23918.06,23688.13,23888.77,157.1,0.66,16.69,2299.1,23.08,3.23,1.33,0.006619845969542126
2022-08-10,23947.62,23954.61,23783.86,23885.71,-3.06,-0.01,13.55,2153.66,23.15,3.23,1.32,-0.0001280936607452876
2022-08-11,24069.66,24117.12,24027.21,24063.88,178.17,0.75,14.59,2452.14,23.22,3.25,1.31,0.007459271673314394
2022-08-12,24060.58,24171.13,24013.66,24136.4,72.52,0.3,14.59,2452.14,22.95,3.24,1.32,0.003013645347300642
2022-08-16,24224.86,24367.17,24224.43,24357.79,221.39,0.92,46.24,14336.56,23.26,3.3,1.29,0.009172453224175925
2022-08-17,24410.88,24547.9,24402.88,24520.68,162.89,0.67,19.17,2942.98,23.38,3.32,1.29,0.006687388305753439
2022-08-18,24483.43,24578.04,24437.62,24560.74,40.06,0.16,27.49,7861.79,23.26,3.3,1.29,0.001633723045201041
2022-08-19,24593.78,24629.69,24253.96,24299.2,-261.54,-1.06,21.26,3939.02,23.01,3.27,1.31,-0.010648701952791328
2022-08-22,24200.42,24204.3,23895.34,23925.67,-373.53,-1.54,20.99,3056.75,22.79,3.24,1.32,-0.015372111016000667
2022-08-23,23713.23,24126.93,23705.45,24065.79,140.12,0.59,23.87,3435.3,22.94,3.26,1.31,0.005856471313029132
2022-08-24,24022.36,24160.27,23976.5,24135.99,70.2,0.29,22.58,2562.86,23.02,3.27,1.31,0.0029170037634336232
2022-08-25,24215.48,24319.02,24036.5,24074.38,-61.61,-0.26,25.27,2835.1,22.93,3.25,1.31,-0.002552619552792401
2022-08-26,24185.3,24299.86,24097.71,24141.17,66.79,0.28,17.61,2544.37,22.99,3.26,1.31,0.0027743185909667734
2022-08-29,23474.94,23941.06,23474.66,23872.06,-269.11,-1.11,17.57,2960.73,22.74,3.23,1.31,-0.011147347042417488
2022-08-30,23992.12,24457.48,23988.6,24437.22,565.16,2.37,19.0,2808.76,23.42,3.33,1.27,0.023674538351528884
2022-09-01,24183.96,24410.3,24145.68,24249.54,-187.68,-0.77,22.53,4424.21,23.14,3.3,1.29,-0.007680087996916218
2022-09-02,24337.11,24397.13,24207.9,24232.24,-17.3,-0.07,17.61,2637.07,23.01,3.28,1.29,-0.0007134155946875165
2022-09-05,24246.32,24405.29,24246.32,24376.1,143.86,0.59,32.81,3302.46,23.19,3.3,1.28,0.005936719015658287
2022-09-06,24416.07,24521.39,24306.61,24411.21,35.11,0.14,32.14,4520.09,23.22,3.31,1.29,0.0014403452562141705
2022-09-07,24281.63,24444.13,24253.81,24418.89,7.68,0.03,27.79,2798.22,23.23,3.31,1.28,0.0003146095584773967
2022-09-08,24554.63,24624.66,24491.22,24608.47,189.58,0.78,24.96,3344.04,23.48,3.34,1.27,0.007763661657020471
2022-09-09,24734.43,24780.85,24590.38,24652.61,44.14,0.18,20.99,3172.71,23.49,3.35,1.26,0.0017936913591132253
2022-09-12,24704.36,24865.64,24704.35,24829.36,176.75,0.72,17.71,3464.7,23.68,3.37,1.26,0.007169626258639594
2022-09-13,24943.72,25005.84,24926.65,24977.96,148.6,0.6,23.79,5730.75,23.93,3.41,1.24,0.005984850193480495
2022-09-14,24540.47,25006.0,24535.87,24914.38,-63.58,-0.25,21.85,3967.62,23.71,3.38,1.26,-0.002545444063486335
2022-09-15,24976.87,25066.46,24783.65,24837.17,-77.21,-0.31,21.15,4362.05,23.62,3.36,1.27,-0.003099013501439818
2022-09-16,24740.75,24773.89,24226.39,24304.61,-532.56,-2.14,22.76,3838.37,23.07,3.29,1.29,-0.021442056401755782
2022-09-19,24290.37,24462.01,24125.1,24375.52,70.91,0.29,40.07,14367.91,23.22,3.31,1.27,0.0029175535011669584
2022-09-20,24536.17,24795.01,24536.17,24653.7,278.18,1.14,16.79,2909.25,23.48,3.35,1.25,0.011412269358766602
2022-09-21,24598.38,24734.16,24421.08,24485.29,-168.41,-0.68,18.45,2865.99,23.26,3.32,1.27,-0.006831023335239772
2022-09-22,24351.33,24531.04,24271.45,24448.88,-36.41,-0.15,19.71,2805.25,23.0,3.28,1.28,-0.0014870152650836577
2022-09-23,24419.0,24487.26,23969.3,24005.32,-443.56,-1.81,18.62,2936.63,22.6,3.23,1.3,-0.018142344352788387
2022-09-26,23771.56,23801.88,23390.2,23472.28,-533.04,-2.22,21.85,3412.06,22.26,3.18,1.33,-0.02220507787440451
2022-09-27,23546.02,23710.85,23357.65,23475.47,3.19,0.01,19.16,2859.54,22.26,3.18,1.33,0.0001359049909084309
2022-09-28,23323.12,23540.65,23240.13,23303.45,-172.02,-0.73,18.33,3461.94,22.1,3.16,1.33,-0.007327648818106769
2022-09-29,23475.9,23567.34,23223.75,23278.09,-25.36,-0.11,22.12,2314.54,22.12,3.16,1.33,-0.0010882508813072622
2022-09-30,23211.25,23720.19,23141.62,23642.46,364.37,1.57,21.65,2971.0,22.53,3.22,1.3,0.015652916540833006
2022-10-03,23631.29,23682.25,23252.98,23337.18,-305.28,-1.29,20.68,2848.13,22.13,3.16,1.34,-0.01291236191157763
2022-10-04,23640.53,23869.02,23640.43,23857.67,520.49,2.23,15.23,2006.22,22.71,3.24,1.3,0.022303037470679854
2022-10-06,23968.93,24102.29,23968.93,23996.95,139.28,0.58,18.79,2509.24,22.72,3.24,1.3,0.005837954838004089
2022-10-07,23955.47,23995.86,23819.11,23966.56,-30.39,-0.13,16.91,2164.64,22.61,3.23,1.31,-0.0012664109397235723
2022-10-10,23665.55,23890.34,23618.05,23833.57,-132.99,-0.55,15.7,2177.46,22.8,3.26,1.3,-0.005548981581002921
2022-10-11,23860.11,23870.05,23427.69,23465.25,-368.32,-1.55,37.62,12220.85,22.45,3.21,1.32,-0.015453832556348024
2022-10-12,23515.29,23662.08,23396.55,23638.84,173.59,0.74,16.91,1970.66,22.5,3.21,1.31,0.007397747733350446
2022-10-13,23611.97,23643.49,23407.91,23481.48,-157.36,-0.67,15.62,1810.52,22.3,3.18,1.32,-0.006656841029424432
2022-10-14,23816.52,23886.47,23601.41,23619.49,138.01,0.59,14.55,2002.36,22.42,3.2,1.31,0.005877397847154464
2022-10-17,23545.6,23786.03,23461.85,23767.06,147.57,0.62,36.58,11745.92,22.61,3.23,1.3,0.006247806366691311
2022-10-18,23889.23,24025.51,23889.23,24001.2,234.14,0.99,17.36,2232.67,22.78,3.26,1.29,0.009851449863803152
2022-10-19,24078.29,24155.14,23974.11,24018.56,17.36,0.07,25.57,2208.47,22.62,3.23,1.3,0.0007232971684749678
2022-10-20,23914.57,24116.53,23877.9,24088.67,70.11,0.29,22.77,2084.54,22.7,3.24,1.29,0.0029189926456871795
2022-10-21,24143.24,24201.29,23976.78,24048.58,-40.09,-0.17,22.77,2084.54,22.88,3.26,1.28,-0.0016642678902569763
2022-10-24,24243.56,24312.95,24212.94,24233.63,185.05,0.77,5.54,615.97,22.72,3.24,1.28,0.0076948410259565225
2022-10-25,24276.15,24301.08,24151.47,24169.68,-63.95,-0.26,28.72,7041.38,22.68,3.24,1.28,-0.002638894792072022
2022-10-27,24251.93,24350.75,24193.17,24302.8,133.12,0.55,17.56,2409.53,22.99,3.27,1.26,0.005507727036518473
2022-10-28,24303.88,24380.16,24223.88,24300.48,-2.32,-0.01,15.02,2301.54,22.87,3.26,1.26,-9.546225126322305e-05
2022-10-31,24390.94,24606.03,24390.94,24589.55,289.07,1.19,10.53,1833.67,23.17,3.29,1.25,0.011895649797864172
2022-11-01,24675.48,24790.44,24656.11,24778.23,188.68,0.77,20.66,6513.98,23.35,3.31,1.24,0.007673178240350076
2022-11-02,24780.86,24808.18,24674.02,24713.33,-64.9,-0.26,12.31,2352.29,23.69,3.32,1.24,-0.002619234707240903
2022-11-03,24560.08,24751.94,24553.37,24699.03,-14.3,-0.06,19.09,5712.37,23.57,3.31,1.24,-0.0005786350928831396
2022-11-04,24669.48,24787.8,24648.71,24768.89,69.86,0.28,19.23,2638.69,23.84,3.34,1.23,0.002828451157798506
2022-11-07,24854.33,24951.94,24729.38,24902.62,133.73,0.54,22.34,3041.23,23.78,3.32,1.23,0.005399111546783075
2022-11-09,24947.12,24998.37,24780.33,24830.42,-72.2,-0.29,24.78,3322.53,23.93,3.34,1.23,-0.0028992933273688237
2022-11-10,24673.57,24758.72,24545.33,24630.73,-199.69,-0.8,23.13,2973.5,23.46,3.27,1.25,-0.008042151522205332
2022-11-11,24890.3,24978.28,24890.3,24959.57,328.84,1.34,25.7,4657.91,24.05,3.36,1.22,0.013350802026574238
2022-11-14,24952.9,25010.05,24925.32,24956.89,-2.68,-0.01,23.3,5529.67,23.82,3.3,1.25,-0.00010737364465818189
2022-11-15,24951.65,25045.13,24886.43,25021.62,64.73,0.26,17.68,3061.17,23.9,3.3,1.25,0.0025936725289088525
2022-11-16,24976.65,25045.2,24880.87,24966.66,-54.96,-0.22,22.69,3112.97,23.97,3.3,1.25,-0.0021965004663966337
2022-11-17,24905.21,24963.16,24826.48,24860.84,-105.82,-0.42,23.42,3512.68,23.95,3.27,1.26,-0.0042384524001207735
2022-11-18,24898.44,24936.91,24667.4,24788.61,-72.23,-0.29,18.98,2930.62,23.96,3.28,1.26,-0.0029053724652907675
2022-11-21,24715.39,24721.76,24595.01,24627.77,-160.84,-0.65,20.02,2093.38,23.78,3.25,1.26,-0.0064884638549721485
2022-11-22,24623.38,24727.1,24604.09,24715.51,87.74,0.36,23.95,2660.22,23.92,3.27,1.25,0.003562644932935344
2022-11-23,24814.13,24816.89,24737.02,24760.12,44.61,0.18,18.76,2685.19,23.97,3.28,1.25,0.0018049394894137372
2022-11-24,24807.62,25026.82,24807.62,24990.95,230.83,0.93,21.26,2643.57,24.24,3.32,1.24,0.009322652717353552
2022-11-25,25011.49,25083.32,24971.14,25054.44,63.49,0.25,24.59,2657.41,24.31,3.33,1.23,0.002540519668119856
2022-11-28,24974.17,25202.11,24963.44,25150.52,96.08,0.38,23.96,2585.91,24.39,3.33,1.23,0.003834849232311699
2022-11-29,25108.81,25266.35,25108.75,25191.27,40.75,0.16,23.22,2591.31,24.43,3.33,1.23,0.0016202448299280636
2022-11-30,25215.82,25479.82,25205.12,25406.76,215.49,0.86,25.56,2733.94,24.71,3.37,1.21,0.00855415387949865
2022-12-01,25503.75,25554.25,25449.45,25497.09,90.33,0.36,19.84,2829.9,24.84,3.39,1.21,0.003555352984796256
2022-12-02,25420.74,25464.8,25344.24,25429.03,-68.06,-0.27,21.47,2700.51,24.68,3.37,1.22,-0.002669324224843006
2022-12-05,25443.65,25470.75,25300.59,25433.61,4.58,0.02,26.81,2924.75,24.55,3.35,1.22,0.0001801091115154474
2022-12-06,25308.6,25387.85,25301.9,25362.52,-71.09,-0.28,25.33,2489.41,24.24,3.31,1.24,-0.002795120315205013
2022-12-07,25365.07,25415.32,25232.55,25268.6,-93.92,-0.37,23.62,2181.12,24.32,3.32,1.24,-0.003703102057682095
2022-12-08,25304.75,25359.28,25268.33,25343.58,74.98,0.3,21.13,3621.4,24.55,3.35,1.22,0.0029673191233390295
2022-12-09,25401.31,25431.8,25047.88,25184.1,-159.48,-0.63,46.12,3073.99,24.4,3.33,1.23,-0.00629271791909447
2022-12-12,25066.03,25218.07,24986.17,25201.07,16.97,0.07,32.49,2395.31,24.39,3.33,1.23,0.0006738378580135596
2022-12-13,25270.74,25334.97,25209.24,25318.96,117.89,0.47,35.45,3718.68,24.45,3.34,1.23,0.004677975974829662
2022-12-14,25376.6,25457.88,25376.32,25416.42,97.46,0.38,66.22,3199.44,24.69,3.37,1.22,0.003849289228309516
2022-12-15,25378.09,25425.78,25094.01,25127.88,-288.54,-1.14,48.31,4258.86,24.26,3.31,1.23,-0.011352503617739873
2022-12-16,25007.4,25155.23,24883.28,24894.88,-233.0,-0.93,33.92,2910.36,24.03,3.28,1.25,-0.009272568955279947
2022-12-19,24911.92,25098.2,24853.69,25084.56,189.68,0.76,38.17,2346.88,24.41,3.33,1.23,0.007619237369290488
2022-12-20,25022.61,25062.28,24811.59,25036.01,-48.55,-0.19,31.14,3346.23,24.34,3.32,1.23,-0.0019354535220073021
2022-12-21,25127.21,25177.09,24680.21,24723.71,-312.3,-1.25,41.77,3043.68,23.98,3.27,1.25,-0.012474032403725688
2022-12-22,24778.32,24891.01,24475.26,24566.74,-156.97,-0.63,46.91,3129.77,23.86,3.26,1.26,-0.00634896623524539
2022-12-23,24301.77,24433.34,23913.81,23955.55,-611.19,-2.49,38.44,3147.83,23.3,3.18,1.29,-0.024878758842239668
2022-12-26,23882.48,24440.0,23865.88,24353.57,398.02,1.66,32.16,2448.87,23.72,3.24,1.26,0.01661493891812138
2022-12-27,24492.53,24570.8,24331.05,24547.3,193.73,0.8,26.75,2235.63,23.87,3.26,1.26,0.007954891213074688
2022-12-28,24518.76,24630.88,24467.3,24576.49,29.19,0.12,26.96,2122.73,23.83,3.25,1.26,0.0011891328170512416
2022-12-29,24477.71,24699.86,24376.6,24660.88,84.39,0.34,22.1,1932.57,24.0,3.27,1.25,0.0034337694276114217
2022-12-30,24756.73,24815.72,24571.72,24605.78,-55.1,-0.22,30.29,2110.07,23.96,3.27,1.25,-0.0022343079403492894
2023-01-02,24643.05,24740.76,24580.08,24722.04,116.26,0.47,28.78,2429.85,24.03,3.28,1.25,0.004724906099298654
2023-01-03,24708.0,24801.94,24685.39,24775.92,53.88,0.22,30.73,2041.83,24.05,3.28,1.25,0.002179431794463449
2023-01-04,24777.42,24797.02,24486.99,24511.44,-264.48,-1.07,29.01,2187.47,23.82,3.25,1.26,-0.010674881094223765
2023-01-05,24585.25,24617.27,24342.22,24496.75,-14.69,-0.06,49.52,2578.01,23.87,3.26,1.26,-0.0005993119947256265
2023-01-06,24503.82,24547.73,24239.21,24317.56,-179.19,-0.73,26.55,2182.52,23.64,3.23,1.27,-0.0073148478879850876
2023-01-09,24431.87,24637.09,24431.87,24602.37,284.81,1.17,33.43,2116.27,23.9,3.26,1.25,0.011712112563924792
2023-01-10,24625.54,24627.01,24305.75,24401.13,-201.24,-0.82,20.02,1895.41,23.85,3.25,1.25,-0.008179699760632708
2023-01-11,24418.9,24481.31,24296.33,24368.16,-32.97,-0.14,26.07,2136.79,23.88,3.26,1.26,-0.001351166933662551
2023-01-12,24386.24,24437.98,24212.73,24331.33,-36.83,-0.15,23.56,1866.43,23.69,3.23,1.27,-0.0015113984806401914
2023-01-13,24363.01,24477.3,24232.21,24436.73,105.4,0.43,48.62,3098.86,23.83,3.25,1.26,0.004331863486295218
2023-01-16,24510.09,24555.55,24327.52,24373.28,-63.45,-0.26,38.97,2242.11,23.55,3.22,1.27,-0.0025965012503719187
2023-01-17,24391.4,24536.96,24356.06,24518.73,145.45,0.6,101.06,3439.81,23.58,3.23,1.27,0.005967600585559341
2023-01-18,24546.09,24652.39,24492.93,24631.79,113.06,0.46,22.8,1839.17,23.93,3.28,1.25,0.004611168686143197
2023-01-19,24568.55,24614.47,24508.38,24560.65,-71.14,-0.29,91.08,2176.18,23.84,3.26,1.25,-0.002888137646512856
2023-01-20,24559.92,24597.39,24429.78,24444.81,-115.84,-0.47,17.1,1843.41,23.73,3.25,1.26,-0.004716487552243076
2023-01-23,24518.9,24576.6,24480.39,24532.98,88.17,0.36,19.73,1818.21,23.55,3.22,1.27,0.0036069006058954134
2023-01-24,24588.14,24624.42,24473.05,24505.22,-27.76,-0.11,16.87,2129.09,23.47,3.21,1.28,-0.0011315380357379556
2023-01-25,24448.66,24467.95,24127.58,24164.16,-341.06,-1.39,18.49,2115.59,23.18,3.18,1.29,-0.01391785097216025
2023-01-27,24127.18,24137.25,23541.01,23688.98,-475.18,-1.97,24.55,3719.25,22.66,3.12,1.31,-0.019664660389601796
2023-01-30,23541.48,23816.0,23369.49,23647.14,-41.84,-0.18,24.15,4043.1,22.63,3.12,1.33,-0.0017662220998962974
2023-01-31,23724.47,23821.16,23551.95,23778.46,131.32,0.56,20.75,2582.13,22.64,3.12,1.33,0.00555331426971728
2023-02-01,23936.9,24124.77,23284.33,23629.77,-148.69,-0.63,33.24,7305.76,22.55,3.1,1.34,-0.006253138344535336
2023-02-02,23532.87,23697.4,23406.63,23620.09,-9.68,-0.04,16.18,3002.79,22.56,3.1,1.34,-0.00040965273889670417
2023-02-03,23706.66,23826.48,23469.7,23812.75,192.66,0.82,29.83,3222.6,22.7,3.13,1.32,0.008156615829999048
2023-02-06,23793.41,23794.26,23668.65,23765.52,-47.23,-0.2,33.19,2311.06,22.49,3.12,1.34,-0.0019833912504855222
2023-02-07,23754.3,23823.16,23628.24,23710.99,-54.53,-0.23,20.84,2992.64,22.44,3.12,1.34,-0.002294500604236638
2023-02-08,23735.83,23938.16,23733.45,23908.58,197.59,0.83,18.47,2697.88,22.99,3.15,1.32,0.008333266556984853
2023-02-09,23921.0,23948.34,23796.02,23908.86,0.28,0.0,15.06,2375.91,22.99,3.15,1.32,1.1711276872050647e-05
2023-02-10,23854.22,23910.64,23812.7,23880.0,-28.86,-0.12,15.94,2090.63,22.93,3.15,1.32,-0.0012070839011144585
2023-02-13,23861.46,23892.07,23665.62,23700.0,-180.0,-0.75,13.79,2080.62,22.79,3.1,1.34,-0.007537688442211032
2023-02-14,23721.27,23839.89,23670.27,23807.95,107.95,0.46,12.87,2162.53,22.91,3.12,1.34,0.004554852320675096
2023-02-15,23782.96,23941.23,23740.51,23916.38,108.43,0.46,11.47,1644.84,23.03,3.13,1.33,0.0045543610432650095
2023-02-16,24003.8,24074.56,23955.28,23991.92,75.54,0.32,15.0,5332.37,23.21,3.16,1.32,0.0031585047569906433
2023-02-17,23889.95,23980.61,23809.83,23863.44,-128.48,-0.54,14.26,2032.73,22.98,3.13,1.33,-0.005355136229197144
2023-02-20,23881.07,23918.77,23734.18,23761.29,-102.15,-0.43,17.46,1979.81,22.91,3.12,1.34,-0.004280606651848928
2023-02-21,23790.72,23849.57,23695.57,23724.19,-37.1,-0.16,12.63,1716.28,22.86,3.11,1.34,-0.001561363040474717
2023-02-22,23616.89,23640.23,23345.76,23382.96,-341.23,-1.44,15.92,1951.18,22.5,3.07,1.36,-0.014383209711269385
2023-02-23,23384.55,23446.26,23222.97,23333.04,-49.92,-0.21,17.59,2035.14,22.51,3.07,1.38,-0.0021348879697009604
2023-02-24,23405.54,23442.49,23219.64,23268.45,-64.59,-0.28,34.5,5023.36,22.46,3.06,1.38,-0.002768177657090587
2023-02-27,23210.63,23215.33,23004.17,23135.15,-133.3,-0.57,16.22,1827.04,22.31,3.04,1.39,-0.005728787263440394
2023-02-28,23140.21,23190.29,23021.07,23084.79,-50.36,-0.22,16.08,2320.15,22.32,3.04,1.39,-0.002176774302306228
2023-03-01,23129.01,23333.41,23127.17,23316.04,231.25,1.0,23.29,3006.5,22.52,3.07,1.37,0.010017418395402267
2023-03-02,23286.62,23324.45,23181.17,23196.45,-119.59,-0.51,21.91,7509.2,22.38,3.05,1.38,-0.005129087100553931
2023-03-03,23319.64,23555.78,23319.56,23496.2,299.75,1.29,23.05,2666.57,22.78,3.1,1.36,0.012922235945586502
2023-03-06,23571.44,23762.12,23570.32,23665.32,169.12,0.72,19.67,2426.75,22.81,3.11,1.35,0.007197759637728618
2023-03-08,23566.28,23752.25,23525.87,23734.54,69.22,0.29,13.97,2480.99,22.84,3.11,1.35,0.0029249551664629614
2023-03-09,23782.13,23785.16,23531.2,23554.35,-180.19,-0.76,16.25,2321.27,22.76,3.1,1.36,-0.007591889288775078
2023-03-10,23367.98,23373.41,23218.65,23353.35,-201.0,-0.85,15.37,1989.86,22.52,3.07,1.37,-0.008533455603741968
2023-03-13,23299.09,23473.22,22948.38,22998.15,-355.2,-1.52,39.53,8521.19,22.16,3.02,1.4,-0.015209809299308152
2023-03-14,22968.57,23067.53,22767.01,22848.21,-149.94,-0.65,18.57,2668.33,21.94,2.99,1.41,-0.0065196548418026135
2023-03-15,22979.56,23058.58,22750.0,22781.17,-67.04,-0.29,17.36,2109.93,21.96,2.99,1.41,-0.0029341467012077294
2023-03-16,22751.79,22891.44,22578.59,22805.76,24.59,0.11,21.83,2391.63,21.88,2.98,1.41,0.0010794002239569167
2023-03-17,22952.7,23015.91,22801.22,22944.86,139.1,0.61,17.39,2177.01,22.2,3.02,1.4,0.00609933630802062
2023-03-20,22842.4,22867.09,22592.37,22778.79,-166.07,-0.72,17.71,2446.02,21.92,2.99,1.4,-0.007237786589240458
2023-03-21,22878.66,22954.68,22816.42,22928.88,150.09,0.66,13.97,1766.29,22.06,3.0,1.39,0.006589024263360832
2023-03-22,22995.9,23064.73,22963.16,23003.85,74.97,0.33,15.19,1575.55,22.14,3.01,1.39,0.0032696756230570223
2023-03-23,22949.19,23055.22,22893.9,22913.8,-90.05,-0.39,13.26,1737.37,22.21,3.02,1.39,-0.00391456212764385
2023-03-24,22910.34,22961.02,22679.53,22716.65,-197.15,-0.86,16.53,2249.17,21.93,2.99,1.4,-0.008603985371260947
2023-03-27,22717.73,22825.04,22648.64,22686.98,-29.67,-0.13,17.82,1999.17,21.87,2.98,1.4,-0.0013060904666841733
2023-03-28,22712.98,22749.79,22556.39,22608.39,-78.59,-0.35,19.71,1952.35,21.82,2.97,1.4,-0.0034641014361541655
2023-03-29,22574.03,22869.51,22573.31,22822.89,214.5,0.95,24.92,2508.93,21.96,2.99,1.39,0.009487628265435921
2023-03-31,22915.72,23190.43,22915.72,23160.01,337.12,1.48,25.67,3402.61,22.28,3.04,1.38,0.014771135469697327
2023-04-03,23225.17,23244.35,23134.13,23226.81,66.8,0.29,17.37,1727.74,22.28,3.04,1.38,0.0028842820016055093
2023-04-05,23214.15,23413.63,23214.15,23397.11,170.3,0.73,13.73,1754.01,22.54,3.08,1.36,0.007332044305696783
2023-04-06,23371.96,23515.5,23337.94,23475.05,77.94,0.33,14.23,1689.84,22.66,3.09,1.36,0.003331180645814724
2023-04-10,23494.48,23592.79,23491.2,23526.36,51.31,0.22,14.12,2130.7,22.64,3.09,1.36,0.002185724844036674
2023-04-11,23589.34,23691.33,23564.75,23652.45,126.09,0.54,14.63,2118.48,22.72,3.1,1.35,0.005359520129760931
2023-04-12,23665.44,23781.14,23659.27,23768.47,116.02,0.49,14.05,2297.97,22.87,3.12,1.35,0.004905200095550288
2023-04-13,23762.58,23805.92,23679.65,23789.46,20.99,0.09,12.95,1947.3,22.97,3.13,1.34,0.0008831026986590995
2023-04-17,23753.37,23761.19,23533.06,23706.0,-83.46,-0.35,20.68,3644.7,22.72,3.09,1.35,-0.0035082763543182738
2023-04-18,23726.87,23778.82,23626.67,23693.71,-12.29,-0.05,18.39,2417.1,22.48,3.08,1.36,-0.0005184341516916158
2023-04-19,23696.36,23707.16,23596.15,23629.61,-64.1,-0.27,19.11,2199.76,22.41,3.07,1.38,-0.00270535935486671
2023-04-20,23631.06,23710.25,23599.0,23638.12,8.51,0.04,12.71,1829.32,22.45,3.08,1.38,0.00036014136500761573
2023-04-21,23615.37,23685.49,23526.56,23611.55,-26.57,-0.11,23.63,1705.34,22.51,3.08,1.38,-0.0011240318604017752
2023-04-24,23663.52,23758.88,23610.97,23745.87,134.32,0.57,18.91,1900.04,22.46,3.08,1.37,0.005688741315161394
2023-04-25,23781.06,23830.46,23729.33,23787.08,41.21,0.17,21.77,2442.07,22.5,3.08,1.36,0.0017354596820415846
2023-04-26,23762.26,23868.69,23734.65,23851.41,64.33,0.27,23.26,2078.54,22.53,3.09,1.38,0.0027044092843677703
2023-04-27,23855.45,23998.4,23849.49,23983.88,132.47,0.56,25.61,2221.28,22.67,3.11,1.37,0.005553969346047127
2023-04-28,24011.35,24239.64,23987.72,24209.37,225.49,0.94,25.04,2792.03,22.78,3.12,1.37,0.009401731496321508
2023-05-02,24273.81,24388.67,24269.61,24344.14,134.77,0.56,24.93,3392.81,23.24,3.13,1.37,0.005566852834253844
2023-05-03,24295.16,24351.27,24250.39,24304.65,-39.49,-0.16,19.47,2396.35,23.24,3.13,1.37,-0.001622156297162225
2023-05-04,24327.21,24524.21,24288.93,24506.33,201.68,0.83,25.2,2416.4,23.43,3.16,1.36,0.008298000588364829
2023-05-05,24368.06,24491.83,24287.4,24306.42,-199.91,-0.82,20.47,2307.15,23.26,3.14,1.37,-0.008157484209182053
2023-05-08,24334.75,24563.57,24334.66,24543.58,237.16,0.98,19.15,2569.55,23.55,3.12,1.37,0.009757092982018989
2023-05-09,24575.14,24660.76,24490.82,24528.82,-14.76,-0.06,18.97,2559.2,23.48,3.11,1.37,-0.0006013792608903223
2023-05-10,24558.5,24614.2,24454.5,24603.76,74.94,0.31,18.61,1936.94,23.56,3.12,1.37,0.0030551816190096392
2023-05-11,24672.44,24688.83,24598.91,24631.35,27.59,0.11,19.99,2387.55,23.64,3.13,1.36,0.0011213733185497787
2023-05-12,24618.85,24667.46,24502.97,24622.46,-8.89,-0.04,13.04,2315.34,23.51,3.11,1.37,-0.00036092215814398365
2023-05-15,24641.26,24801.82,24600.51,24733.55,111.09,0.45,14.01,2443.04,23.63,3.13,1.36,0.004511734408340962
2023-05-16,24781.63,24802.82,24612.17,24639.78,-93.77,-0.38,19.76,2268.33,23.57,3.12,1.37,-0.0037912066808040157
2023-05-17,24642.52,24665.37,24444.81,24536.52,-103.26,-0.42,20.61,2305.52,23.42,3.1,1.38,-0.004190784170962525
2023-05-18,24650.25,24673.55,24410.92,24429.35,-107.17,-0.44,17.54,2210.18,23.19,3.07,1.4,-0.0043677750553053896
2023-05-19,24456.86,24522.89,24302.28,24504.07,74.72,0.31,14.88,2346.43,22.91,3.07,1.39,0.0030586159680876523
2023-05-22,24468.07,24678.06,24468.02,24655.58,151.51,0.62,23.04,3037.77,22.93,3.09,1.39,0.006183054488499318
2023-05-23,24714.83,24802.32,24696.28,24716.45,60.87,0.25,17.88,3006.77,22.99,3.1,1.39,0.002468812333759729
2023-05-24,24681.15,24795.79,24641.39,24673.29,-43.16,-0.17,22.94,3024.18,22.93,3.09,1.4,-0.0017462054623540446
2023-05-25,24647.12,24758.94,24610.29,24739.67,66.38,0.27,19.23,2405.43,22.98,3.09,1.4,0.0026903586834183812
2023-05-26,24763.41,24975.96,24760.72,24962.81,223.14,0.9,19.88,3830.71,23.22,3.11,1.38,0.009019522087400533
2023-05-29,25055.11,25134.58,25055.11,25080.82,118.01,0.47,23.0,2521.76,23.42,3.11,1.38,0.004727432528629505
2023-05-30,25074.05,25150.32,25049.67,25109.52,28.7,0.11,21.71,2961.45,23.41,3.11,1.38,0.0011443007046818554
2023-05-31,25068.47,25093.59,24963.55,25059.67,-49.85,-0.2,33.51,4880.55,23.4,3.11,1.38,-0.001985302785557086
2023-06-01,25090.7,25146.9,25020.92,25042.42,-17.25,-0.07,21.03,2569.37,23.43,3.11,1.38,-0.0006883570294421437
2023-06-02,25110.95,25168.97,25070.69,25122.99,80.57,0.32,20.24,2362.83,23.57,3.13,1.37,0.0032173408161033645
2023-06-05,25196.66,25262.93,25193.03,25201.2,78.21,0.31,20.71,2509.05,23.46,3.12,1.38,0.003113084867684801
2023-06-06,25200.45,25256.35,25134.2,25233.59,32.39,0.13,23.98,2800.82,23.5,3.12,1.38,0.001285256257638423
2023-06-07,25283.98,25447.95,25283.97,25431.1,197.51,0.78,48.92,2906.41,23.75,3.15,1.36,0.007827265165202268
2023-06-08,25451.18,25500.81,25278.11,25296.57,-134.53,-0.53,28.24,2790.42,23.61,3.14,1.37,-0.005289979591916905
2023-06-09,25302.54,25359.4,25210.97,25224.55,-72.02,-0.28,28.24,9356.32,23.58,3.13,1.37,-0.0028470262964505055
2023-06-12,25242.51,25329.43,25221.35,25302.89,78.34,0.31,21.74,2109.36,23.62,3.14,1.37,0.003105704561627398
2023-06-13,25329.03,25506.74,25329.02,25496.65,193.76,0.77,21.68,2631.58,23.82,3.16,1.36,0.007657623299156757
2023-06-14,25504.37,25562.86,25472.88,25549.04,52.39,0.21,29.59,3044.77,23.95,3.18,1.35,0.002054779745574331
2023-06-15,25536.11,25635.23,25476.79,25502.55,-46.49,-0.18,19.6,2764.36,23.82,3.17,1.35,-0.0018196378415784586
2023-06-16,25528.41,25744.31,25527.89,25698.79,196.24,0.77,23.49,2946.56,23.97,3.19,1.34,0.007694916782831518
2023-06-19,25738.4,25800.28,25598.09,25631.66,-67.13,-0.26,23.73,4208.43,23.92,3.18,1.35,-0.0026121852429628056
2023-06-20,25634.74,25749.76,25538.53,25716.36,84.7,0.33,21.99,9939.2,23.94,3.19,1.35,0.003304507004228352
2023-06-21,25776.39,25846.24,25728.74,25789.55,73.19,0.28,23.57,3749.55,24.03,3.2,1.34,0.0028460481965564277
2023-06-22,25813.0,25817.83,25605.12,25621.85,-167.7,-0.65,23.21,3444.8,23.92,3.19,1.35,-0.006502633818736725
2023-06-23,25585.68,25596.18,25398.63,25419.56,-202.29,-0.79,24.8,3320.6,23.69,3.15,1.36,-0.00789521443611596
2023-06-26,25392.29,25527.7,25392.29,25506.62,87.06,0.34,16.22,2227.08,23.77,3.17,1.36,0.003424921595810426
2023-06-27,25564.83,25673.97,25564.83,25660.64,154.02,0.6,13.42,2023.84,23.93,3.19,1.35,0.006038432375595093
2023-06-28,25747.06,25866.11,25736.27,25841.24,180.6,0.7,16.62,3587.45,24.09,3.21,1.34,0.007038016199128361
2023-06-30,25878.04,26092.65,25877.86,26078.65,237.41,0.92,22.55,5487.54,24.32,3.24,1.33,0.00918725262410014
2023-07-03,26132.03,26255.73,26132.03,26230.37,151.72,0.58,22.78,2715.63,24.52,3.26,1.32,0.005817785813299281
2023-07-04,26315.38,26350.0,26194.29,26278.33,47.96,0.18,32.62,2947.49,24.56,3.27,1.32,0.0018284149251421855
2023-07-05,26293.53,26365.18,26254.77,26343.66,65.33,0.25,20.72,2635.19,24.52,3.26,1.32,0.002486078833776606
2023-07-06,26341.47,26509.62,26323.18,26497.12,153.46,0.58,26.2,3670.98,24.58,3.27,1.32,0.005825310530123806
2023-07-07,26429.91,26533.71,26261.45,26294.33,-202.79,-0.77,21.06,3454.46,24.44,3.25,1.33,-0.007653284583380993
2023-07-10,26357.61,26378.93,26239.06,26276.81,-17.52,-0.07,17.19,2780.58,24.53,3.27,1.32,-0.0006663033437246391
2023-07-11,26349.56,26503.03,26348.93,26422.79,145.98,0.56,20.03,2991.0,24.73,3.29,1.31,0.005555468871601965
2023-07-12,26472.02,26506.23,26389.68,26408.0,-14.79,-0.06,17.31,3603.61,24.72,3.29,1.31,-0.0005597440694189437
2023-07-13,26495.21,26624.55,26346.76,26391.97,-16.03,-0.06,19.07,3370.3,25.45,3.4,1.29,-0.000607013026355574
2023-07-14,26476.16,26642.92,26438.12,26612.59,220.62,0.84,14.04,3040.44,25.51,3.41,1.28,0.008359360820734407
2023-07-17,26639.0,26799.95,26638.93,26780.18,167.59,0.63,20.4,2949.27,25.7,3.44,1.28,0.006297395330556066
2023-07-18,26846.38,26889.89,26702.13,26786.23,6.05,0.02,18.47,3007.33,25.72,3.45,1.28,0.00022591334337551672
2023-07-19,26823.97,26928.28,26795.96,26910.77,124.54,0.46,17.84,2571.32,25.66,3.44,1.27,0.004649403816811892
2023-07-20,26920.0,27061.06,26849.93,27045.09,134.32,0.5,21.18,2767.5,25.63,3.44,1.26,0.004991310170612051
2023-07-21,26858.12,26958.81,26775.48,26816.71,-228.38,-0.84,29.0,3855.9,25.42,3.41,1.27,-0.008444416343225347
2023-07-24,26810.19,26892.26,26737.18,26758.33,-58.38,-0.22,38.73,3318.89,25.2,3.4,1.28,-0.0021770008326896795
2023-07-25,26810.14,26837.04,26712.22,26808.31,49.98,0.19,25.43,3257.08,25.24,3.4,1.28,0.0018678295693341784
2023-07-26,26850.26,26993.9,26849.17,26934.87,126.56,0.47,28.55,2990.36,25.44,3.41,1.27,0.004720924220885214
2023-07-27,26994.22,27066.39,26775.05,26851.51,-83.36,-0.31,24.75,2921.09,25.16,3.4,1.28,-0.003094872928660952
2023-07-28,26865.08,26912.88,26786.1,26893.17,41.66,0.16,18.53,3522.0,24.66,3.39,1.28,0.0015514956142130831
2023-07-31,26907.48,27091.34,26881.22,27069.01,175.84,0.65,22.63,3338.51,24.8,3.42,1.27,0.006538463111637638
2023-08-01,27082.07,27137.43,27019.31,27054.6,-14.41,-0.05,27.35,4446.78,24.78,3.42,1.27,-0.0005323430742387725
2023-08-02,26961.27,26991.5,26592.81,26752.71,-301.89,-1.12,24.53,3112.93,24.42,3.37,1.28,-0.011158546051318385
2023-08-03,26671.57,26782.34,26489.35,26617.02,-135.69,-0.51,23.81,3690.04,24.28,3.35,1.29,-0.005072009527259058
2023-08-04,26711.68,26839.66,26711.53,26800.55,183.53,0.69,30.4,3650.29,24.17,3.39,1.28,0.0068952121612411155
2023-08-07,26833.31,26927.54,26813.76,26901.04,100.49,0.37,28.13,7726.72,23.9,3.39,1.26,0.003749549915953221
2023-08-08,26942.18,26956.17,26795.69,26888.29,-12.75,-0.05,25.75,3833.94,23.85,3.39,1.26,-0.00047395937108751784
2023-08-09,26889.46,26987.79,26781.44,26969.85,81.56,0.3,25.37,3613.08,23.97,3.4,1.26,0.003033290700152236
2023-08-10,26971.36,26991.59,26814.96,26875.85,-94.0,-0.35,24.65,3157.32,23.97,3.39,1.26,-0.0034853734818696136
2023-08-11,26915.04,26916.95,26726.11,26747.06,-128.79,-0.48,22.64,3102.75,23.86,3.38,1.27,-0.004792034484490615
2023-08-14,26669.85,26739.55,26436.8,26692.04,-55.02,-0.21,22.64,3102.75,23.73,3.37,1.27,-0.002057048512995485
2023-08-16,26615.99,26767.09,26552.31,26740.32,48.28,0.18,53.7,16972.59,23.78,3.37,1.27,0.001808778946831957
2023-08-17,26730.34,26768.94,26627.74,26655.59,-84.73,-0.32,18.87,2456.13,23.75,3.37,1.27,-0.003168623262548853
2023-08-18,26613.03,26661.52,26533.25,26584.59,-71.0,-0.27,23.22,5321.46,23.68,3.36,1.28,-0.002663606395506557
2023-08-21,26563.74,26769.54,26563.72,26735.62,151.03,0.57,17.06,2618.44,23.8,3.38,1.27,0.005681110748745777
2023-08-22,26778.1,26855.92,26768.58,26821.65,86.03,0.32,26.37,2771.86,23.92,3.39,1.26,0.003217804561854276
2023-08-23,26875.4,26943.59,26835.38,26892.81,71.16,0.27,29.73,3399.29,24.0,3.4,1.26,0.002653080627030846
2023-08-24,27008.15,27093.2,26833.29,26858.29,-34.52,-0.13,35.45,6304.9,24.06,3.41,1.26,-0.0012836144679563288
2023-08-25,26784.44,26821.08,26632.52,26690.68,-167.61,-0.62,34.35,6608.64,23.75,3.37,1.27,-0.006240531321986653
2023-08-28,26720.71,26842.65,26695.68,26774.43,83.75,0.31,45.31,6387.68,23.84,3.38,1.27,0.003137799411629727
2023-08-29,26842.47,26878.54,26815.37,26859.95,85.52,0.32,29.31,5013.63,23.89,3.39,1.26,0.0031940922738598054
2023-08-30,26953.67,27033.75,26912.13,26923.17,63.22,0.24,28.51,3352.29,23.94,3.4,1.26,0.002353690159512478
2023-08-31,26954.96,26994.12,26819.27,26848.76,-74.41,-0.28,31.94,5286.07,23.87,3.39,1.26,-0.002763790445181602
2023-09-01,26858.22,27099.27,26851.19,27079.48,230.72,0.86,82.04,9321.69,24.08,3.41,1.26,0.008593320510891456
2023-09-04,27151.77,27254.47,27127.4,27237.14,157.66,0.58,40.52,3964.85,24.23,3.44,1.25,0.005822120661105767
2023-09-05,27277.94,27373.01,27276.61,27353.85,116.71,0.43,34.17,3801.11,24.25,3.44,1.25,0.004284957965483782
2023-09-06,27366.46,27423.75,27268.41,27401.79,47.94,0.18,37.11,4240.84,24.26,3.44,1.25,0.0017525869301762143
2023-09-07,27407.71,27572.44,27380.74,27558.08,156.29,0.57,30.58,3649.95,24.48,3.47,1.24,0.005703641988351826
2023-09-08,27614.39,27768.6,27602.0,27718.99,160.91,0.58,33.04,4549.13,24.73,3.51,1.23,0.00583894088412551
2023-09-11,27813.07,27987.79,27806.3,27976.63,257.64,0.93,37.71,4294.8,24.9,3.53,1.23,0.009294710954475649
2023-09-12,28116.14,28128.9,27622.33,27677.59,-299.04,-1.07,53.83,6229.96,24.63,3.49,1.24,-0.010688921431923792
2023-09-13,27646.36,27803.53,27527.81,27781.84,104.25,0.38,38.25,4047.73,24.7,3.5,1.23,0.003766585168723191
2023-09-14,27875.49,27976.96,27816.64,27904.05,122.21,0.44,28.0,3405.18,24.78,3.51,1.23,0.004398916702421429
2023-09-15,27975.53,28043.32,27937.78,28008.55,104.5,0.37,46.62,3358.78,24.9,3.53,1.22,0.0037449760877006355
2023-09-18,27985.58,28014.8,27899.9,27917.97,-90.58,-0.32,44.11,3468.46,25.07,3.54,1.22,-0.003234012471191816
2023-09-20,27766.72,27856.47,27617.13,27661.22,-256.75,-0.92,27.69,3590.93,24.89,3.52,1.23,-0.009196585568363336
2023-09-21,27591.83,27620.89,27382.47,27428.96,-232.26,-0.84,25.58,2998.41,24.71,3.49,1.24,-0.00839659277501148
2023-09-22,27426.28,27521.65,27309.0,27356.12,-72.84,-0.27,27.81,3259.32,24.65,3.48,1.25,-0.0026555873791788143
2023-09-25,27381.84,27427.47,27261.74,27373.48,17.36,0.06,21.69,2906.9,24.59,3.48,1.25,0.0006345929174167431
2023-09-26,27402.95,27438.11,27338.49,27374.02,0.54,0.0,27.27,2666.31,24.56,3.47,1.25,1.9727122748003367e-05
2023-09-27,27397.34,27495.51,27284.97,27479.02,105.0,0.38,22.68,2786.99,24.67,3.49,1.24,0.0038357537548376897
2023-09-28,27596.4,27596.4,27179.98,27213.53,-265.49,-0.97,23.31,3005.3,24.49,3.46,1.25,-0.009661552704572474
2023-09-29,27320.35,27509.72,27270.73,27407.75,194.22,0.71,18.63,3334.53,24.69,3.49,1.24,0.007136891097920817
2023-10-03,27423.02,27423.04,27265.79,27341.58,-66.17,-0.24,25.49,2826.77,24.57,3.47,1.25,-0.0024142806323028676
2023-10-04,27294.04,27294.13,26997.77,27138.62,-202.96,-0.74,28.72,3313.15,24.4,3.45,1.26,-0.0074231262421557975
2023-10-05,27295.33,27310.66,27188.33,27251.23,112.61,0.41,28.18,2719.99,24.49,3.46,1.25,0.004149437222673802
2023-10-06,27352.06,27429.67,27316.18,27401.7,150.47,0.55,21.66,2882.11,24.64,3.48,1.25,0.00552158563118077
2023-10-09,27140.49,27266.72,27092.75,27133.98,-267.72,-0.98,23.52,2604.5,24.36,3.44,1.26,-0.00977019673961843
2023-10-10,27188.31,27441.59,27188.31,27414.77,280.79,1.03,20.99,2387.98,24.61,3.48,1.25,0.010348279168776564
2023-10-11,27537.99,27646.17,27527.73,27579.17,164.4,0.6,28.61,4820.98,24.83,3.51,1.24,0.005996767435947792
2023-10-12,27650.94,27665.9,27582.36,27603.17,24.0,0.09,20.37,2687.42,24.82,3.51,1.24,0.0008702219827501079
2023-10-13,27493.65,27631.89,27437.12,27560.74,-42.43,-0.15,19.94,3818.31,24.75,3.5,1.24,-0.0015371422919902011
2023-10-16,27564.19,27618.25,27500.96,27556.58,-4.16,-0.02,20.34,2712.81,24.76,3.49,1.24,-0.0001509393434283579
2023-10-17,27710.51,27720.53,27635.0,27677.66,121.08,0.44,20.86,2813.88,24.88,3.51,1.23,0.004393868905357534
2023-10-18,27719.12,27719.12,27462.31,27478.04,-199.62,-0.72,23.51,2819.91,24.39,3.38,1.24,-0.007212314913905282
2023-10-19,27357.21,27478.97,27259.46,27417.67,-60.37,-0.22,20.54,3373.45,24.33,3.37,1.24,-0.0021970271533195973
2023-10-20,27370.44,27399.73,27240.52,27261.48,-156.19,-0.57,26.96,5051.59,24.25,3.36,1.25,-0.005696691221391159
2023-10-23,27278.6,27285.63,26706.79,26746.23,-515.25,-1.89,24.89,2950.92,23.45,3.27,1.28,-0.018900294481444146
2023-10-25,26792.06,26879.89,26423.45,26550.02,-196.21,-0.73,22.41,2658.61,23.23,3.24,1.28,-0.0073359871652939335
2023-10-26,26433.23,26433.34,26091.16,26221.4,-328.62,-1.24,22.09,3643.98,22.93,3.19,1.3,-0.012377391806107862
2023-10-27,26377.91,26601.85,26353.42,26548.45,327.05,1.25,20.15,3525.97,23.23,3.23,1.29,0.012472636853867458
2023-10-30,26613.81,26664.45,26391.15,26644.35,95.9,0.36,21.32,2413.37,23.03,3.26,1.28,0.0036122636161433075
2023-10-31,26788.2,26791.3,26583.23,26605.19,-39.16,-0.15,24.27,2708.91,22.95,3.25,1.27,-0.001469729980277279
2023-11-01,26627.08,26650.19,26476.67,26494.41,-110.78,-0.42,36.99,2337.92,22.82,3.23,1.28,-0.004163849233927652
2023-11-02,26681.6,26766.93,26639.51,26745.39,250.98,0.95,26.49,2155.24,22.88,3.25,1.28,0.009472941650710442
2023-11-03,26902.74,26962.75,26887.51,26917.85,172.46,0.64,31.3,3745.8,22.94,3.27,1.27,0.0064482140660502285
2023-11-06,27101.87,27182.25,27050.41,27168.96,251.11,0.93,18.84,2614.24,23.29,3.29,1.26,0.00932875396809174
2023-11-07,27212.04,27224.36,27108.99,27210.7,41.74,0.15,22.02,2969.41,23.27,3.29,1.25,0.0015363120266658203
2023-11-08,27315.27,27334.15,27249.84,27315.13,104.43,0.38,26.62,3016.64,23.2,3.3,1.25,0.0038378285012881097
2023-11-09,27369.44,27369.44,27248.79,27262.45,-52.68,-0.19,23.03,2777.06,23.13,3.28,1.26,-0.0019286014747138536
2023-11-10,27251.63,27337.92,27155.71,27307.15,44.7,0.16,19.46,3025.57,23.11,3.28,1.25,0.001639617862664533
2023-11-12,27547.17,27547.17,27457.76,27472.3,165.15,0.6,4.98,689.14,23.22,3.29,1.25,0.006047866584392603
2023-11-13,27451.05,27451.41,27340.81,27397.03,-75.27,-0.27,24.98,2753.17,23.18,3.29,1.25,-0.0027398506859637184
2023-11-15,27614.98,27715.91,27604.62,27696.7,299.67,1.09,25.71,3116.69,23.41,3.32,1.24,0.010938046934284573
2023-11-16,27732.28,27950.88,27668.12,27830.55,133.85,0.48,24.42,3230.15,23.37,3.32,1.23,0.004832705701401263
2023-11-17,27786.41,27918.65,27741.1,27841.96,11.41,0.04,34.01,4008.88,23.44,3.33,1.23,0.0004099811178721602
2023-11-20,27882.45,27897.67,27779.56,27803.07,-38.89,-0.14,25.67,2939.22,23.41,3.32,1.23,-0.0013968125807234388
2023-11-21,27883.55,27938.26,27865.92,27878.73,75.66,0.27,20.86,2620.68,23.47,3.33,1.22,0.002721282218114851
2023-11-22,27880.5,27924.19,27738.68,27880.71,1.98,0.01,21.6,2528.06,23.5,3.33,1.22,7.102188657803765e-05
2023-11-23,27924.02,27985.41,27884.75,27900.93,20.22,0.07,17.47,3139.16,23.5,3.33,1.22,0.0007252326070605886
2023-11-24,27935.15,27972.26,27888.31,27903.66,2.73,0.01,18.7,3610.94,23.51,3.34,1.22,9.784620082564643e-05
2023-11-28,27975.19,28083.77,27937.58,28057.77,154.11,0.55,20.67,3695.56,23.65,3.36,1.21,0.0055229314003970575
2023-11-29,28177.37,28320.31,28177.37,28305.34,247.57,0.88,50.62,7115.32,23.86,3.39,1.2,0.008823580776376794
2023-11-30,28364.34,28467.88,28221.71,28442.43,137.09,0.48,26.66,5525.24,23.96,3.4,1.19,0.004843255724891415
2023-12-01,28553.41,28681.71,28542.41,28639.22,196.79,0.69,22.28,5601.01,24.14,3.43,1.18,0.006918888435341275
2023-12-04,29083.87,29182.92,28960.84,29164.88,525.66,1.84,32.02,9759.41,24.52,3.48,1.17,0.018354550158838023
2023-12-05,29286.41,29405.48,29184.09,29393.89,229.01,0.79,28.35,6472.49,24.71,3.51,1.16,0.007852252435120555
2023-12-06,29518.77,29574.32,29411.7,29540.16,146.27,0.5,26.73,5965.07,24.92,3.54,1.15,0.004976204238363868
2023-12-07,29585.11,29608.05,29448.92,29584.41,44.25,0.15,48.29,9157.7,24.93,3.54,1.15,0.001497960742257387
2023-12-08,29674.33,29711.71,29399.54,29581.0,-3.41,-0.01,118.75,11278.67,24.92,3.54,1.15,-0.00011526341069501012
2023-12-11,29649.85,29702.91,29610.28,29686.17,105.17,0.36,27.64,4576.02,25.04,3.55,1.14,0.00355532267333758
2023-12-12,29758.44,29758.8,29469.13,29547.24,-138.93,-0.47,36.53,4164.42,24.92,3.54,1.15,-0.0046799570304959515
2023-12-13,29613.35,29674.28,29409.52,29646.19,98.95,0.33,28.33,4486.85,24.97,3.54,1.15,0.0033488745480119153
2023-12-14,29872.35,30030.31,29872.35,29999.07,352.88,1.19,39.35,6340.38,25.3,3.59,1.14,0.011903047238110531
2023-12-15,30131.36,30295.6,30072.73,30266.81,267.74,0.89,37.13,6750.94,25.54,3.63,1.13,0.00892494333991034
2023-12-18,30289.67,30355.49,30155.47,30279.67,12.86,0.04,34.55,5725.93,25.45,3.63,1.13,0.0004248878557071567
2023-12-19,30366.07,30385.16,30144.97,30303.95,24.28,0.08,32.07,5705.38,25.41,3.63,1.13,0.0008018581444251272
2023-12-20,30439.34,30518.11,29613.88,29685.12,-618.83,-2.04,46.14,7349.42,24.92,3.56,1.15,-0.02042077022962363
2023-12-21,29411.68,29985.55,29379.79,29949.13,264.01,0.89,35.6,4945.7,25.1,3.58,1.14,0.00889368141344904
2023-12-22,30088.68,30181.01,29932.1,30123.53,174.4,0.58,28.95,6234.45,25.32,3.61,1.14,0.0058232075522728355
2023-12-26,30191.21,30316.55,30141.18,30277.19,153.66,0.51,22.02,3793.53,25.44,3.63,1.13,0.005100995799629082
2023-12-27,30386.13,30529.82,30340.25,30502.3,225.11,0.74,21.59,3946.77,25.57,3.65,1.12,0.0074349700219868975
2023-12-28,30607.74,30692.8,30533.54,30671.72,169.42,0.56,28.3,4401.28,25.75,3.67,1.12,0.005554335246850339
2023-12-29,30695.81,30755.42,30582.26,30720.28,48.56,0.16,56.62,6026.74,25.81,3.68,1.11,0.0015832173741805455
2024-01-01,30769.54,30901.84,30707.9,30785.67,65.39,0.21,46.43,4289.84,25.85,3.69,1.11,0.002128561328217149
2024-01-02,30859.72,30859.8,30475.32,30702.07,-83.6,-0.27,41.56,4778.88,25.75,3.67,1.12,-0.0027155491499778472
2024-01-03,30733.62,30739.77,30592.64,30621.23,-80.84,-0.26,35.52,5472.93,25.69,3.66,1.12,-0.0026330472179888487
2024-01-04,30771.25,30922.83,30733.36,30891.8,270.57,0.88,33.66,4650.67,25.95,3.7,1.11,0.00883602650840598
2024-01-05,31002.43,31047.46,30816.61,30971.04,79.24,0.26,46.52,5801.64,26.04,3.71,1.1,0.002565081995869578
2024-01-08,31055.95,31056.07,30673.13,30694.41,-276.63,-0.89,44.17,5278.21,25.76,3.67,1.12,-0.008931892503448391
2024-01-09,30904.98,30977.92,30731.04,30761.38,66.97,0.22,46.13,5178.6,25.83,3.68,1.11,0.0021818305026877205
2024-01-10,30797.06,30881.22,30606.2,30858.6,97.22,0.32,34.97,4592.57,25.92,3.7,1.11,0.00316045639044793
2024-01-11,30989.8,31032.87,30882.5,30961.04,102.44,0.33,30.2,5151.72,26.02,3.71,1.11,0.003319658053184682
2024-01-12,31134.98,31274.58,31047.75,31215.69,254.65,0.82,34.77,7363.46,26.25,3.74,1.09,0.008224852911917546
2024-01-15,31418.78,31459.22,31253.65,31440.7,225.01,0.72,37.54,5911.62,26.41,3.76,1.09,0.00720823406434401
2024-01-16,31473.62,31500.8,31207.65,31346.19,-94.51,-0.3,43.88,6093.99,26.28,3.75,1.09,-0.003005976330043625
2024-01-17,30991.83,31159.26,30784.45,30808.23,-537.96,-1.72,37.48,5570.66,25.79,3.68,1.12,-0.01716189431634274
2024-01-18,30668.72,30778.23,30264.47,30693.11,-115.12,-0.37,40.46,6772.43,25.56,3.66,1.12,-0.003736663871958812
2024-01-19,30950.27,31024.05,30886.56,31000.47,307.36,1.0,36.9,8354.22,25.83,3.7,1.1,0.010013973820183208
2024-01-20,31154.28,31179.18,30967.05,30992.54,-7.93,-0.03,24.61,4442.02,25.81,3.7,1.11,-0.0002558025733158109
2024-01-23,31198.9,31237.61,30298.09,30370.48,-622.06,-2.01,43.77,7449.01,25.09,3.61,1.13,-0.020071281669717944
2024-01-24,30365.49,30787.84,30176.35,30756.68,386.2,1.27,41.83,7779.26,25.4,3.65,1.11,0.012716295560689206
2024-01-25,30804.3,30809.15,30501.64,30669.27,-87.41,-0.28,52.78,16473.02,25.29,3.63,1.12,-0.00284198424537363
2024-01-29,30804.55,31198.54,30774.16,31175.72,506.45,1.65,40.07,6800.81,25.35,3.68,1.1,0.01651327207983755
2024-01-30,31273.14,31308.02,30928.54,30948.54,-227.18,-0.73,40.17,6209.36,25.17,3.66,1.11,-0.007287081100292192
2024-01-31,30979.73,31317.81,30910.45,31303.35,354.81,1.15,31.18,5896.52,25.5,3.7,1.11,0.011464514965811023
2024-02-01,31437.09,31437.12,31147.88,31254.33,-49.02,-0.16,64.34,13643.22,25.43,3.7,1.11,-0.0015659665818513746
2024-02-02,31417.18,31768.37,31416.87,31471.57,217.24,0.7,44.44,7875.92,25.56,3.72,1.1,0.006950716908665111
2024-02-05,31597.98,31671.84,31303.72,31374.18,-97.39,-0.31,48.74,7849.13,25.41,3.7,1.11,-0.0030945389759710062
2024-02-06,31505.48,31680.92,31335.34,31661.8,287.62,0.92,46.01,6314.68,25.74,3.74,1.11,0.009167410909225238
2024-02-07,31855.61,31868.88,31628.07,31776.4,114.6,0.36,67.69,7728.42,25.86,3.75,1.1,0.003619503628978782
2024-02-08,31936.4,31938.81,31525.87,31590.02,-186.38,-0.59,56.24,7675.48,25.71,3.73,1.11,-0.0058653591973918395
2024-02-09,31631.74,31658.35,31195.77,31540.02,-50.0,-0.16,55.8,8127.93,25.58,3.72,1.11,-0.0015827783584815291
2024-02-12,31623.31,31624.28,31038.1,31097.18,-442.84,-1.4,39.07,6166.0,25.21,3.67,1.13,-0.014040574482831691
2024-02-13,31138.08,31292.2,30845.83,31273.51,176.33,0.57,37.9,5762.5,25.35,3.69,1.12,0.005670289074443335
2024-02-14,31049.72,31523.15,30956.23,31494.22,220.71,0.71,32.59,5717.8,25.48,3.71,1.12,0.007057410568880984
2024-02-15,31638.37,31723.05,31547.1,31678.93,184.71,0.59,82.07,8970.38,25.64,3.74,1.11,0.005864885683785737
2024-02-16,31842.84,31923.56,31777.71,31880.95,202.02,0.64,28.74,6762.15,25.76,3.76,1.1,0.006377109327871944
2024-02-19,32021.25,32095.01,31896.17,31997.65,116.7,0.37,41.88,5308.71,25.88,3.77,1.1,0.0036604931785282346
2024-02-20,32041.18,32071.64,31925.11,32046.82,49.17,0.15,27.56,7946.28,25.94,3.78,1.1,0.0015366753495960062
2024-02-21,32148.48,32160.54,31743.78,31818.7,-228.12,-0.71,30.94,5356.34,25.76,3.76,1.1,-0.007118334986123354
2024-02-22,31895.99,32104.94,31634.14,32072.1,253.4,0.8,33.06,5405.8,25.92,3.78,1.1,0.00796387030268364
2024-02-23,32196.35,32200.71,32064.12,32115.37,43.27,0.13,42.4,5335.53,25.97,3.79,1.1,0.0013491477015847853
2024-02-26,32123.05,32152.7,31957.62,32025.05,-90.32,-0.28,29.26,4206.08,25.89,3.78,1.1,-0.0028123605613137315
2024-02-27,32041.91,32136.82,31988.8,32079.15,54.1,0.17,29.13,5297.26,25.94,3.78,1.1,0.0016893025928141903
2024-02-28,32147.48,32148.0,31601.94,31639.8,-439.35,-1.37,43.96,4312.21,25.6,3.73,1.11,-0.013695811765586097
2024-02-29,31637.08,31877.82,31470.28,31777.02,137.22,0.43,34.61,6696.0,25.73,3.75,1.11,0.004336942711395286
2024-03-01,31900.97,32199.66,31890.43,32180.25,403.23,1.27,29.94,5862.64,26.06,3.8,1.09,0.012689358536451811
2024-03-02,32284.03,32313.04,32256.09,32285.63,105.38,0.33,3.21,515.77,26.14,3.81,1.09,0.0032746793452507195
2024-03-04,32348.79,32370.08,32233.45,32299.06,13.43,0.04,19.41,4957.96,26.13,3.81,1.09,0.00041597453727870715
2024-03-05,32300.31,32317.23,32148.3,32226.64,-72.42,-0.22,26.68,6207.09,26.07,3.8,1.09,-0.002242170515179165
2024-03-06,32214.13,32241.94,31848.95,32220.89,-5.75,-0.02,49.87,8474.43,26.1,3.8,1.09,-0.00017842381334198798
2024-03-07,32305.42,32368.5,32236.43,32311.54,90.65,0.28,20.29,4702.49,26.2,3.82,1.09,0.002813392181283625
2024-03-11,32380.64,32383.0,32049.7,32079.33,-232.21,-0.72,23.73,10955.85,25.97,3.78,1.1,-0.007186596491532082
2024-03-12,32109.97,32148.81,31852.09,31899.19,-180.14,-0.56,25.37,3852.96,25.83,3.76,1.1,-0.005615453938720094
2024-03-13,31988.96,32018.73,30927.55,31073.54,-825.65,-2.59,82.22,23418.06,25.13,3.66,1.14,-0.025883102360906296
2024-03-14,30910.88,31535.24,30878.95,31509.46,435.92,1.4,36.58,4800.75,25.5,3.71,1.12,0.014028655891797248
2024-03-15,31473.02,31543.8,31123.57,31360.67,-148.79,-0.47,29.82,5461.37,25.39,3.7,1.12,-0.004722073942238336
2024-03-18,31335.49,31471.01,31187.92,31387.34,26.67,0.09,18.59,3259.13,25.42,3.7,1.12,0.0008504282593453372
2024-03-19,31339.88,31339.88,31002.5,31023.13,-364.21,-1.16,19.65,13764.29,25.1,3.66,1.14,-0.011603723029731117
2024-03-20,31091.94,31160.58,30800.77,31058.15,35.02,0.11,19.43,3350.28,25.09,3.65,1.14,0.0011288351626672632
2024-03-21,31292.38,31497.19,31292.38,31469.62,411.47,1.32,17.36,3158.11,25.45,3.71,1.12,0.013248374420240738
2024-03-22,31385.29,31707.2,31327.15,31622.7,153.08,0.49,24.58,5700.11,25.53,3.72,1.12,0.004864373958122226
2024-03-26,31513.77,31694.42,31490.75,31635.97,13.27,0.04,24.73,6306.59,25.69,3.75,1.12,0.0004196352620111643
2024-03-27,31758.44,31895.14,31731.13,31765.52,129.55,0.41,27.91,6526.87,25.73,3.75,1.11,0.004095022216799471
2024-03-28,31882.43,32227.97,31857.44,32043.2,277.68,0.87,42.95,6353.26,25.91,3.78,1.1,0.00874155373499308
2024-04-01,32231.47,32413.64,32231.47,32393.59,350.39,1.09,23.29,3705.45,26.2,3.82,1.09,0.010934925350776448
2024-04-02,32454.29,32534.53,32379.74,32513.29,119.7,0.37,22.86,3827.76,26.3,3.84,1.09,0.0036951754961398464
2024-04-03,32492.22,32654.66,32399.25,32567.82,54.53,0.17,27.52,4323.72,26.34,3.84,1.09,0.0016771603242857758
2024-04-04,32810.54,32832.4,32459.78,32655.68,87.86,0.27,34.42,4301.12,26.4,3.85,1.08,0.0026977550232101244
2024-04-05,32685.9,32751.68,32571.64,32723.97,68.29,0.21,28.34,4449.53,26.56,3.88,1.08,0.002091213534674452
2024-04-08,32894.51,32965.87,32815.59,32890.84,166.87,0.51,35.81,4595.94,26.61,3.88,1.08,0.005099320161948473
2024-04-09,33061.95,33061.97,32780.17,32848.16,-42.68,-0.13,24.62,7615.37,26.61,3.88,1.08,-0.0012976257219332599
2024-04-10,32980.46,33075.63,32907.27,33045.8,197.64,0.6,22.85,3983.19,26.78,3.91,1.07,0.0060167753688487036
2024-04-12,33018.82,33070.85,32755.43,32772.26,-273.54,-0.83,31.33,5263.89,26.52,3.87,1.08,-0.008277602600027856
2024-04-15,32074.46,32588.12,32074.46,32365.11,-407.15,-1.24,36.85,5667.18,26.23,3.83,1.09,-0.012423616802747284
2024-04-16,32168.83,32378.45,32114.09,32269.59,-95.52,-0.3,28.51,3999.23,26.11,3.81,1.1,-0.00295132628932826
2024-04-18,32434.25,32559.2,32043.56,32097.36,-172.23,-0.53,25.35,4590.73,26.01,3.8,1.1,-0.00533722306357165
2024-04-19,31862.72,32263.26,31654.71,32199.48,102.12,0.32,26.38,4960.99,26.08,3.81,1.1,0.003181570073052642
2024-04-22,32464.05,32528.99,32327.02,32489.88,290.4,0.9,42.32,4364.83,26.0,3.82,1.09,0.009018779185254067
2024-04-23,32669.61,32671.16,32552.77,32589.5,99.62,0.31,53.15,4414.48,26.08,3.83,1.09,0.0030661855322333675
2024-04-24,32710.64,32785.97,32679.14,32716.27,126.77,0.39,45.87,4245.16,26.19,3.82,1.09,0.003889903189677746
2024-04-25,32671.61,32970.57,32644.95,32929.34,213.07,0.65,225.2,7263.94,26.32,3.84,1.09,0.006512661742918535
2024-04-26,33023.06,33047.85,32849.24,32877.25,-52.09,-0.16,77.1,7450.37,25.81,3.83,1.09,-0.001581871971925275
2024-04-29,33034.96,33156.76,32912.05,33139.16,261.91,0.8,55.27,5181.97,25.81,3.81,1.09,0.007966298884487077
2024-04-30,33245.62,33381.68,33104.01,33142.57,3.41,0.01,39.33,5030.01,26.01,3.83,1.09,0.00010289940964103295
2024-05-02,33179.4,33349.76,33165.14,33282.09,139.52,0.42,35.07,6402.42,26.14,3.83,1.1,0.004209691644311064
2024-05-03,33462.68,33476.11,32885.29,33078.63,-203.46,-0.61,41.26,5513.31,25.98,3.81,1.14,-0.006113197819007099
2024-05-06,33242.19,33244.57,32849.45,32940.93,-137.7,-0.42,33.24,5700.01,25.71,3.77,1.15,-0.004162808435536736
2024-05-07,33007.73,33011.2,32459.12,32590.07,-350.86,-1.07,49.53,5024.03,25.43,3.73,1.16,-0.010651186836558635
2024-05-08,32504.18,32798.52,32404.17,32701.87,111.8,0.34,48.37,4187.06,25.58,3.74,1.16,0.0034304927850723477
2024-05-09,32762.61,32762.61,32095.86,32131.88,-569.99,-1.74,26.57,5138.44,25.1,3.67,1.18,-0.01742989009497009
2024-05-10,32215.14,32357.61,32080.2,32334.65,202.77,0.63,25.08,4746.66,25.22,3.69,1.17,0.006310555124692474
2024-05-13,32328.2,32452.46,31897.0,32412.12,77.47,0.24,21.95,4856.29,25.27,3.67,1.21,0.0023958818171836427
2024-05-14,32462.17,32714.79,32406.09,32674.67,262.55,0.81,26.29,4046.51,25.47,3.7,1.21,0.008100364925219372
2024-05-15,32779.35,32867.53,32669.11,32755.09,80.42,0.25,20.13,3778.02,25.5,3.71,1.2,0.0024612337324294575
2024-05-16,32913.12,33088.13,32643.15,33056.88,301.79,0.92,22.61,4927.34,25.72,3.73,1.22,0.0092135298666558
2024-05-17,33121.26,33289.64,33059.89,33267.49,210.61,0.64,29.41,5006.36,25.88,3.76,1.22,0.006371139684083982
2024-05-18,33345.05,33422.48,33345.05,33379.66,112.17,0.34,5.44,878.53,25.95,3.76,1.21,0.0033717602379983447
2024-05-21,33390.16,33520.54,33275.03,33456.67,77.01,0.23,28.87,5307.61,26.02,3.76,1.18,0.0023070936013127596
2024-05-22,33598.11,33598.11,33326.87,33547.23,90.56,0.27,30.01,6000.38,25.99,3.76,1.18,0.0027067846262047723
2024-05-23,33615.52,33964.21,33562.86,33941.03,393.8,1.17,44.46,6104.43,26.3,3.81,1.18,0.011738674102153679
2024-05-24,33929.64,34068.19,33873.48,33931.48,-9.55,-0.03,81.58,6711.22,26.33,3.81,1.18,-0.0002813703650124122
2024-05-27,34089.61,34136.87,33866.61,33947.66,16.18,0.05,47.02,5841.95,26.2,3.78,1.18,0.0004768433325041954
2024-05-28,34057.62,34057.62,33724.3,33782.89,-164.77,-0.49,27.97,6507.38,26.04,3.76,1.19,-0.004853648233781205
2024-05-29,33670.35,33743.07,33572.2,33584.03,-198.86,-0.59,25.39,5637.6,25.88,3.73,1.2,-0.005886411730908758
2024-05-30,33558.12,33590.42,33165.47,33247.27,-336.76,-1.0,67.54,6748.89,25.64,3.69,1.21,-0.010027385039853787
2024-05-31,33408.12,33475.8,33206.07,33344.28,97.01,0.29,46.48,7047.15,25.71,3.7,1.2,0.0029178335544544076
2024-06-03,34568.16,34634.55,34179.86,34449.55,1105.27,3.31,58.02,10495.38,24.75,3.91,0.96,0.03314721445477309
2024-06-04,34442.88,34444.79,31041.54,32132.96,-2316.59,-6.72,90.52,17028.3,23.09,3.65,1.07,-0.06724587113619784
2024-06-05,32560.06,33345.55,31812.96,33289.72,1156.76,3.6,58.77,19088.24,23.92,3.78,1.04,0.035999173434380305
2024-06-06,33646.87,33921.45,33515.62,33779.99,490.27,1.47,39.49,6946.27,24.27,3.84,1.02,0.014727369289978975
2024-06-07,33828.11,34427.4,33726.11,34402.7,622.71,1.84,42.88,8652.95,24.72,3.91,1.01,0.018434286096591368
2024-06-10,34603.74,34663.91,34395.85,34463.5,60.8,0.18,36.6,6485.09,24.76,3.91,0.99,0.0017673031477181134
2024-06-11,34586.15,34713.83,34433.79,34539.46,75.96,0.22,35.74,8635.32,24.82,3.92,1.0,0.0022040709736388386
2024-06-12,34669.1,34810.62,34629.13,34704.05,164.59,0.48,30.53,4880.48,24.94,3.94,1.0,0.004765274268908826
2024-06-13,34951.04,34959.06,34758.67,34884.01,179.96,0.52,34.09,6293.87,25.2,3.92,0.99,0.0051855619156842
2024-06-14,34972.31,35122.02,34852.18,35099.19,215.18,0.62,31.57,6724.75,25.36,3.95,1.01,0.006168442217508785
2024-06-18,35248.66,35287.63,35161.29,35276.03,176.84,0.5,24.63,7156.36,25.49,3.97,0.98,0.005038292906474284
2024-06-19,35394.82,35399.34,34965.05,35111.45,-164.58,-0.47,38.8,8913.68,25.37,3.95,0.99,-0.004665490986372367
2024-06-20,35223.33,35280.06,35047.52,35240.94,129.49,0.37,25.48,5741.3,25.46,3.96,0.99,0.003687970733194046
2024-06-21,35369.15,35380.28,35046.1,35112.57,-128.37,-0.36,38.68,9285.16,25.37,3.95,1.02,-0.003642638363221984
2024-06-24,35010.04,35236.0,34870.6,35206.43,93.86,0.27,25.52,5649.28,25.49,3.99,0.99,0.002673116778407314
2024-06-25,35323.54,35366.15,35201.5,35334.24,127.81,0.36,22.35,7131.67,25.59,4.0,0.99,0.0036303027600355087
2024-06-26,35371.54,35484.68,35243.12,35440.26,106.02,0.3,42.98,11528.39,25.66,4.01,0.99,0.0030004890440549215
2024-06-27,35503.7,35655.41,35383.04,35601.65,161.39,0.46,38.94,9430.05,25.78,4.03,0.98,0.004553860496508744
2024-06-28,35706.07,35814.54,35596.95,35633.91,32.26,0.09,32.85,7281.8,25.8,4.04,1.0,0.0009061377773220691
2024-07-01,35695.48,35914.7,35648.75,35894.4,260.49,0.73,23.17,6172.82,25.99,4.07,0.97,0.007310171687586298
2024-07-02,36046.88,36050.21,35689.03,35821.13,-73.27,-0.2,22.55,4925.12,25.94,4.06,0.98,-0.002041265489881594
2024-07-03,36049.44,36128.78,35960.08,36096.07,274.94,0.77,22.41,5152.13,26.14,4.09,0.97,0.007675358091718598
2024-07-04,36238.58,36267.7,36125.75,36195.72,99.65,0.28,22.2,7019.99,26.21,4.1,0.97,0.0027606883519453174
2024-07-05,36160.32,36355.66,36079.11,36315.81,120.09,0.33,38.05,8924.89,26.3,4.11,0.98,0.003317795584671268
2024-07-08,36363.36,36394.14,36176.6,36281.82,-33.99,-0.09,68.65,22858.04,26.27,4.11,0.97,-0.0009359559927204497
2024-07-09,36414.51,36464.81,36300.52,36444.29,162.47,0.45,29.26,6709.76,26.39,4.13,0.97,0.004478000276722627
2024-07-10,36544.14,36544.18,35848.54,36308.37,-135.92,-0.37,32.42,8072.53,26.29,4.11,0.98,-0.0037295280001338194
2024-07-11,36443.98,36443.98,36200.36,36357.56,49.19,0.14,31.45,6036.14,26.3,4.11,0.98,0.0013547840346452844
2024-07-12,36472.54,36644.17,36372.26,36485.93,128.37,0.35,25.88,7717.99,26.37,4.15,0.99,0.0035307649908300487
2024-07-15,36611.5,36703.81,36470.76,36662.6,176.67,0.48,24.39,6179.59,26.5,4.17,0.97,0.004842140518276361
2024-07-16,36753.59,36790.93,36624.87,36656.1,-6.5,-0.02,25.53,5275.66,26.48,4.17,0.98,-0.00017729239061059499
2024-07-18,36619.36,36703.13,36335.22,36662.75,6.65,0.02,24.3,6552.23,26.48,4.17,0.98,0.00018141591713249916
2024-07-19,36708.07,36708.07,36067.01,36100.97,-561.78,-1.53,25.61,7121.11,26.06,4.11,1.02,-0.015322909492604841
2024-07-22,35958.5,36338.73,35817.53,36241.36,140.39,0.39,21.85,6009.31,26.03,4.14,0.99,0.0038888151758802447
2024-07-23,36378.83,36386.09,35251.61,36120.05,-121.31,-0.33,35.64,8217.64,25.94,4.13,1.0,-0.00334728056562994
2024-07-24,36139.06,36277.41,36054.61,36204.55,84.5,0.23,20.21,5070.61,25.99,4.14,1.0,0.00233942090334871
2024-07-25,35966.98,36235.3,35910.37,36199.79,-4.76,-0.01,27.7,6158.12,25.97,4.14,1.0,-0.00013147518751099874
2024-07-26,36307.23,36822.66,36281.36,36795.89,596.1,1.65,27.46,8393.81,26.4,4.2,0.99,0.01646694635521362
2024-07-29,37006.2,37120.76,36852.34,36963.28,167.39,0.45,29.32,7724.46,26.48,4.22,0.96,0.004549149375106865
2024-07-30,37017.92,37171.52,36939.02,37033.62,70.34,0.19,23.53,8696.55,26.4,4.23,0.96,0.0019029696498795712
2024-07-31,37178.13,37202.61,37064.72,37172.81,139.19,0.38,21.96,5114.32,26.68,4.25,0.96,0.003758476757065532
2024-08-01,37296.23,37338.48,37006.9,37132.84,-39.97,-0.11,19.19,5498.62,26.64,4.24,0.96,-0.0010752482795893803
2024-08-02,36802.66,36950.24,36695.19,36747.98,-384.86,-1.04,25.18,7127.0,26.18,4.2,0.99,-0.010364410586424122
2024-08-05,35566.26,36134.37,35394.27,35615.95,-1132.03,-3.08,36.47,9262.77,25.35,4.07,1.0,-0.030805230654855187
2024-08-06,35740.46,36202.6,35410.95,35461.87,-154.08,-0.43,23.13,5418.94,25.19,4.05,1.0,-0.004326151625886565
2024-08-07,35968.47,36143.01,35798.32,36117.84,655.97,1.85,15.74,4420.63,25.69,4.13,1.01,0.018497896473028463
2024-08-08,36154.86,36188.76,35838.73,35872.01,-245.83,-0.68,20.38,4612.89,25.48,4.1,1.02,-0.006806331718618663
2024-08-09,36306.91,36310.62,36129.98,36210.76,338.75,0.94,18.44,4772.98,25.72,4.14,1.02,0.009443295761793147
2024-08-12,35994.98,36320.52,35949.63,36201.68,-9.08,-0.03,20.78,6491.66,25.7,4.14,1.01,-0.0002507541957142978
2024-08-13,36259.57,36269.64,35835.31,35861.57,-340.11,-0.94,20.71,5119.84,25.43,4.1,1.02,-0.009394867862486
2024-08-14,35963.88,35963.88,35711.09,35810.03,-51.54,-0.14,16.58,4064.22,25.37,4.09,1.02,-0.0014371930732536287
2024-08-16,36086.59,36439.03,35941.76,36416.03,606.0,1.69,16.64,5057.86,25.78,4.17,1.01,0.016922633128204634
2024-08-19,36579.83,36630.11,36489.17,36543.64,127.61,0.35,15.66,4879.94,25.86,4.18,1.02,0.003504226023539614
2024-08-20,36691.61,36782.44,36602.66,36766.36,222.72,0.61,36.08,10137.55,26.02,4.21,1.01,0.006094630967249159
2024-08-21,36777.26,36922.88,36730.02,36903.21,136.85,0.37,16.08,5304.33,26.12,4.22,1.01,0.003722152532913192
2024-08-22,37066.92,37068.73,36974.25,37012.52,109.31,0.3,16.06,5009.45,26.19,4.23,0.99,0.0029620729470416496
2024-08-23,37095.64,37107.6,36943.0,36972.8,-39.72,-0.11,19.99,6638.33,26.17,4.23,1.0,-0.0010731503826271194
2024-08-26,37142.32,37223.59,37055.6,37195.12,222.32,0.6,15.06,5365.25,26.32,4.25,0.99,0.006013069066989729
2024-08-27,37257.48,37310.85,37195.05,37257.85,62.73,0.17,15.21,6310.95,26.37,4.26,0.99,0.0016865115638824424
2024-08-28,37338.79,37376.32,37175.01,37276.16,18.31,0.05,14.79,4306.88,26.38,4.26,0.99,0.0004914400589406398
2024-08-29,37309.08,37352.52,37097.26,37302.5,26.34,0.07,19.1,17524.85,26.4,4.27,0.99,0.0007066178490486852
2024-08-30,37489.0,37517.84,37373.89,37459.06,156.56,0.42,17.91,5288.98,27.65,4.31,0.99,0.004197037732055486
2024-09-02,37621.5,37621.51,37402.88,37502.59,43.53,0.12,18.53,5439.34,27.68,4.32,0.99,0.0011620686691016235
2024-09-03,37596.85,37601.04,37524.64,37548.28,45.69,0.12,12.98,5246.11,27.71,4.32,0.99,0.001218315854984997
2024-09-04,37157.61,37507.69,37156.49,37487.02,-61.26,-0.16,14.02,4789.17,27.67,4.31,0.99,-0.0016314994987787212
2024-09-05,37601.71,37635.72,37476.54,37496.8,9.78,0.03,14.5,4357.88,27.68,4.32,0.99,0.0002608903028302745
2024-09-06,37528.96,37548.67,36983.31,37054.24,-442.56,-1.18,31.44,6150.95,27.35,4.26,1.0,-0.011802607155810718
2024-09-09,36974.84,37139.62,36766.44,37097.47,43.23,0.12,19.62,4221.55,27.38,4.27,1.0,0.001166668105998303
2024-09-10,37237.04,37417.13,37138.37,37313.25,215.78,0.58,15.82,3890.28,27.54,4.3,1.01,0.005816569162263585
2024-09-11,37366.22,37436.06,37091.18,37140.18,-173.07,-0.46,32.68,7700.9,27.42,4.28,1.02,-0.004638298727663748
2024-09-12,37355.85,37764.11,37242.73,37720.89,580.71,1.56,34.23,8556.05,27.85,4.35,1.0,0.01563562696788212
2024-09-13,37820.07,37820.07,37696.8,37757.29,36.4,0.1,13.94,4570.43,27.87,4.35,1.0,0.0009649825335511508
2024-09-16,37878.5,37905.31,37736.46,37804.18,46.89,0.12,13.51,3865.5,27.91,4.36,1.0,0.0012418793827628782
2024-09-17,37854.77,37867.86,37716.58,37806.44,2.26,0.01,10.97,3764.26,27.91,4.36,1.0,5.9781749002452145e-05
2024-09-18,37827.09,37847.22,37526.35,37668.29,-138.15,-0.37,14.33,3616.11,27.81,4.34,1.0,-0.003654139347687879
2024-09-19,37860.52,37964.37,37380.08,37616.67,-51.62,-0.14,35.48,4929.03,27.77,4.33,1.0,-0.0013703834179890073
2024-09-20,37794.31,38213.85,37665.09,38157.5,540.83,1.44,31.65,8283.35,28.17,4.4,0.99,0.014377402359113667
2024-09-23,38262.66,38451.51,38248.65,38433.92,276.42,0.72,12.23,4732.83,28.04,4.4,0.98,0.0072441852846754085
2024-09-24,38471.78,38502.84,38390.93,38445.64,11.72,0.03,10.57,3953.32,28.05,4.41,0.98,0.0003049389705760408
2024-09-25,38458.15,38458.15,38257.42,38415.65,-29.99,-0.08,17.55,5787.31,28.03,4.4,0.98,-0.0007800624466128836
2024-09-26,38459.2,38639.98,38370.97,38620.05,204.4,0.53,16.08,7852.43,28.18,4.43,0.97,0.005320748184659108
2024-09-27,38673.79,38740.08,38579.02,38614.95,-5.1,-0.01,15.44,6677.16,28.17,4.42,0.97,-0.00013205575860220087
2024-09-30,38516.41,38553.11,38190.29,38227.64,-387.31,-1.0,14.31,4422.1,27.89,4.38,0.98,-0.010030053127091931
2024-10-01,38255.49,38362.95,38145.23,38265.16,37.52,0.1,12.08,4265.09,27.92,4.38,0.98,0.0009814887866477218
2024-10-03,37670.29,38023.18,37386.92,37452.29,-812.87,-2.12,13.68,6292.67,27.33,4.29,1.0,-0.021243083786922634
2024-10-04,37360.85,37705.99,37025.99,37092.33,-359.96,-0.96,15.03,5878.56,27.06,4.25,1.01,-0.009611161293474946
2024-10-07,37202.83,37293.51,36405.56,36550.05,-542.28,-1.46,16.67,5777.86,26.67,4.19,1.03,-0.01461973405283512
2024-10-08,36341.02,37111.91,36339.6,37066.19,516.14,1.41,11.08,3519.38,27.04,4.25,1.01,0.014121458110180507
2024-10-09,37273.74,37505.13,37158.69,37200.99,134.8,0.36,22.78,7606.61,27.14,4.26,1.01,0.003636737414878466
2024-10-10,37374.26,37439.67,37168.41,37190.94,-10.05,-0.03,7.91,3218.28,27.12,4.27,1.01,-0.00027015410073749635
2024-10-11,37199.94,37277.2,37110.18,37203.52,12.58,0.03,8.3,3413.29,27.12,4.27,1.01,0.00033825442432999786
2024-10-14,37302.56,37389.66,37258.55,37374.44,170.92,0.46,8.56,3377.92,27.25,4.29,1.0,0.004594188936960952
2024-10-15,37478.02,37512.71,37279.29,37392.36,17.92,0.05,7.54,3438.39,27.25,4.29,1.0,0.0004794720670062702
2024-10-16,37361.52,37448.44,37170.07,37290.96,-101.4,-0.27,7.83,3635.71,27.17,4.28,1.0,-0.002711783904519538
2024-10-17,37381.8,37385.23,36821.57,36841.12,-449.84,-1.21,8.52,3623.33,26.85,4.23,1.02,-0.012062977193400104
2024-10-18,36720.42,36982.94,36446.59,36927.0,85.88,0.23,9.93,4459.05,26.9,4.24,1.02,0.0023310909114597766
2024-10-21,37095.03,37123.36,36610.15,36661.79,-265.21,-0.72,9.63,4059.53,26.63,4.21,1.02,-0.0071820077450104325
2024-10-22,36673.73,36722.36,35926.89,35961.33,-700.46,-1.91,12.66,3808.85,26.11,4.13,1.04,-0.019105995642875073
2024-10-23,35838.99,36225.72,35748.07,35994.45,33.12,0.09,13.87,4430.61,26.11,4.13,1.04,0.0009209892960020394
2024-10-24,36037.24,36076.75,35856.68,35917.15,-77.3,-0.21,8.91,3248.41,26.01,4.12,1.04,-0.0021475533033563643
2024-10-25,35969.16,35991.9,35260.15,35458.88,-458.27,-1.28,11.99,4822.55,25.67,4.07,1.06,-0.012759085840608253
2024-10-28,35475.15,35860.42,35321.87,35698.13,239.25,0.67,16.5,4607.72,26.01,4.1,1.01,0.006747252028264761
2024-10-29,35767.18,35944.0,35387.9,35921.51,223.38,0.63,11.74,3967.94,26.3,4.13,1.05,0.006257470629414064
2024-10-30,35901.91,36075.15,35752.57,35845.27,-76.24,-0.21,11.16,6589.49,26.21,4.12,1.05,-0.0021224052106942892
2024-10-31,35921.34,35921.34,35639.92,35738.11,-107.16,-0.3,9.59,3799.93,26.23,4.1,1.07,-0.0029895157715368326
2024-11-01,36036.98,36041.64,35921.14,35951.72,213.61,0.6,3.2,961.51,26.23,4.13,1.06,0.0059770928009343915
2024-11-04,35972.19,35972.19,35229.66,35474.13,-477.59,-1.33,10.2,3498.8,25.88,4.07,1.05,-0.013284204483123618
2024-11-05,35382.9,35743.5,35194.5,35712.44,238.31,0.67,9.35,3219.25,26.05,4.1,1.07,0.006717853263772833
2024-11-06,35885.1,36303.95,35781.76,36271.2,558.76,1.56,11.06,5755.98,26.46,4.17,1.06,0.015646088589858165
2024-11-07,36405.72,36405.72,35889.1,35903.63,-367.57,-1.01,8.98,3361.47,25.99,4.12,1.07,-0.010133935463949362
2024-11-08,35967.26,35981.51,35596.37,35663.87,-239.76,-0.67,9.23,3466.0,25.8,4.1,1.08,-0.006677876303872177
2024-11-11,35598.59,35857.19,35412.11,35580.38,-83.49,-0.23,11.55,4319.92,25.6,4.09,1.07,-0.0023410246840851467
2024-11-12,35670.48,35786.24,35103.93,35161.57,-418.81,-1.18,8.28,3190.5,25.28,4.04,1.08,-0.011770813015487658
2024-11-13,35053.27,35138.34,34457.49,34533.58,-627.99,-1.79,14.7,3958.72,24.88,3.97,1.1,-0.017860123993325594
2024-11-14,34531.76,34807.35,34519.57,34600.01,66.43,0.19,10.89,3698.48,24.91,3.97,1.11,0.0019236349083993076
2024-11-18,34721.77,34728.1,34321.03,34497.01,-103.0,-0.3,11.57,3254.2,24.94,3.96,1.1,-0.002976877752347451
2024-11-19,34618.84,35013.23,34573.38,34650.83,153.82,0.45,10.97,3560.2,25.05,3.98,1.12,0.004458937165858767
2024-11-21,34615.76,34615.76,34166.54,34361.41,-289.42,-0.84,12.26,3979.45,24.84,3.95,1.12,-0.008352469479085967
2024-11-22,34418.97,35051.27,34370.27,35009.77,648.36,1.89,11.3,4663.67,25.31,4.02,1.07,0.01886884152891266
2024-11-25,35535.15,35711.79,35454.49,35528.25,518.48,1.48,11.79,4624.51,25.69,4.08,1.05,0.014809580297157066
2024-11-26,35666.14,35702.95,35468.25,35530.27,2.02,0.01,10.65,3268.27,25.69,4.08,1.05,5.685616375683544e-05
2024-11-27,35625.7,35800.76,35486.93,35732.57,202.3,0.57,10.08,3965.48,25.83,4.1,1.05,0.0056937366363949415
2024-11-28,35804.86,35930.15,35394.54,35453.79,-278.78,-0.78,11.58,4462.59,25.63,4.07,1.06,-0.007801845767041127
2024-11-29,35504.57,35790.21,35482.47,35726.11,272.32,0.77,10.86,4330.82,25.82,4.1,1.05,0.007680984176867911
2024-12-02,35735.15,35967.58,35593.78,35957.4,231.29,0.65,11.19,5512.04,25.99,4.13,1.04,0.006473976595828601
2024-12-03,36098.89,36264.85,36024.44,36246.75,289.35,0.8,11.77,3576.45,26.2,4.16,1.04,0.008047022309733087
2024-12-04,36380.38,36448.32,36191.66,36370.69,123.94,0.34,12.36,3596.79,26.29,4.18,1.03,0.0034193410443694727
2024-12-05,36504.59,36755.28,36201.36,36619.24,248.55,0.68,10.4,3754.83,26.47,4.21,1.02,0.006833799413758612
2024-12-06,36707.45,36754.23,36546.4,36681.01,61.77,0.17,11.27,3885.76,26.53,4.22,1.02,0.0016868181862867981
2024-12-09,36681.39,36737.41,36564.51,36639.05,-41.96,-0.11,11.24,3708.76,26.51,4.21,1.02,-0.001143916157161362
2024-12-10,36713.65,36722.88,36529.09,36675.82,36.77,0.1,10.09,3874.5,26.53,4.22,1.02,0.0010035740555498496
2024-12-11,36717.16,36797.65,36660.63,36736.37,60.55,0.17,8.67,3221.23,26.58,4.22,1.02,0.001650951498834985
2024-12-12,36760.05,36781.64,36555.91,36579.3,-157.07,-0.43,11.15,4831.26,26.46,4.2,1.02,-0.004275599358347093
2024-12-13,36529.9,36771.51,35999.68,36746.91,167.61,0.46,10.62,3846.84,26.58,4.22,1.01,0.004582099712132193
2024-12-16,36750.6,36829.35,36619.74,36720.34,-26.57,-0.07,8.55,2753.41,26.57,4.22,1.01,-0.0007230539928393398
2024-12-17,36679.24,36718.12,36277.04,36304.88,-415.46,-1.13,10.96,2960.51,26.27,4.17,1.02,-0.011314165391714814
2024-12-18,36340.29,36360.25,35979.25,36061.25,-243.63,-0.67,8.2,3369.12,26.09,4.14,1.03,-0.006710668097511863
2024-12-19,35497.75,35813.13,35492.05,35762.67,-298.58,-0.83,15.27,5732.12,25.87,4.11,1.04,-0.008279801726229774
2024-12-20,35844.22,35921.7,35025.81,35082.25,-680.42,-1.9,9.39,3682.71,25.38,4.03,1.06,-0.019025984357431858
2024-12-23,35281.31,35426.27,35116.97,35231.44,149.19,0.43,7.86,3076.11,25.59,4.06,1.05,0.004252577870575536
2024-12-24,35304.44,35398.04,35131.54,35222.65,-8.79,-0.02,6.31,2623.63,25.58,4.06,1.06,-0.0002494930664201922
2024-12-26,35289.35,35361.2,35111.8,35265.03,42.38,0.12,6.65,2561.53,25.61,4.07,1.06,0.0012032030525812587
2024-12-27,35329.31,35461.58,35273.72,35291.42,26.39,0.07,6.5,2429.85,25.63,4.07,1.05,0.0007483334056428426
2024-12-30,35295.62,35412.19,35025.02,35178.37,-113.05,-0.32,9.53,3321.75,25.55,4.06,1.05,-0.003203328174383291
2024-12-31,35058.51,35250.02,34854.32,35189.03,10.66,0.03,9.85,2745.93,25.55,4.06,1.05,0.000303027115809984
2025-01-01,35259.1,35405.83,35092.66,35352.14,163.11,0.46,6.95,2284.41,25.67,4.08,1.05,0.004635251383740879
2025-01-02,35431.06,35896.33,35357.18,35878.66,526.52,1.49,16.48,6107.2,26.06,4.14,1.03,0.014893582114123838
2025-01-03,35956.42,35956.42,35667.47,35702.07,-176.59,-0.49,9.74,3663.56,25.93,4.12,1.03,-0.004921867204628172
2025-01-06,35758.04,35791.09,34862.05,34951.07,-751.0,-2.1,13.69,4070.19,25.38,4.03,1.06,-0.02103519487805605
2025-01-07,34974.01,35281.23,34974.01,35135.64,184.57,0.53,9.27,3052.04,25.52,4.05,1.05,0.005280811145409903
2025-01-08,35198.17,35198.21,34707.11,34958.85,-176.79,-0.5,8.89,3144.33,25.39,4.03,1.06,-0.005031643083774795
2025-01-09,34979.5,34979.5,34652.81,34678.2,-280.65,-0.8,7.16,2565.37,25.18,4.0,1.07,-0.008028010074702108
2025-01-10,34684.81,34718.55,34194.65,34287.66,-390.54,-1.13,11.11,3568.25,24.89,3.95,1.08,-0.011261830198799117
2025-01-13,33931.65,34025.31,33344.63,33413.46,-874.2,-2.55,14.81,3941.16,24.25,3.85,1.11,-0.025496053098986726
2025-01-14,33435.41,33854.26,33435.41,33776.55,363.09,1.09,14.21,4251.81,24.51,3.89,1.09,0.010866578917597902
2025-01-15,33979.14,34004.22,33720.94,33877.55,101.0,0.3,10.26,3586.53,24.58,3.91,1.09,0.0029902402702466357
2025-01-16,34190.44,34226.82,34095.05,34136.78,259.23,0.77,9.78,3171.99,24.79,3.94,1.08,0.007651970109999073
2025-01-17,34177.29,34177.29,33908.51,34083.34,-53.44,-0.16,8.93,2927.84,24.67,3.93,1.1,-0.0015654669245313002
2025-01-20,34249.48,34344.86,34000.72,34279.07,195.73,0.57,11.06,3518.97,24.79,3.95,1.08,0.005742688363288506
2025-01-21,34384.15,34384.15,33664.18,33693.47,-585.6,-1.71,10.31,4268.0,24.35,3.88,1.1,-0.01708331060323398
2025-01-22,33798.02,33802.01,33318.56,33650.82,-42.65,-0.13,19.59,6642.34,24.32,3.88,1.1,-0.001265823911873798
2025-01-23,33659.09,33960.73,33573.79,33870.03,219.21,0.65,8.32,3053.68,24.42,3.9,1.09,0.006514254333178204
2025-01-24,33882.87,33983.21,33472.31,33525.19,-344.84,-1.02,8.51,2760.97,24.12,3.86,1.11,-0.010181272351987736
2025-01-27,33293.63,33293.63,32832.92,32903.27,-621.92,-1.86,26.71,6404.07,23.52,3.79,1.13,-0.01855082700500743
2025-01-28,33003.05,33202.32,32677.75,32930.85,27.58,0.08,13.35,3676.15,23.56,3.8,1.14,0.0008382145604373115
2025-01-29,33020.4,33455.16,33018.29,33434.59,503.74,1.53,8.95,3041.33,23.88,3.85,1.12,0.015296902448615812
2025-01-30,33538.17,33679.01,33384.25,33520.73,86.14,0.26,18.62,7585.63,23.91,3.86,1.12,0.0025763737494615135
2025-01-31,33595.48,34005.3,33542.21,33962.66,441.93,1.32,11.61,3919.11,24.22,3.91,1.13,0.01318378209543769
2025-02-01,34107.55,34165.79,33661.91,33953.6,-9.06,-0.03,32.45,10211.12,24.07,3.91,1.13,-0.0002667635573893046
2025-02-03,33765.43,33765.58,33505.71,33685.04,-268.56,-0.79,11.16,3647.83,23.88,3.88,1.13,-0.007909617831393323
2025-02-04,33917.71,34216.96,33796.16,34197.57,512.53,1.52,8.87,3454.43,24.23,3.94,1.12,0.015215359696767461
2025-02-05,34311.37,34405.59,34235.9,34267.23,69.66,0.2,18.14,6533.19,24.25,3.95,1.12,0.0020369868385385903
2025-02-06,34399.08,34403.59,34020.16,34100.23,-167.0,-0.49,6.53,2656.55,24.12,3.93,1.13,-0.004873460737853663
2025-02-07,34125.83,34233.06,33861.85,34049.02,-51.21,-0.15,8.06,2754.51,23.79,3.92,1.15,-0.0015017494016904553
2025-02-10,34051.7,34059.38,33518.44,33615.47,-433.55,-1.27,7.37,2574.28,23.48,3.87,1.12,-0.012733112436128735
2025-02-11,33608.77,33610.4,32834.98,32969.92,-645.55,-1.92,9.02,3060.27,23.02,3.79,1.14,-0.019203955797732486
2025-02-12,32933.24,33036.57,32342.82,32902.92,-67.0,-0.2,12.65,3569.95,22.98,3.79,1.19,-0.002032155370713662
2025-02-13,32933.51,33226.66,32845.33,32894.16,-8.76,-0.03,8.06,2682.17,22.93,3.79,1.19,-0.00026623776856260495
2025-02-14,33014.61,33026.99,32233.33,32465.88,-428.28,-1.3,10.18,3347.19,22.62,3.74,1.21,-0.013019940317673506
2025-02-17,32303.32,32524.17,32018.36,32504.98,39.1,0.12,9.67,2744.11,22.63,3.74,1.18,0.001204341296154654
2025-02-18,32552.51,32552.51,32219.48,32433.14,-71.84,-0.22,9.1,3126.35,22.57,3.73,1.19,-0.0022101228796326255
2025-02-19,32333.07,32723.66,32210.88,32607.77,174.63,0.54,8.32,2826.12,22.7,3.75,1.18,0.005384307532357413
2025-02-20,32516.07,32772.49,32461.25,32757.57,149.8,0.46,7.97,2391.57,22.8,3.77,1.18,0.004593997074930245
2025-02-21,32740.99,32869.0,32430.41,32535.94,-221.63,-0.68,9.0,3461.83,22.65,3.74,1.18,-0.006765764371410965
2025-02-24,32340.35,32340.35,32144.04,32193.81,-342.13,-1.05,6.02,2097.9,22.41,3.7,1.18,-0.010515448454847087
2025-02-25,32214.73,32322.63,32077.99,32122.71,-71.1,-0.22,7.16,2854.64,22.36,3.7,1.18,-0.0022084990872469623
2025-02-27,32197.81,32205.89,31918.21,31964.79,-157.92,-0.49,6.74,2629.84,22.25,3.68,1.18,-0.004916148108300877
2025-02-28,31767.12,31780.9,31197.56,31296.85,-667.94,-2.09,11.51,3384.46,21.78,3.6,1.21,-0.02089611725902163
2025-03-03,31368.64,31490.09,30967.74,31335.96,39.11,0.12,15.23,3891.47,21.81,3.61,1.21,0.0012496465299223214
2025-03-04,31147.05,31422.99,31006.02,31369.65,33.69,0.11,9.44,2488.1,21.83,3.61,1.21,0.0010751226386553903
2025-03-05,31383.63,31917.85,31354.57,31906.57,536.92,1.71,11.22,5167.62,22.21,3.67,1.19,0.01711590661674567
2025-03-06,32200.02,32235.26,31923.9,32200.42,293.85,0.92,11.2,3194.21,22.41,3.7,1.17,0.009209701951667038
2025-03-07,32233.03,32363.51,32105.87,32198.93,-1.49,0.0,10.17,2716.73,22.41,3.7,1.17,-4.62726883685427e-05
2025-03-10,32290.57,32355.05,31868.03,31922.79,-276.14,-0.86,9.87,2583.45,22.22,3.67,1.18,-0.008576061378437139
2025-03-11,31695.6,32039.18,31632.72,31991.6,68.81,0.22,9.62,2816.64,22.27,3.68,1.18,0.0021555133495536616
2025-03-12,32077.09,32131.86,31688.01,31919.62,-71.98,-0.22,9.13,3290.17,22.22,3.67,1.19,-0.0022499656159741255
2025-03-13,32080.23,32080.23,31762.45,31785.9,-133.72,-0.42,7.47,2787.72,22.12,3.66,1.19,-0.004189272929940868
2025-03-17,31823.6,32070.63,31811.78,31966.21,180.31,0.57,7.87,2471.79,22.25,3.68,1.18,0.005672641013782842
2025-03-18,32163.59,32567.94,32102.69,32543.43,577.22,1.81,10.78,3249.9,22.65,3.74,1.16,0.018057192266458966
2025-03-19,32655.11,32898.82,32548.11,32852.82,309.39,0.95,12.82,3973.4,22.87,3.78,1.16,0.009506988046435128
2025-03-20,33085.25,33211.85,32877.71,33171.19,318.37,0.97,9.92,3468.54,23.09,3.82,1.14,0.009690796710906557
2025-03-21,33178.43,33524.83,33117.8,33487.78,316.59,0.95,13.01,4558.19,23.31,3.85,1.14,0.009544125489619137
2025-03-24,33745.88,33996.13,33606.41,33913.46,425.68,1.27,12.97,4065.82,23.68,3.92,1.11,0.012711502524204388
2025-03-25,34110.2,34122.5,33672.81,33761.03,-152.43,-0.45,13.37,4191.87,23.57,3.9,1.12,-0.004494675565394957
2025-03-26,33802.44,33890.2,33472.24,33495.53,-265.5,-0.79,12.23,3403.5,23.38,3.87,1.13,-0.007864096563404588
2025-03-27,33396.33,33753.96,33378.74,33711.61,216.08,0.65,17.63,3970.15,23.54,3.89,1.12,0.006451010030293691
2025-03-28,33760.08,33852.72,33491.39,33579.22,-132.39,-0.39,14.39,4344.41,23.44,3.88,1.13,-0.003927133708535369
2025-04-01,33445.86,33671.46,33111.22,33153.99,-425.23,-1.27,9.39,2988.59,23.15,3.83,1.14,-0.012663486525297585
2025-04-02,33217.99,33481.8,33063.55,33459.65,305.66,0.92,9.06,2932.89,23.36,3.86,1.13,0.00921940315479386
2025-04-03,33150.03,33445.25,33148.72,33420.86,-38.79,-0.12,11.38,3395.49,23.33,3.86,1.13,-0.001159306806855498
2025-04-04,33354.43,33370.8,32635.34,32739.88,-680.98,-2.04,12.16,3735.4,22.86,3.78,1.15,-0.02037589696973685
2025-04-07,30571.62,31784.33,30571.61,31664.36,-1075.52,-3.29,18.56,5917.34,22.11,3.66,1.19,-0.032850456385301374
2025-04-08,32141.69,32400.32,31845.31,32233.7,569.34,1.8,10.69,3604.7,22.5,3.72,1.17,0.017980467629852726
2025-04-09,32176.44,32176.44,31885.94,32044.58,-189.12,-0.59,8.11,2518.68,22.37,3.7,1.18,-0.005867151459497344
2025-04-11,32617.87,32762.86,32485.69,32666.11,621.53,1.94,11.86,3670.64,22.81,3.77,1.15,0.019395791737635504
2025-04-15,33306.3,33516.24,33156.49,33482.62,816.51,2.5,9.92,3761.78,23.38,3.87,1.12,0.02499563002757288
2025-04-16,33573.58,33688.02,33436.81,33670.31,187.69,0.56,11.76,3547.83,23.51,3.89,1.12,0.005605594783203882
2025-04-17,33642.96,34145.82,33505.92,34109.67,439.36,1.3,12.07,3999.94,23.82,3.94,1.1,0.01304888490780165
2025-04-21,34281.93,34648.98,34189.94,34609.7,500.03,1.47,16.1,4475.35,24.17,4.0,1.09,0.014659479262039143
2025-04-22,34739.45,34842.64,34526.24,34730.29,120.59,0.35,15.62,4756.52,24.25,4.01,1.08,0.003484283307858993
2025-04-23,34948.42,34999.83,34586.89,34962.78,232.49,0.67,12.81,4257.91,24.42,4.04,1.08,0.006694156599325707
2025-04-24,34957.17,35013.35,34844.94,34880.67,-82.11,-0.23,10.95,3968.45,24.36,4.03,1.08,-0.0023484974592982155
2025-04-25,34907.48,35021.24,34081.02,34359.02,-521.65,-1.5,14.69,5191.36,23.99,3.97,1.1,-0.014955274654988027
2025-04-28,34328.4,34798.62,34327.73,34765.79,406.77,1.18,11.55,3915.45,24.28,4.02,1.1,0.011838812632025242
2025-04-29,34849.46,35001.54,34741.76,34785.55,19.76,0.06,12.34,5931.06,24.29,4.02,1.1,0.0005683748305447267
2025-04-30,34796.61,34880.05,34505.4,34640.35,-145.2,-0.42,10.12,4380.05,24.19,4.0,1.1,-0.004174147023692454
2025-05-02,34646.74,34985.85,34498.51,34623.5,-16.85,-0.05,10.06,4979.62,24.18,4.0,1.1,-0.00048642695584766305
2025-05-05,34719.56,34942.74,34719.18,34918.71,295.21,0.85,11.58,4389.18,24.39,4.03,1.09,0.008526289947578869
2025-05-06,34957.76,34987.83,34490.18,34548.63,-370.08,-1.06,15.05,4181.17,24.13,3.99,1.1,-0.010598329663381034
2025-05-07,34074.11,34740.09,34072.11,34722.2,173.57,0.5,11.66,3614.22,24.25,4.01,1.1,0.005023932931638608
2025-05-08,34794.46,34830.72,34187.69,34339.7,-382.5,-1.1,11.6,3590.46,23.98,3.97,1.1,-0.011016007050244525
2025-05-09,33582.25,34164.79,33582.25,34105.3,-234.4,-0.68,15.62,4680.88,23.82,3.94,1.11,-0.006825918688864285
2025-05-12,34821.85,35431.3,34776.55,35412.4,1307.1,3.83,14.76,4429.4,24.73,4.09,0.99,0.03832542156204455
2025-05-13,35397.6,35502.42,35095.8,35144.23,-268.17,-0.76,15.56,7612.23,24.54,4.06,1.0,-0.007572771119720767
2025-05-14,35230.39,35445.25,35179.19,35374.47,230.24,0.66,14.8,5743.84,24.71,4.09,0.99,0.006551288789084175
2025-05-15,35439.24,35872.76,35244.41,35836.63,462.16,1.31,15.31,5589.13,25.03,4.14,0.98,0.01306478938058997
2025-05-16,35867.31,35984.77,35791.43,35957.63,121.0,0.34,18.66,7982.96,25.12,4.15,1.0,0.003376433554159508
2025-05-19,36031.46,36108.78,35901.53,35953.27,-4.36,-0.01,15.19,5656.43,25.11,4.15,0.99,-0.00012125382012107
2025-05-20,36041.66,36083.76,35489.22,35513.57,-439.7,-1.22,13.21,5110.21,24.81,4.1,1.0,-0.012229763801734794
2025-05-21,35570.77,35868.8,35508.55,35742.34,228.77,0.64,13.75,5589.7,24.97,4.13,0.99,0.006441762965536668
2025-05-22,35659.16,35659.16,35338.06,35542.53,-199.81,-0.56,13.0,4235.65,24.83,4.11,1.0,-0.005590288716407432
2025-05-23,35550.82,35860.29,35518.67,35813.43,270.9,0.76,14.53,4973.02,25.02,4.14,0.97,0.0076218547188398045
2025-05-26,35927.07,36108.49,35906.73,36008.3,194.87,0.54,12.48,3991.26,25.21,4.16,0.95,0.005441254858861599
2025-05-27,35996.21,36098.55,35728.49,35874.97,-133.33,-0.37,12.02,5709.73,25.11,4.14,0.96,-0.003702757419817182
2025-05-28,35885.06,35950.41,35788.78,35804.71,-70.26,-0.2,17.5,4815.0,25.06,4.14,1.0,-0.0019584685366984544
2025-05-29,35934.08,35994.67,35770.92,35933.41,128.7,0.36,15.06,4098.24,25.15,4.15,1.0,0.0035944991594683007
2025-05-30,35920.97,35998.26,35758.68,35815.16,-118.25,-0.33,25.06,5237.65,25.07,4.14,1.05,-0.003290809305323328
2025-06-02,35758.42,35892.33,35594.86,35857.9,42.74,0.12,19.04,4378.33,25.1,4.14,1.01,0.0011933494084628293
2025-06-03,35943.3,36016.75,35617.86,35647.66,-210.24,-0.59,70.46,8131.22,24.95,4.12,1.04,-0.005863143128850168
2025-06-04,35698.82,35817.74,35587.43,35791.49,143.83,0.4,19.25,6408.4,25.05,4.14,1.06,0.004034766938418866
2025-06-05,35895.41,36125.03,35824.11,35984.22,192.73,0.54,13.29,4903.69,25.19,4.16,1.01,0.005384799571071408
2025-06-06,36028.19,36359.37,35905.26,36338.97,354.75,0.99,18.36,5990.3,25.44,4.2,1.04,0.009858487970560326
2025-06-09,36511.77,36602.46,36482.85,36596.56,257.59,0.71,15.29,5093.45,25.62,4.23,1.02,0.00708853332937065
2025-06-10,36717.82,36729.81,36536.51,36608.83,12.27,0.03,15.55,6374.53,25.63,4.23,1.03,0.0003352774140521486
2025-06-11,36666.79,36741.38,36510.19,36606.02,-2.81,-0.01,15.84,5005.56,25.62,4.23,1.03,-7.675743802804114e-05
2025-06-12,36658.91,36664.51,36108.16,36153.5,-452.52,-1.24,10.87,4249.37,25.31,4.18,1.04,-0.012361901129923303
2025-06-13,35544.55,35980.99,35518.46,35946.69,-206.81,-0.57,11.82,4179.66,25.16,4.15,1.06,-0.005720331364874709
2025-06-16,35883.27,36260.04,35766.33,36241.28,294.59,0.82,10.47,4132.09,25.37,4.19,1.02,0.00819519126795809
2025-06-17,36287.43,36292.16,36037.47,36071.37,-169.91,-0.47,10.12,5546.33,25.25,4.17,1.03,-0.00468830019248756
2025-06-18,36007.79,36206.52,35899.17,35982.58,-88.79,-0.25,7.76,3323.1,25.19,4.16,1.03,-0.0024615089474007146
2025-06-19,35974.59,36062.96,35671.86,35733.43,-249.15,-0.69,8.12,3179.45,24.59,4.13,1.03,-0.0069241838689722
2025-06-20,35743.13,36191.5,35732.53,36157.56,424.13,1.19,7.53,3161.79,24.88,4.18,1.04,0.011869277592439165
2025-06-23,35822.58,36177.48,35821.93,36088.23,-69.33,-0.19,13.82,6206.32,25.04,4.21,1.0,-0.0019174413317710748
2025-06-24,36377.95,36559.63,36201.04,36254.9,166.67,0.46,21.5,9270.23,25.16,4.23,1.01,0.004618403285503225
2025-06-25,36418.23,36554.08,36383.34,36545.02,290.12,0.8,11.62,3945.81,25.36,4.26,1.0,0.008002228664263145
2025-06-26,36629.05,36915.8,36592.89,36895.95,350.93,0.96,12.04,4366.84,25.6,4.3,0.99,0.009602676370132013
2025-06-27,36947.04,37083.97,36928.11,37060.93,164.98,0.45,12.81,4864.8,25.68,4.32,1.08,0.004471493483702238
2025-06-30,37124.77,37136.77,36959.73,37043.16,-17.77,-0.05,8.77,3544.83,25.66,4.32,1.06,-0.0004794806822170372
2025-07-01,37107.15,37138.85,36958.52,37042.95,-0.21,0.0,11.61,5542.08,25.66,4.32,1.06,-5.669062790758517e-06
2025-07-02,37084.81,37125.59,36813.63,36936.0,-106.95,-0.29,13.74,4050.72,25.59,4.3,1.06,-0.002887189060266415
2025-07-03,36999.55,37096.34,36874.08,36890.97,-45.03,-0.12,16.55,4839.29,25.56,4.3,1.06,-0.001219135802469129
2025-07-04,36933.42,36981.8,36797.96,36967.25,76.28,0.21,9.05,3866.41,25.61,4.31,1.09,0.00206771467380773
2025-07-07,36958.49,37015.88,36886.01,36948.2,-19.05,-0.05,6.71,2522.81,25.6,4.3,1.08,-0.0005153209935822023
2025-07-08,36948.56,37030.17,36841.99,36999.02,50.82,0.14,12.8,4157.07,25.63,4.31,1.08,0.0013754391282931877
2025-07-09,36986.9,37054.7,36903.82,36963.79,-35.23,-0.1,10.69,3743.68,25.63,4.31,1.08,-0.0009521873822603277
2025-07-10,37017.63,37040.57,36800.15,36838.75,-125.04,-0.34,7.98,3191.07,25.54,4.29,1.08,-0.003382770002751334
2025-07-11,36749.13,36818.25,36510.9,36545.58,-293.17,-0.8,8.5,3320.66,25.34,4.26,1.09,-0.007958196192867528
2025-07-14,36567.87,36613.66,36427.38,36582.53,36.95,0.1,18.89,5365.14,25.36,4.26,1.07,0.001011066180917064
2025-07-15,36605.63,36826.47,36605.08,36799.23,216.7,0.59,16.58,4187.59,25.51,4.29,1.07,0.005923592490732821
2025-07-16,36799.21,36877.04,36728.4,36827.24,28.01,0.08,13.44,3638.63,25.53,4.29,1.07,0.000761157230735332
2025-07-17,36885.08,36892.33,36740.91,36752.95,-74.29,-0.2,13.33,3860.83,25.48,4.28,1.07,-0.0020172567914402695
2025-07-18,36773.34,36802.62,36484.56,36532.54,-220.41,-0.6,23.52,7266.36,25.33,4.26,1.11,-0.0059970696229825204
2025-07-21,36576.47,36712.21,36390.08,36688.2,155.66,0.43,9.73,3607.43,25.44,4.28,1.08,0.004260858949309165
2025-07-22,36785.26,36796.27,36576.17,36600.07,-88.13,-0.24,11.06,4974.53,25.38,4.27,1.08,-0.0024021347463216713
2025-07-23,36690.98,36778.71,36567.92,36765.36,165.29,0.45,17.36,6620.03,25.49,4.29,1.08,0.004516111581207349
2025-07-24,36785.8,36789.97,36501.32,36563.21,-202.15,-0.55,12.45,4248.15,25.35,4.26,1.08,-0.005498382172784422
2025-07-25,36511.68,36511.68,36108.35,36129.89,-433.32,-1.19,12.77,5387.72,25.04,4.21,1.12,-0.011851257042256425
2025-07-28,36071.48,36255.12,35832.06,35869.97,-259.92,-0.72,13.0,3988.17,24.86,4.18,1.13,-0.007194043491413837
2025-07-29,35787.66,36152.63,35770.3,36126.52,256.55,0.72,9.64,4259.98,25.04,4.21,1.12,0.007152222318557611
2025-07-30,36208.43,36217.05,36055.91,36167.15,40.63,0.11,8.56,3521.14,25.07,4.21,1.12,0.0011246585610793502
2025-07-31,35722.2,36222.26,35722.14,35981.74,-185.41,-0.51,12.13,4491.12,24.88,4.19,1.13,-0.00512647526830301
2025-08-01,35944.3,35972.71,35562.04,35598.07,-383.67,-1.07,12.62,4817.02,24.39,4.15,1.16,-0.01066290846412643
2025-08-04,35670.52,35909.31,35570.03,35889.79,291.72,0.82,9.74,3491.0,24.55,4.18,1.14,0.008194826292549084
2025-08-05,35901.41,35917.68,35698.05,35792.76,-97.03,-0.27,12.21,8280.88,24.47,4.17,1.14,-0.0027035544092065544
2025-08-06,35800.05,35823.77,35535.91,35587.67,-205.09,-0.57,8.39,4127.03,24.27,4.15,1.15,-0.005729929739980988
2025-08-07,35444.87,35680.27,35211.4,35634.06,46.39,0.13,11.39,4146.34,24.28,4.15,1.15,0.0013035413669959528
2025-08-08,35617.15,35617.15,35197.4,35228.64,-405.42,-1.14,9.02,5882.68,23.94,4.1,1.15,-0.011377317094936612
2025-08-11,35251.09,35560.36,35178.29,35539.33,310.69,0.88,7.58,3300.72,24.18,4.14,1.12,0.00881924479627938
2025-08-12,35549.02,35689.0,35421.53,35437.06,-102.27,-0.29,8.89,3248.1,24.11,4.13,1.16,-0.0028776569507642513
2025-08-13,35561.07,35683.96,35521.29,35631.91,194.85,0.55,10.98,4007.65,24.25,4.15,1.12,0.005498480968793906
2025-08-14,35696.21,35717.5,35565.35,35604.49,-27.42,-0.08,10.26,4582.72,24.14,4.15,1.16,-0.0007695349477477853
2025-08-18,35951.26,36167.18,35951.09,36001.36,396.87,1.11,12.37,5504.6,24.4,4.19,1.13,0.01114662785508247
2025-08-19,36048.48,36233.79,35968.98,36211.33,209.97,0.58,15.41,4225.01,24.54,4.22,1.12,0.005832279669434781
2025-08-20,36229.5,36367.16,36145.98,36323.56,112.23,0.31,16.17,3722.09,24.62,4.23,1.1,0.003099306211619357
2025-08-21,36445.71,36462.04,36311.64,36328.71,5.15,0.01,22.9,11587.55,24.62,4.23,1.11,0.00014178125712360767
2025-08-22,36342.18,36342.2,36080.57,36089.64,-239.07,-0.66,10.78,2823.97,24.46,4.2,1.12,-0.006580745641670216
2025-08-25,36199.6,36273.21,36149.27,36194.34,104.7,0.29,11.55,3873.47,24.53,4.22,1.11,0.0029011095705027135
2025-08-26,36106.13,36126.79,35723.32,35755.99,-438.35,-1.21,15.3,5134.41,24.24,4.17,1.14,-0.012111009621946334
2025-08-28,35713.21,35729.07,35392.49,35409.72,-346.27,-0.97,15.18,4778.28,24.0,4.13,1.15,-0.00968425150583152
2025-08-29,35407.62,35541.28,35262.1,35287.71,-122.01,-0.34,17.95,4187.16,23.85,4.11,1.15,-0.003445664071898946
2025-09-01,35341.62,35690.22,35338.31,35679.52,391.81,1.11,17.03,3355.67,24.39,4.16,1.14,0.011103299137291689
2025-09-02,35752.58,35899.16,35627.19,35693.62,14.1,0.04,16.81,3600.81,24.17,4.16,1.14,0.0003951846885834609
2025-09-03,35750.57,35929.03,35676.51,35905.15,211.53,0.59,20.97,3872.82,24.31,4.18,1.13,0.0059262691763961595
2025-09-04,36305.25,36308.52,35804.01,35845.46,-59.69,-0.17,17.31,5073.94,24.5,4.18,1.15,-0.001662435611604507
2025-09-05,35964.1,35984.13,35676.96,35842.34,-3.12,-0.01,13.99,3411.17,24.25,4.18,1.15,-8.704031138118129e-05
2025-09-08,35921.79,36069.0,35856.47,35916.19,73.85,0.21,11.04,3098.31,24.32,4.18,1.14,0.002060412350309848
2025-09-09,36019.64,36054.96,35949.85,36032.5,116.31,0.32,7.36,2714.07,24.37,4.2,1.14,0.003238372444293258
2025-09-10,36180.87,36299.9,36163.56,36235.46,202.96,0.56,11.66,4142.69,24.51,4.22,1.13,0.0056326927079719535
2025-09-11,36207.34,36318.77,36207.14,36287.91,52.45,0.14,15.03,6538.37,24.55,4.23,1.12,0.001447477139796316
2025-09-12,36385.27,36452.6,36334.77,36418.62,130.71,0.36,10.06,3958.0,24.64,4.24,1.11,0.003602026129363667
2025-09-15,36455.49,36500.5,36409.35,36452.98,34.36,0.09,10.89,3918.76,24.66,4.25,1.11,0.0009434734210138629
2025-09-16,36499.23,36722.09,36469.17,36697.39,244.41,0.67,10.86,4002.96,24.82,4.28,1.1,0.006704801637616331
2025-09-17,36774.95,36849.39,36741.22,36813.13,115.74,0.32,11.86,4730.95,24.8,4.3,1.1,0.003153902770741901
2025-09-18,36937.96,36961.74,36798.0,36930.41,117.28,0.32,12.83,4832.89,24.88,4.31,1.09,0.0031858198419967287
2025-09-19,36954.56,36958.48,36817.24,36878.84,-51.57,-0.14,12.83,4718.67,24.85,4.3,1.1,-0.0013964101671226636
2025-09-22,36703.85,36926.24,36637.34,36707.87,-170.97,-0.46,12.82,4805.73,24.86,4.31,1.09,-0.004635991804514239
2025-09-23,36737.23,36787.57,36516.35,36631.9,-75.97,-0.21,22.49,4383.11,25.04,4.35,1.09,-0.00206958344355046
2025-09-24,36580.0,36613.44,36381.56,36398.48,-233.42,-0.64,18.49,4746.71,24.88,4.32,1.1,-0.006372041854230792
2025-09-25,36370.23,36489.02,36138.01,36156.07,-242.41,-0.67,18.17,4389.45,24.72,4.29,1.1,-0.006659893490057911
2025-09-26,36074.81,36110.76,35644.19,35673.24,-482.83,-1.34,24.49,4148.39,24.39,4.23,1.12,-0.013354050924229366
2025-09-29,35747.57,35904.79,35613.25,35717.08,43.84,0.12,15.6,4005.21,24.42,4.24,1.12,0.0012289323874143943
2025-09-30,35801.37,35855.04,35615.58,35714.1,-2.98,-0.01,14.52,4179.48,24.42,4.24,1.12,-8.343347216521746e-05
2025-10-01,35697.02,36035.45,35693.04,36014.32,300.22,0.84,17.73,5701.11,24.62,4.27,1.11,0.008406203712259419
2025-10-03,35976.43,36179.77,35934.06,36164.94,150.62,0.42,18.75,4572.63,24.72,4.29,1.1,0.004182225292605812
2025-10-06,36167.34,36386.66,36132.47,36376.26,211.32,0.58,19.89,3952.68,24.87,4.32,1.1,0.005843228275783208
2025-10-07,36416.58,36539.07,36385.68,36437.08,60.82,0.17,27.03,4691.29,24.96,4.32,1.09,0.001671969575761656
2025-10-08,36446.6,36519.32,36256.99,36278.0,-159.08,-0.44,22.49,4599.05,24.91,4.3,1.1,-0.0043658822276648745
2025-10-09,36337.6,36508.75,36276.42,36486.65,208.65,0.58,17.26,4532.64,25.05,4.33,1.09,0.005751419593141849
2025-10-10,36473.02,36687.23,36460.44,36630.27,143.62,0.39,22.24,3982.36,25.15,4.35,1.09,0.003936234211691092
2025-10-13,36450.19,36590.37,36417.66,36560.05,-70.22,-0.19,21.18,3741.38,25.1,4.34,1.09,-0.0019169937868324105
2025-10-14,36616.41,36676.7,36294.08,36381.72,-178.33,-0.49,17.53,4108.9,24.98,4.32,1.1,-0.0048777285589052255
2025-10-15,36453.27,36724.99,36433.82,36693.62,311.9,0.86,14.57,3777.83,25.19,4.35,1.09,0.00857298665373718
2025-10-16,36779.74,37026.27,36769.05,36984.53,290.91,0.79,26.78,6981.83,25.38,4.39,1.08,0.007928081230469841
2025-10-17,36952.6,37165.75,36911.35,37039.14,54.61,0.15,16.17,4415.09,25.42,4.39,1.09,0.0014765633090376706
2025-10-20,37166.36,37298.07,37135.5,37223.4,184.26,0.5,16.78,4391.42,25.45,4.42,1.08,0.004974737534402918
2025-10-21,37299.37,37382.78,37236.64,37286.13,62.73,0.17,6.4,1312.62,25.49,4.42,1.08,0.0016852302583858503
2025-10-23,37492.95,37550.68,37240.27,37285.19,-0.94,0.0,26.82,6087.91,25.49,4.42,1.08,-2.521044688719165e-05
2025-10-24,37337.15,37353.46,37074.68,37171.91,-113.28,-0.3,17.64,3924.86,25.41,4.41,1.08,-0.003038203640641224
2025-10-27,37229.67,37444.68,37229.67,37421.12,249.21,0.67,34.32,4522.0,25.59,4.44,1.12,0.0067042559825416514
2025-10-28,37402.95,37519.31,37234.07,37380.76,-40.36,-0.11,24.27,5228.62,25.47,4.43,1.12,-0.001078535329781749
2025-10-29,37411.23,37625.73,37394.24,37598.65,217.89,0.58,22.03,5893.79,25.61,4.46,1.12,0.005828934457191348
2025-10-30,37569.45,37583.74,37363.77,37420.19,-178.46,-0.47,33.0,5811.58,25.44,4.44,1.08,-0.004746447013390109
2025-10-31,37416.26,37536.21,37195.08,37214.04,-206.15,-0.55,22.42,5209.78,25.32,4.42,1.09,-0.005509058078005502
2025-11-03,37218.48,37404.02,37182.36,37361.96,147.92,0.4,28.52,4543.83,25.28,4.43,1.08,0.003974843903000069
2025-11-04,37373.53,37386.08,37129.66,37147.34,-214.62,-0.57,22.68,4174.15,25.04,4.41,1.09,-0.005744345318072219
2025-11-06,37153.43,37216.46,36878.97,36900.24,-247.1,-0.67,18.95,5629.1,24.84,4.38,1.08,-0.006651889475800865
2025-11-07,36811.63,36973.07,36555.46,36900.76,0.52,0.0,21.37,5066.45,24.78,4.38,1.1,1.409204926594576e-05
2025-11-10,36911.14,37116.56,36911.1,37024.12,123.36,0.33,13.6,4936.31,24.81,4.39,1.1,0.0033430205773539168
2025-11-11,37096.25,37172.33,36835.21,37157.16,133.04,0.36,27.49,4482.67,24.85,4.41,1.1,0.0035933332108906146
2025-11-12,37289.31,37443.9,37276.6,37385.63,228.47,0.61,19.54,4302.17,25.0,4.44,1.09,0.006148747643791808
2025-11-13,37434.18,37538.84,37321.97,37354.83,-30.8,-0.08,20.82,5779.3,24.92,4.43,1.09,-0.0008238459536457077
2025-11-14,37245.35,37412.84,37197.31,37369.13,14.3,0.04,25.38,5184.9,24.98,4.43,1.11,0.00038281528787553754
2025-11-17,37440.95,37583.21,37426.62,37570.78,201.65,0.54,16.44,3919.83,25.35,4.44,1.09,0.005396165230499017
2025-11-18,37602.51,37606.26,37330.49,37360.86,-209.92,-0.56,18.23,9789.39,25.01,4.42,1.1,-0.005587320784929073
2025-11-19,37348.47,37511.82,37277.56,37485.82,124.96,0.33,13.8,3220.42,25.09,4.43,1.1,0.0033446767552995915
2025-11-20,37610.05,37679.57,37501.45,37596.71,110.89,0.3,17.89,5487.78,25.17,4.44,1.08,0.002958185255117707
2025-11-21,37502.72,37535.33,37299.07,37312.99,-283.72,-0.75,19.98,5900.8,24.98,4.41,1.09,-0.007546404991287781
2025-11-24,37336.76,37383.39,37087.59,37140.83,-172.16,-0.46,13.8,3861.61,24.86,4.39,1.1,-0.004613942758272538
2025-11-25,37172.8,37245.09,37079.95,37102.42,-38.41,-0.1,13.57,3667.55,24.82,4.39,1.1,-0.001034171826531649
2025-11-26,37115.01,37583.22,37107.85,37569.64,467.22,1.26,12.76,3904.16,25.14,4.44,1.08,0.012592709586059403
2025-11-27,37638.74,37685.29,37451.51,37554.39,-15.25,-0.04,18.56,6909.44,25.12,4.44,1.08,-0.00040591285942581656
2025-11-28,37574.87,37609.2,37506.58,37535.84,-18.55,-0.05,14.02,3224.41,25.12,4.44,1.08,-0.0004939502412368846
2025-12-01,37660.67,37691.42,37449.44,37524.59,-11.25,-0.03,13.07,3196.46,25.11,4.44,1.08,-0.0002997135537662343
2025-12-02,37450.26,37532.97,37316.21,37370.65,-153.94,-0.41,17.08,3379.05,25.01,4.42,1.08,-0.004102376601582969
2025-12-03,37376.93,37410.36,37093.48,37210.2,-160.45,-0.43,19.84,4174.21,24.9,4.4,1.09,-0.004293476297575927
2025-12-04,37188.37,37374.16,37159.25,37250.59,40.39,0.11,17.48,5087.86,24.93,4.4,1.09,0.0010854550633965232
2025-12-05,37212.91,37415.47,37146.55,37394.44,143.85,0.39,15.82,3592.7,25.02,4.42,1.08,0.003861683801518412
2025-12-08,37344.62,37384.21,36815.11,36907.63,-486.81,-1.3,18.78,4439.8,24.7,4.36,1.1,-0.013018245493180425
2025-12-09,36776.61,36958.24,36510.91,36899.81,-7.82,-0.02,21.57,4865.51,24.69,4.36,1.1,-0.00021188030767615995
2025-12-10,36902.22,37083.7,36712.82,36743.25,-156.56,-0.42,13.18,3750.89,24.59,4.34,1.1,-0.004242840274787274
2025-12-11,36766.44,36980.72,36650.56,36963.1,219.85,0.6,23.91,4968.91,24.73,4.37,1.1,0.005983411919195936
2025-12-12,37060.78,37250.13,37055.61,37228.82,265.72,0.72,24.01,5098.41,24.9,4.4,1.09,0.007188790983440274
2025-12-15,37118.83,37248.4,37029.21,37232.38,3.56,0.01,17.55,3144.64,24.9,4.4,1.09,9.562484118474934e-05
2025-12-16,37162.91,37164.89,36946.63,36986.1,-246.28,-0.66,13.53,2952.12,24.74,4.37,1.1,-0.006614672497433638
2025-12-17,37024.35,37087.1,36803.02,36870.7,-115.4,-0.31,14.82,4183.35,24.66,4.36,1.1,-0.003120091061236563
2025-12-18,36859.77,36952.57,36662.64,36853.5,-17.2,-0.05,16.52,4183.0,24.65,4.36,1.11,-0.000466495076035911
2025-12-19,36928.66,37156.21,36928.56,37143.96,290.46,0.79,22.29,3535.67,24.85,4.39,1.1,0.007881476657576547
2025-12-22,37240.92,37447.55,37228.31,37430.94,286.98,0.77,18.19,3661.39,25.2,4.45,1.08,0.007726155208007013
2025-12-23,37492.24,37525.54,37366.07,37471.84,40.9,0.11,21.49,3863.16,25.22,4.46,1.08,0.0010926789442102791
2025-12-24,37490.86,37575.08,37384.19,37408.07,-63.77,-0.17,16.78,4196.32,25.18,4.45,1.08,-0.001701811280150567
2025-12-26,37358.33,37460.85,37256.18,37294.67,-113.4,-0.3,17.2,3800.47,25.1,4.44,1.08,-0.003031431453159761
2025-12-29,37301.85,37368.99,37108.71,37140.23,-154.44,-0.41,23.36,6097.98,25.0,4.42,1.08,-0.004141074314372384
2025-12-30,37097.48,37187.35,37020.94,37135.83,-4.4,-0.01,17.27,4178.94,25.0,4.42,1.08,-0.0001184699179299642
2025-12-31,37184.74,37520.22,37182.52,37443.41,307.58,0.83,43.73,5018.27,25.2,4.45,1.07,0.008282566997964036
2026-01-01,37486.31,37528.8,37385.84,37497.1,53.69,0.14,32.68,4312.55,25.24,4.46,1.07,0.0014338971797707156
2026-01-02,37539.53,37815.41,37495.25,37799.57,302.47,0.81,29.69,5314.64,25.44,4.5,1.06,0.008066490475263421
2026-01-05,37789.92,37874.46,37646.18,37730.95,-68.62,-0.18,27.61,5361.06,25.4,4.49,1.06,-0.0018153645663165907
2026-01-06,37723.24,37777.16,37553.76,37657.7,-73.25,-0.19,22.06,5381.14,25.35,4.48,1.07,-0.0019413770392741059
2026-01-07,37555.46,37718.35,37552.47,37669.63,11.93,0.03,20.69,6438.93,25.36,4.48,1.07,0.0003168010791949616
2026-01-08,37613.53,37656.06,37100.79,37137.33,-532.3,-1.41,24.28,7323.03,25.0,4.42,1.08,-0.014130746704971497
2026-01-09,37058.3,37234.83,36714.81,36807.62,-329.71,-0.89,37.74,5733.83,24.78,4.38,1.09,-0.00887812882617034
2026-01-12,36744.75,36899.99,36379.67,36864.27,56.65,0.15,28.25,5586.45,24.82,4.39,1.09,0.0015390834832569311
2026-01-13,36954.42,37042.96,36588.63,36806.21,-58.06,-0.16,22.51,5284.2,24.79,4.38,1.09,-0.0015749667632098951
2026-01-14,36711.66,36938.37,36684.62,36805.06,-1.15,0.0,20.39,6593.49,24.79,4.38,1.09,-3.124472745230644e-05
2026-01-16,36863.78,37092.59,36787.07,36829.93,24.87,0.07,23.74,6482.2,24.78,4.38,1.1,0.0006757223055744443
2026-01-19,36749.36,36760.45,36581.77,36650.97,-178.96,-0.49,22.4,5191.75,24.57,4.36,1.1,-0.004859091505196922
2026-01-20,36628.17,36639.86,35913.17,35984.65,-666.32,-1.82,27.9,5882.45,24.12,4.28,1.12,-0.01818014639175991
2026-01-21,35819.88,36052.28,35438.27,35815.26,-169.39,-0.47,25.97,5728.35,23.99,4.26,1.12,-0.004707284911760978
2026-01-22,36041.02,36298.05,35899.62,36088.66,273.4,0.76,17.12,5231.47,24.17,4.3,1.11,0.0076336176255595856
2026-01-23,36141.46,36180.52,35572.03,35609.9,-478.76,-1.33,19.09,5812.23,23.88,4.24,1.13,-0.013266217144111248
2026-01-27,35637.56,35880.54,35385.48,35786.84,176.94,0.5,22.05,7788.43,23.98,4.26,1.13,0.004968842934127693
2026-01-28,35837.97,36217.57,35836.71,36188.16,401.32,1.12,23.45,7673.49,24.23,4.31,1.11,0.011214178172758604
2026-01-29,36236.33,36305.14,35937.07,36266.59,78.43,0.22,24.82,8072.42,24.29,4.32,1.1,0.0021672834429822263
2026-01-30,36040.25,36225.02,35933.45,36185.03,-81.56,-0.22,32.69,6951.14,24.22,4.31,1.1,-0.0022489018129357996
2026-02-01,36157.88,36317.15,35061.88,35462.81,-722.22,-2.0,23.37,6827.19,23.77,4.22,1.11,-0.019959082526669225
2026-02-02,35426.33,35858.16,35150.45,35814.09,351.28,0.99,18.42,4960.93,24.0,4.26,1.09,0.009905588417838285
2026-02-03,37250.12,37473.63,36624.79,36755.96,941.87,2.63,26.92,8083.8,24.67,4.37,1.07,0.026298867289382466
2026-02-04,36659.88,36931.6,36498.43,36890.21,134.25,0.37,31.01,7613.28,24.7,4.39,1.06,0.003652468878516668
2026-02-05,36845.78,36851.57,36588.87,36695.11,-195.1,-0.53,20.04,6275.4,24.58,4.36,1.08,-0.005288666017352561
2026-02-06,36624.8,36751.08,36388.84,36730.2,35.09,0.1,17.38,5701.26,24.78,4.37,1.09,0.0009562582044309043
2026-02-09,36951.46,37126.89,36889.08,37113.23,383.03,1.04,22.66,5420.13,24.95,4.41,1.05,0.010428203494672106
2026-02-10,37208.19,37278.36,37117.34,37207.34,94.11,0.25,20.5,6463.59,25.01,4.43,1.05,0.0025357534227010703
2026-02-11,37272.29,37303.93,37143.44,37256.72,49.38,0.13,21.24,6708.44,25.02,4.43,1.06,0.0013271574909683448
2026-02-12,37199.68,37204.79,36951.43,37049.4,-207.32,-0.56,18.64,7615.35,24.85,4.41,1.06,-0.005564633709032929
2026-02-13,36724.3,36748.98,36484.73,36532.48,-516.92,-1.4,17.09,6940.64,24.52,4.35,1.04,-0.013952182761394205
2026-02-16,36426.51,36810.22,36340.37,36787.89,255.41,0.7,16.33,5382.71,24.75,4.38,1.02,0.006991312935776595
2026-02-17,36746.75,36936.37,36680.72,36904.38,116.49,0.32,15.57,4510.68,24.83,4.39,1.02,0.0031665311601181134
2026-02-18,36933.53,37081.54,36824.71,37062.35,157.97,0.43,17.19,4899.55,24.93,4.41,1.03,0.004280521715850583
2026-02-19,37142.07,37148.24,36434.61,36523.88,-538.47,-1.45,13.86,5590.2,24.57,4.34,1.04,-0.014528760318760159
2026-02-20,36456.94,36787.88,36408.36,36674.32,150.44,0.41,14.99,5403.01,24.67,4.36,1.04,0.004118949027321461
2026-02-23,36756.18,36946.39,36682.69,36817.86,143.54,0.39,18.42,5207.34,24.77,4.38,1.04,0.003913910332897785
2026-02-24,36704.62,36710.28,36318.27,36530.09,-287.77,-0.78,15.75,5206.41,24.57,4.34,1.04,-0.007816043626653002
2026-02-25,36629.39,36835.5,36565.41,36679.75,149.66,0.41,18.86,6521.62,24.67,4.36,1.04,0.004096896558426266
2026-02-26,36740.97,36837.67,36587.49,36748.49,68.74,0.19,28.33,8084.93,24.72,4.37,1.04,0.0018740585745540272
2026-02-27,36716.12,36723.29,36273.15,36322.56,-425.93,-1.16,18.89,6061.72,24.43,4.32,1.05,-0.011590408204527614
2026-03-02,34697.3,36038.18,34697.3,35812.02,-510.54,-1.41,30.49,8455.3,24.09,4.26,1.06,-0.014055727349614133
2026-03-04,35119.26,35298.61,34944.7,35125.64,-686.38,-1.92,26.69,7166.12,23.63,4.18,1.08,-0.019166190569534947
2026-03-05,35287.66,35672.78,35215.32,35579.03,453.39,1.29,19.17,6806.56,23.93,4.23,1.07,0.012907665169944238
2026-03-06,35464.12,35576.4,35198.97,35232.05,-346.98,-0.98,16.33,5648.26,23.7,4.19,1.08,-0.00975237379996019
2026-03-09,34515.94,34607.51,34083.36,34557.39,-674.66,-1.91,17.38,5695.25,23.24,4.11,1.1,-0.019149041852517867
2026-03-10,34920.69,35065.25,34697.98,35005.2,447.81,1.3,15.42,5387.3,23.55,4.16,1.09,0.012958443910260575
2026-03-11,35046.38,35153.72,34487.09,34529.78,-475.42,-1.36,15.38,5255.91,23.23,4.11,1.11,-0.013581410761829615
2026-03-12,34341.18,34554.78,34003.98,34300.49,-229.29,-0.66,18.99,6674.59,23.07,4.08,1.11,-0.006640355079007176
2026-03-13,34093.37,34116.86,33454.69,33516.43,-784.06,-2.29,20.6,6540.53,22.54,3.99,1.14,-0.022858565577343004
2026-03-16,33420.82,33815.24,33076.55,33673.11,156.68,0.47,19.19,5648.74,22.65,4.01,1.14,0.004674722218326988
2026-03-17,33799.53,34032.97,33599.9,33940.18,267.07,0.79,16.91,5544.6,22.83,4.04,1.13,0.007931254345084238
2026-03-18,34053.98,34443.52,34006.82,34329.13,388.95,1.15,16.78,5652.87,23.09,4.08,1.11,0.01145986850983105
2026-03-19,33659.89,33766.94,33145.03,33255.16,-1073.97,-3.13,20.49,6152.94,22.37,3.96,1.15,-0.031284509686088535
2026-03-20,33451.94,33775.86,33372.0,33423.61,168.45,0.51,20.17,5539.04,22.48,3.98,1.14,0.0050653793275989845
2026-03-23,33072.74,33074.43,32306.13,32377.87,-1045.74,-3.13,22.79,6356.94,21.8,3.86,1.17,-0.031287464160813294
2026-03-24,33067.3,33188.1,32506.52,33009.57,631.7,1.95,20.7,7318.42,22.22,3.93,1.15,0.01951023955559772
2026-03-25,33294.5,33859.37,33275.5,33645.89,636.32,1.93,22.82,8515.25,22.65,4.01,1.13,0.019276833960575557
2026-03-27,33465.09,33471.04,32917.26,32935.19,-710.7,-2.11,25.5,8705.1,22.17,3.93,1.16,-0.021122936560750705
2026-03-30,32490.07,32741.39,32121.51,32182.38,-752.81,-2.29,30.94,7308.53,21.66,3.84,1.19,-0.022857314623052183
2026-04-01,33012.27,33149.42,32710.87,32814.97,632.59,1.97,19.81,6763.54,22.09,3.91,1.17,0.0196564082581836
2026-04-02,32444.29,32920.03,31965.51,32839.65,24.68,0.08,20.43,6113.93,22.11,3.91,1.17,0.0007520957660482885
2026-04-06,32914.79,33265.91,32605.9,33229.93,390.28,1.19,19.87,6059.49,22.37,3.96,1.15,0.011884414115253872
2026-04-07,33105.88,33418.56,32870.99,33395.05,165.12,0.5,15.73,4642.98,22.48,3.98,1.15,0.004969014379506698
2026-04-08,34583.59,34722.95,34422.86,34690.59,1295.54,3.88,29.76,9261.62,23.35,4.14,1.1,0.03879437221983473
2026-04-09,34646.89,34765.66,34379.59,34521.99,-168.6,-0.49,22.99,8186.94,23.24,4.12,1.11,-0.004860107596901586
2026-04-10,34745.45,35027.91,34663.06,35004.96,482.97,1.4,24.44,6241.65,23.56,4.17,1.09,0.013990213194546408
2026-04-13,34290.51,34838.72,34174.75,34738.75,-266.21,-0.76,20.89,6854.02,23.38,4.14,1.1,-0.007604922273871995
2026-04-15,35271.57,35439.21,35241.65,35394.87,656.12,1.89,23.11,6885.92,23.82,4.22,1.08,0.018887265661545083
2026-04-16,35668.04,35703.96,35290.88,35485.91,91.04,0.26,23.32,8914.15,23.88,4.23,1.08,0.00257212415245478
2026-04-17,35540.32,35836.64,35420.0,35820.15,334.24,0.94,21.99,6872.77,24.1,4.27,1.07,0.009418949661992526
2026-04-20,35896.68,36012.45,35583.94,35814.68,-5.47,-0.02,19.95,5568.17,24.1,4.27,1.07,-0.0001527073448883698
2026-04-21,35899.63,36132.13,35853.92,36091.3,276.62,0.77,17.43,5486.7,24.28,4.3,1.06,0.00772364851507823
2026-04-22,36024.94,36103.89,35909.55,36009.59,-81.71,-0.23,20.2,7319.89,24.26,4.3,1.06,-0.002263980516080233
2026-04-23,35860.73,35959.18,35697.91,35729.71,-279.88,-0.78,17.32,8349.95,24.03,4.27,1.07,-0.007772373970378332
2026-04-24,35725.62,35807.37,35201.71,35349.66,-380.05,-1.06,17.34,6623.35,23.74,4.22,1.1,-0.010636806176148483
2026-04-27,35504.04,35797.7,35473.26,35751.09,401.43,1.14,19.33,6797.6,23.91,4.27,1.08,0.011355979095696966
2026-04-28,35749.81,35868.88,35603.45,35650.27,-100.82,-0.28,19.15,5372.1,23.81,4.26,1.09,-0.0028200538780775997
2026-04-29,35838.81,36058.09,35743.15,35811.6,161.33,0.45,21.08,6476.22,23.82,4.28,1.07,0.004525351420900936
2026-04-30,35653.53,35653.53,35237.96,35515.95,-295.65,-0.83,20.16,8003.07,23.79,4.24,1.06,-0.008255704855410051
2026-05-04,35710.19,35936.5,35559.96,35741.67,225.72,0.64,27.59,14340.51,23.88,4.27,1.05,0.006355454380355896
2026-05-05,35712.99,35752.05,35494.19,35711.23,-30.44,-0.09,21.78,5856.42,23.87,4.27,1.05,-0.0008516669758295015
2026-05-06,35981.6,36235.34,35767.24,36211.89,500.66,1.4,27.72,8275.18,24.39,4.33,1.04,0.014019679523779915
2026-05-07,36400.84,36476.09,36226.86,36333.79,121.9,0.34,23.14,8714.66,24.19,4.34,1.03,0.003366297644226801
2026-05-08,36302.67,36302.67,36132.49,36187.29,-146.5,-0.4,19.31,6733.64,24.08,4.32,1.04,-0.004032059413565214
2026-05-11,35952.09,35958.89,35651.04,35679.54,-507.75,-1.4,32.36,8407.41,23.7,4.26,1.05,-0.014031169507304875
2026-05-12,35557.27,35627.57,34855.61,34899.09,-780.45,-2.19,23.42,6911.1,23.21,4.18,1.07,-0.021873880661017586
2026-05-13,34854.33,35250.75,34749.92,35010.26,111.17,0.32,24.67,6917.76,23.34,4.19,1.07,0.0031854698790141356
2026-05-14,35213.34,35457.45,34936.77,35364.44,354.18,1.01,23.28,9522.34,23.52,4.23,1.06,0.010116463002559861
2026-05-15,35447.39,35520.01,35194.99,35236.5,-127.94,-0.36,23.15,6660.93,23.24,4.22,1.1,-0.003617758403639426
2026-05-18,35037.09,35165.14,34630.24,35114.86,-121.64,-0.35,21.62,6276.59,22.71,4.2,1.07,-0.003452102223546638
2026-05-19,35174.81,35397.09,35159.22,35201.48,86.62,0.25,24.8,5739.98,22.76,4.21,1.07,0.0024667619349758585
2026-05-20,35030.21,35323.45,34887.74,35299.2,97.72,0.28,22.23,6428.43,22.81,4.22,1.06,0.00277601964462848
2026-05-21,35539.28,35615.31,35272.36,35340.31,41.11,0.12,19.77,6682.82,22.81,4.23,1.06,0.0011646156286828635
2026-05-22,35427.79,35534.81,35350.16,35413.94,73.63,0.21,19.67,7392.83,23.11,4.24,1.09,0.0020834565401379734
2026-05-25,35732.07,35880.87,35725.3,35849.1,435.16,1.23,20.7,5421.42,23.4,4.29,1.09,0.012287816605551338
2026-05-26,35823.34,35975.87,35726.94,35787.99,-61.11,-0.17,20.39,6292.01,23.35,4.28,1.09,-0.0017046453049031074
2026-05-27,35775.8,35953.19,35768.75,35899.16,111.17,0.31,35.62,8574.9,23.42,4.29,1.09,0.0031063493646892315
2026-05-29,36001.02,36072.35,35331.85,35417.64,-481.52,-1.34,32.74,9538.82,23.06,4.24,1.07,-0.013413127215233023
2026-06-01,35596.31,35657.35,35045.5,35077.62,-340.02,-0.96,21.63,6017.85,22.92,4.2,1.03,-0.009600300867025457
2026-06-02,34913.43,35285.08,34794.2,35227.64,150.02,0.43,18.63,6135.71,23.02,4.21,1.03,0.004276800991629415
2026-06-03,35212.32,35212.32,34727.39,35107.33,-120.31,-0.34,25.3,6121.5,22.94,4.2,1.04,-0.0034152160065220594
2026-06-04,34989.05,35276.52,34919.05,35175.61,68.28,0.19,21.01,6485.62,22.99,4.21,1.01,0.0019448929895835576
2026-06-05,35293.57,35358.18,35013.26,35141.95,-33.66,-0.1,22.0,6990.31,22.96,4.2,1.02,-0.0009569130428727091
2026-06-08,34755.78,34957.83,34592.97,34673.9,-468.05,-1.33,21.82,6187.75,22.66,4.15,1.0,-0.01331883973427761
2026-06-09,34894.35,35009.49,34768.96,34979.26,305.36,0.88,19.9,5017.09,22.86,4.18,0.99,0.00880662400249177
2026-06-10,35007.73,35116.85,34722.57,34766.59,-212.67,-0.61,17.2,5627.81,22.71,4.16,1.0,-0.006079888482489526
2026-06-11,34618.09,34806.04,34509.76,34580.95,-185.64,-0.53,17.88,6403.87,22.59,4.13,1.0,-0.005339609090221353
2026-06-12,35010.77,35371.26,34870.37,35342.5,761.55,2.2,23.86,6205.67,23.06,4.22,0.99,0.022022240568868146
2026-06-15,35916.7,35965.66,35715.55,35764.67,422.17,1.19,23.52,7080.45,23.33,4.27,0.96,0.011945108580321051
2026-06-16,35905.93,35956.99,35799.07,35939.94,175.27,0.49,21.15,5389.1,23.45,4.3,0.95,0.0049006463641354525
2026-06-17,36067.63,36143.34,35941.16,36125.82,185.88,0.52,24.78,6242.01,23.57,4.32,0.95,0.005171961889752774
2026-06-18,36180.25,36305.66,36096.74,36284.69,158.87,0.44,19.96,7316.74,23.67,4.34,0.94,0.0043976856442291545
2026-06-19,36120.06,36216.28,35986.63,36174.54,-110.15,-0.3,22.61,7251.96,23.6,4.32,1.06,-0.0030357156144920072
2026-06-22,36323.61,36382.92,36280.95,36342.26,167.72,0.46,18.85,6071.79,23.96,4.42,1.01,0.004636410027605065
2026-06-23,36375.31,36414.88,35916.63,35959.97,-382.29,-1.05,19.56,6716.78,23.71,4.38,1.04,-0.010519158687434471
2026-06-24,35972.25,36238.62,35858.43,36151.68,191.71,0.53,31.91,8895.22,23.83,4.4,1.02,0.005331205782429738
2026-06-25,36315.73,36409.29,36105.63,36133.32,-18.36,-0.05,24.96,9275.74,23.82,4.4,1.03,-0.0005078602156248779
2026-06-29,36138.93,36186.1,35872.83,35960.98,-172.34,-0.48,18.96,7404.47,23.71,4.38,0.94,-0.004769558955556752
2026-06-30,36062.37,36088.17,35847.2,35958.71,-2.27,-0.01,19.35,6803.39,23.71,4.38,0.95,-6.312397493069e-05
2026-07-01,36008.74,36168.73,36007.29,36119.01,160.3,0.45,22.71,6999.34,23.81,4.4,0.95,0.004457890730785508
2026-07-02,36237.9,36393.09,36216.72,36376.02,257.01,0.71,20.94,8526.25,23.98,4.43,0.94,0.007115643535080096
2026-07-03,36617.01,36617.85,36410.17,36431.45,55.43,0.15,17.66,7659.87,24.01,4.43,0.96,0.001523806067843525
2026-07-06,36500.85,36660.33,36480.72,36640.89,209.44,0.57,16.54,6154.2,24.15,4.46,0.92,0.005748879059164658
2026-07-07,36715.2,36724.44,36486.34,36542.35,-98.54,-0.27,20.28,6980.65,24.09,4.45,0.93,-0.0026893451550985548
2026-07-08,36379.01,36446.49,35693.13,35821.44,-720.91,-1.97,20.68,7497.32,23.61,4.36,0.95,-0.019728068939189658
2026-07-09,35884.06,36222.09,35884.06,36086.55,265.11,0.74,16.66,8706.82,23.78,4.39,0.94,0.007400875006699836
2026-07-10,36354.85,36520.08,36344.21,36506.1,419.55,1.16,20.6,7226.17,24.05,4.44,0.94,0.011626215307365184
2026-07-13,36267.32,36555.45,36176.36,36508.75,2.65,0.01,17.68,7158.13,24.04,4.44,0.93,7.259060814490681e-05
2026-07-14,36378.49,36400.6,36223.32,36265.57,-243.18,-0.67,20.77,8920.26,23.87,4.41,0.94,-0.006660868969767475
2026-07-15,36366.12,36542.71,36295.91,36378.34,112.77,0.31,15.89,6346.05,23.95,4.43,0.94,0.0031095609416864622
2026-07-16,36496.34,36516.31,36308.39,36331.82,-46.52,-0.13,17.78,8208.37,23.89,4.42,0.94,-0.001278782924124533
2026-07-17,36401.95,36536.73,36348.35,36505.4,173.58,0.48,14.85,7067.22,23.99,4.44,0.95,0.004777630187532633
2026-07-20,36505.4,36542.92,36340.72,36504.94,-0.46,0.0,14.57,5985.74,23.81,4.44,0.91,-1.2600875486934449e-05
2026-07-21,36509.82,36572.07,36419.0,36518.28,13.34,0.04,14.92,5990.6,23.81,4.44,0.91,0.00036542999385824615
2026-07-22,36513.68,36514.03,36154.36,36196.43,-321.85,-0.88,15.06,6170.93,23.57,4.41,0.92,-0.008813394278153308
2026-07-23,36095.32,36198.96,35867.12,35944.66,-251.77,-0.7,14.82,6639.79,23.79,4.38,0.93,-0.006955658334261039
2026-07-24,35688.98,35892.66,35518.39,35829.46,-115.2,-0.32,14.15,5840.04,23.73,4.36,0.98,-0.003204926684520104
2026-07-27,36075.07,36220.29,36064.97,36207.16,377.7,1.05,14.54,5384.18,23.88,4.4,0.95,0.01054160459018938
2026-07-28,36240.93,36242.31,36116.93,36155.32,-51.84,-0.14,15.49,6240.9,23.84,4.39,0.95,-0.0014317610108056655
2026-07-29,36383.33,36562.81,36343.95,36524.95,369.63,1.02,20.59,8494.06,24.05,4.44,0.93,0.010223391744285326
2026-07-30,36518.84,36572.24,36404.57,36541.96,17.01,0.05,17.13,8320.77,24.05,4.44,0.93,0.00046570905641218907
2026-07-31,36617.7,36762.43,36571.52,36684.83,142.87,0.39,17.01,7281.58,24.04,4.46,0.96,0.003909751967327457
2026-08-03,36992.6,37067.63,36876.84,36985.17,300.34,0.82,18.2,7674.72,24.26,4.49,0.96,0.008187035349489058
2026-08-04,37223.3,37225.61,36876.65,36933.47,-51.7,-0.14,14.15,6798.58,24.21,4.49,0.97,-0.0013978575737247922
2026-08-05,37235.43,37235.43,36995.21,37074.66,141.19,0.38,15.95,7324.26,24.3,4.5,0.96,0.0038228197892047344
2026-08-06,37198.08,37218.88,37097.9,37177.57,102.91,0.28,16.29,8666.82,24.35,4.52,0.95,0.002775750337292271
2026-08-07,37053.28,37170.0,37032.38,37099.57,-78.0,-0.21,17.48,7714.54,24.27,4.51,0.96,-0.0020980392209604126
2026-08-10,37130.37,37199.37,37036.57,37131.97,32.4,0.09,15.98,6935.8,24.16,4.51,0.95,0.0008733254859827344
2026-08-11,37176.81,37176.81,36984.7,37029.82,-102.15,-0.28,14.8,7100.7,24.07,4.5,0.96,-0.00275099866772488
2026-08-12,37092.07,37092.08,36812.5,36967.15,-62.67,-0.17,20.69,8217.53,24.17,4.49,0.96,-0.0016924197849192968
2026-08-13,37081.64,37081.64,36908.64,37024.45,57.3,0.16,17.47,10453.49,24.0,4.5,0.92,0.0015500248193327515
2026-08-14,37004.18,37008.3,36882.76,36962.93,-61.52,-0.17,17.35,6248.42,23.98,4.49,0.93,-0.0016616046963560116
2026-08-17,36914.43,36967.58,36774.21,36907.46,-55.47,-0.15,13.66,5368.08,23.94,4.48,0.9,-0.001500692721058683
2026-08-18,36832.95,36871.89,36743.58,36749.23,-158.23,-0.43,22.03,7435.7,23.84,4.46,0.9,-0.00428720914416747
2026-08-19,36740.76,36776.9,36549.17,36577.15,-172.08,-0.47,13.07,5824.1,23.73,4.44,0.9,-0.004682547090102296
2026-08-20,36822.84,36882.67,36774.82,36808.42,231.27,0.63,13.57,6008.16,23.88,4.47,0.89,0.00632279989009521
2026-08-21,36890.91,36897.62,36756.72,36814.22,5.8,0.02,14.55,6681.83,23.88,4.47,0.9,0.00015757264234661505
2026-08-24,36884.14,36919.02,36711.36,36770.21,-44.01,-0.12,17.76,8091.8,23.85,4.47,0.88,-0.0011954619709449998
2026-08-25,36788.17,36905.24,36659.21,36901.03,130.82,0.36,16.68,5351.31,23.94,4.48,0.88,0.003557771358934314
2026-08-26,37035.38,37064.73,36887.53,36890.31,-10.72,-0.03,15.85,7945.21,23.93,4.48,0.88,-0.00029050679615183483
2026-08-27,36926.84,36993.69,36698.86,36700.18,-190.13,-0.52,18.02,10344.05,23.81,4.46,0.88,-0.005153927955606652
2026-08-28,36810.64,36851.31,36692.7,36794.04,93.86,0.26,17.57,6433.08,23.87,4.47,0.88,0.0025574806445092246
2026-08-31,36752.65,36759.72,36472.77,36615.95,-178.09,-0.48,15.19,6429.73,23.75,4.45,0.89,-0.00484018607361425
