date,close,high,low,open,volume,adj_close,daily_return,return_zscore
2021-09-02,14684.330078125,14691.980458574426,14548.480649439833,14571.28042380194,22044800,14684.330078125,,
2021-09-03,14759.2802734375,14770.830062840932,14682.180766089816,14724.680709848792,24543700,14759.2802734375,0.005104093609564986,0.5131170154830536
2021-09-06,14805.830078125,14843.380809839598,14783.43069361086,14827.0302454711,16059600,14805.830078125,0.003153934597425856,0.2997063724538734
2021-09-07,14784.23046875,14852.230378916223,14713.530366838464,14834.930597083236,23696100,14784.23046875,-0.001458858386259143,-0.20508278098490015
2021-09-08,14803.580078125,14825.0800497588,14716.63097409216,14802.830079114518,26775300,14803.580078125,0.0013088005774735123,0.09778886971592073
2021-09-09,14836.4306640625,14844.38084890907,14774.13094138876,14780.58015164877,18261800,14836.4306640625,0.002219097391585878,0.19740486371327304
2021-09-13,14852.1806640625,14865.730450931453,14769.080187405663,14839.78028974452,16737100,14852.1806640625,0.001061576086366367,0.07073449246190139
2021-09-14,14904.330078125,14935.530232551528,14881.530303315269,14917.03025679466,29200400,14904.330078125,0.0035112294444872294,0.33880601642533653
2021-09-15,15020.5302734375,15028.630848841793,14921.080207440282,14927.930784469952,31359100,15020.5302734375,0.007796405118741134,0.8077432110043617
2021-09-16,15104.880859375,15115.330064613736,15012.23058855072,15050.830148014857,53456100,15104.880859375,0.005615686290827426,0.5691018466673995
2021-09-17,15027.23046875,15207.68042952738,14979.3301403822,15169.880673969124,42884200,15027.23046875,-0.005140748301685871,-0.6080009479255424
2021-09-20,14826.73046875,15047.630568383329,14800.830112243537,14907.480362378175,24323400,14826.73046875,-0.013342445264079239,-1.505532591129809
2021-09-21,14946.2802734375,14959.430646878074,14734.680940572734,14856.830195015076,22286700,14946.2802734375,0.00806312659014563,0.8369311902244181
2021-09-22,14990.5302734375,15030.830025618216,14950.330130502003,14977.28029070098,20244400,14990.5302734375,0.0029606028517101812,0.2785496093826
2021-09-23,15205.4306640625,15219.33006027134,15085.530427448362,15097.080217300254,20467000,15205.4306640625,0.014335743079468832,1.5233588661879003
2021-09-24,15191.9306640625,15305.180518464733,15160.430704559893,15274.079972511125,26783800,15191.9306640625,-0.0008878406865454602,-0.14259492552368278
2021-09-27,15189.0302734375,15262.630764733698,15139.58014171187,15261.329985156344,18550100,15189.0302734375,-0.0001909165259594836,-0.0663288198741328
2021-09-28,15095.580078125,15239.630672996724,14967.030439760032,15235.079897634694,22453400,15095.580078125,-0.0061524793637369735,-0.7187171383392076
2021-09-29,15086.9306640625,15141.030203401277,14985.38099083925,15023.280355837964,30743000,15086.9306640625,-0.0005729765943234266,-0.10813858223596458
2021-09-30,15052.630859375,15137.53016327805,15026.930697409249,15109.680590038726,32462500,15052.630859375,-0.002273477982450256,-0.2942285843605039
2021-10-01,15013.9306640625,15031.530250542635,14932.730574381185,14994.780298349737,25478800,15013.9306640625,-0.002570992119188098,-0.3267862798285515
2021-10-04,15181.130859375,15195.180645986778,15075.230604995735,15094.380970982877,20508200,15181.130859375,0.011136337249292971,1.173240105984757
2021-10-05,15280.0791015625,15287.67967729906,15150.47966612645,15171.229638277346,25286700,15280.0791015625,0.006517843967229542,0.667827155032639
2021-10-06,15134.5302734375,15349.18038705456,15109.080110968667,15328.930413187338,25794100,15134.5302734375,-0.009525397555704807,-1.087823778234745
2021-10-07,15290.1298828125,15335.929626071316,15250.9795446977,15274.629903601772,21341200,15290.1298828125,0.010281099351203027,1.07964934305815
2021-10-08,15365.1796875,15402.679637449042,15317.379946610525,15375.27928339513,18598500,15365.1796875,0.004908382418115531,0.49169986387887693
2021-10-11,15427.9794921875,15497.77920409296,15356.529391850836,15374.479563302872,21710600,15427.9794921875,0.004087150685168295,0.4018304782988798
2021-10-12,15481.8798828125,15493.22947715345,15371.7794427177,15426.579174815655,27763700,15481.8798828125,0.0034936778761143206,0.33688530561697816
2021-10-13,15631.3798828125,15660.179649715734,15546.829212489962,15573.579177394962,30276800,15631.3798828125,0.009656450064954303,1.011292452662923
2021-10-14,15769.2294921875,15780.979476906698,15710.07917848722,15733.279343628008,25796300,15769.2294921875,0.008818774184265799,0.9196235440072761
2021-10-18,15886.1298828125,15949.179606107497,15871.379901853628,15924.079052572944,37294700,15886.1298828125,0.007413196103393416,0.7658077165801249
2021-10-19,15757.8291015625,16004.429366565437,15716.679741053276,16003.929367216157,29624900,15757.8291015625,-0.00807627673929645,-0.9292429633721393
2021-10-20,15568.6298828125,15776.3288279706,15496.979586569014,15767.979229594128,26118900,15568.6298828125,-0.012006680459000552,-1.359356600242327
2021-10-21,15487.6298828125,15666.979254703563,15373.429838717013,15666.57886460874,25219900,15487.6298828125,-0.005202769968179588,-0.6147881297121428
2021-10-22,15399.6796875,15600.429420160812,15328.879977096743,15537.029113966242,26580900,15399.6796875,-0.005678738191574606,-0.6668744898417036
2021-10-25,15334.3291015625,15498.379663414697,15181.579305846895,15491.979281349431,24239700,15334.3291015625,-0.004243632806891773,-0.509827417755075
2021-10-26,15499.6298828125,15528.8798441114,15356.479681591862,15360.329285873388,23773200,15499.6298828125,0.010779785679254639,1.1342218006254012
2021-10-27,15484.3291015625,15583.179556580111,15454.079141626264,15541.729416165164,19087300,15484.3291015625,-0.0009871707496039717,-0.15346485587166694
2021-10-28,15190.830078125,15475.430298144507,15148.180718897902,15475.38049352104,23872900,15190.830078125,-0.018954584439043187,-2.1196826284565407
2021-10-29,15086.880859375,15266.38062699729,14961.480631091255,15163.480369585424,23416500,15086.880859375,-0.00684289260135218,-0.7942707378550236
2021-11-01,15302.6796875,15318.129862107024,15111.279553378969,15179.380048051918,18625900,15302.6796875,0.014303740457451974,1.5198567414377004
2021-11-02,15314.6298828125,15373.679608426544,15278.679735640822,15344.329061792349,17088900,15314.6298828125,0.0007809217442003025,0.040021805312922196
2021-11-03,15282.7294921875,15397.27914316144,15212.12997754961,15367.679573505944,16168200,15282.7294921875,-0.002083001082566205,-0.2733842340109027
2021-11-04,15376.8798828125,15396.829074956691,15363.32911963486,15380.92968209887,3711800,15376.8798828125,0.006160574305337896,0.6287302671355436
2021-11-08,15520.1298828125,15535.029277187408,15313.179960957132,15474.229552838757,17639800,15520.1298828125,0.009315934122638092,0.9740289650400966
2021-11-09,15541.9296875,15579.479442640026,15487.679759083603,15542.029296743563,20442100,15541.9296875,0.0014046148358359822,0.108274057006402
2021-11-10,15521.0791015625,15562.429632864048,15458.479574899491,15492.0293352581,18928100,15521.0791015625,-0.0013415699566746708,-0.19224762291743114
2021-11-11,15411.0791015625,15499.87976464379,15351.17976720917,15497.22937754571,15128100,15411.0791015625,-0.0070871360992501575,-0.8209988977730852
2021-11-12,15578.9794921875,15591.42967111087,15429.5792982295,15504.329199830438,15403600,15578.9794921875,0.01089478481801942,1.1468064360314514
2021-11-15,15592.5791015625,15664.429593000148,15558.029342315844,15625.7294485872,13277500,15592.5791015625,0.0008729460990573035,0.05009225424664071
2021-11-16,15525.3798828125,15626.629749069343,15492.579144889707,15613.078985718845,15066000,15525.3798828125,-0.004309692342254423,-0.5170564733511559
2021-11-17,15454.9296875,15560.729351797365,15436.929711384944,15487.129840084728,13699600,15454.9296875,-0.004537743736015898,-0.5420126919381483
2021-11-18,15302.529296875,15502.578833464442,15239.779380969823,15461.479279169354,17285100,15302.529296875,-0.00986095658191588,-1.1245448184741254
2021-11-22,14976.6806640625,15339.630386048371,14846.680833596674,15333.880393547,21107300,14976.6806640625,-0.02129377611314509,-2.37566606172079
2021-11-23,15107.7802734375,15137.130821430785,14820.3812309228,14875.980768419044,21444000,15107.7802734375,0.008753582473690624,0.9124894565880357
2021-11-24,15046.48046875,15199.180465848583,14997.280337302274,15159.930516797413,18733500,15046.48046875,-0.00405749908841857,-0.4894583523088648
2021-11-25,15150.580078125,15166.63083868329,14984.680877930135,15057.580198015055,18600600,15150.580078125,0.006918535506772017,0.7116758045929196
2021-11-26,14707.1806640625,15012.079673216753,14674.730511844053,14990.829701436878,22366800,14707.1806640625,-0.029266167485078487,-3.2481042365434347
2021-11-29,14656.4306640625,14749.48034475142,14402.08041707371,14683.030237990744,22389800,14656.4306640625,-0.0034506953548214536,-0.42305434413651527
2021-11-30,14648.330078125,14912.730116214032,14608.580131125318,14662.030255170464,27044600,14648.330078125,-0.0005526984109004429,-0.10591949131218617
2021-12-01,14784.6806640625,14822.480418814768,14694.28039286046,14743.680718225334,23191800,14784.6806640625,0.0093082682606338,0.9731900711193828
2021-12-02,14973.9306640625,14990.280252111912,14786.631103679229,14808.780488851173,21443100,14973.9306640625,0.012800411743759454,1.3553438245543554
2021-12-03,14856.2802734375,15054.93040290121,14845.230483276937,15002.630666971108,24686700,14856.2802734375,-0.007857014518396377,-0.9052485653445836
2021-12-06,14618.330078125,14882.130506916676,14599.330103510476,14876.230124175056,29125700,14618.330078125,-0.016016808442820385,-1.7981946572054712
2021-12-07,14834.48046875,14881.73040654018,14683.230667887252,14733.230602056756,20653700,14834.48046875,0.014786257354282073,1.572659738826105
2021-12-08,15073.23046875,15084.480454172748,14941.28044441272,14945.280439229698,17358100,15073.23046875,0.016094260968757546,1.7157977551171517
2021-12-09,15126.580078125,15140.98045015642,15023.18079757035,15126.530273501809,31331000,15126.580078125,0.0035393613522731737,0.3418845595045753
2021-12-10,15154.98046875,15168.78025565278,15069.78038324062,15103.630925552634,24527100,15154.98046875,0.0018775156366024337,0.16002474161846406
2021-12-13,15064.23046875,15279.98018902368,15052.880874090106,15258.079826793191,20542300,15064.23046875,-0.005988130449071094,-0.7007320369491826
2021-12-14,15043.23046875,15071.980431422731,14947.930787794028,15005.480517762328,18233700,15043.23046875,-0.0013940307169066912,-0.19798853148192536
2021-12-15,14953.080078125,15075.68050392562,14936.58009967676,15050.07995142677,15148200,14953.080078125,-0.005992754735246075,-0.7012380838304937
2021-12-16,14936.4306640625,15078.82989192021,14891.580136772667,15072.930485571922,16631600,14936.4306640625,-0.0011134437838566935,-0.16728322107644059
2021-12-17,14673.130859375,14966.079688183898,14658.480488250954,14952.7300965784,19187800,14673.130859375,-0.017628027110988875,-1.9745142341702677
2021-12-20,14300.681640625,14533.780947560934,14128.132059815189,14523.48115623709,21177200,14300.681640625,-0.025383077566709877,-2.8231682640094933
2021-12-21,14461.3818359375,14584.931482104528,14386.431736789784,14423.681688996205,16597200,14461.3818359375,0.011237240248463953,1.1842821665565417
2021-12-22,14639.73046875,14652.330061315552,14522.530429797158,14542.680793539028,14099700,14639.73046875,0.012332751796186647,1.3041666592518035
2021-12-23,14751.4306640625,14779.280236563996,14708.680720664455,14738.28029084891,12816000,14751.4306640625,0.007629935233502749,0.7895260066468829
2021-12-24,14664.7802734375,14819.18045842501,14605.030353015278,14813.88066079603,13972600,14664.7802734375,-0.005874033007259305,-0.6882460764334145
2021-12-27,14727.580078125,14745.530249632551,14515.23075036095,14617.13100584906,13582600,14727.580078125,0.004282355651877623,0.4231922324987242
2021-12-28,14867.830078125,14880.830061047463,14805.28035560647,14809.480545401357,12287100,14867.830078125,0.009522949408933501,0.996683151232182
2021-12-29,14863.380859375,14922.330000662783,14835.330114985129,14866.180660383416,16171400,14863.380859375,-0.0002992513854827017,-0.07818416699680962
2021-12-30,14842.0302734375,14894.630790155774,14814.980504345926,14856.080059636295,18167500,14842.0302734375,-0.0014364555506920507,-0.20263118421033463
2021-12-31,14996.1806640625,15022.330044067658,14877.830232266371,14879.230621067483,18385200,14996.1806640625,0.010386071702122912,1.0911367226875293
2022-01-03,15204.580078125,15220.030253590769,15028.530499584378,15030.480692391731,17499900,15204.580078125,0.013896832715673879,1.4753278377504253
2022-01-04,15318.7294921875,15333.579081682745,15168.130084426111,15260.879960258046,20299700,15318.7294921875,0.007507567685261396,0.7761350282735622
2022-01-05,15396.3798828125,15410.579082649318,15264.829276786491,15329.729580964984,19135100,15396.3798828125,0.005068983734232146,0.5092748564463724
2022-01-06,15290.0791015625,15315.479458119282,15197.079226298549,15275.729511433885,18769800,15290.0791015625,-0.006904271137702089,-0.8009875403460451
2022-01-07,15348.529296875,15418.379789482333,15255.42981189412,15333.429707675194,19623500,15348.529296875,0.0038227529710115338,0.37289679348527743
2022-01-10,15495.529296875,15503.979481003966,15400.529422604142,15427.629972674977,18574200,15495.529296875,0.009577464860423435,1.0026489096575584
2022-01-11,15530.529296875,15559.079063862995,15462.029387328022,15497.479535829176,39161700,15530.529296875,0.0022587160031415365,0.20174042471900971
2022-01-12,15667.8798828125,15678.67967336407,15595.629977380975,15627.029350344586,24868800,15667.8798828125,0.00884390887856834,0.9223740947265037
2022-01-13,15721.029296875,15730.929674585128,15629.42980698996,15710.279310898171,19011400,15721.029296875,0.003392253097421527,0.32578614544327583
2022-01-14,15730.3798828125,15754.429656146132,15619.52944139154,15667.929768916676,16010500,15730.3798828125,0.0005947820439058393,0.01965208526146507
2022-01-17,15781.2294921875,15794.929669696528,15718.229574056311,15731.329166408304,16968900,15781.2294921875,0.0032325735140421585,0.3083120203306558
2022-01-18,15573.0791015625,15834.179343663383,15546.629917642793,15819.429363087278,18803800,15573.0791015625,-0.013189744862911024,-1.488822214898295
2022-01-19,15472.4794921875,15580.37973979741,15403.179779352477,15580.37973979741,18236200,15472.4794921875,-0.006459840646728998,-0.7523524309678079
2022-01-20,15361.0791015625,15486.129715863646,15280.529404412891,15464.429549521958,14523600,15361.0791015625,-0.007199905527827566,-0.8333395305711973
2022-01-21,15180.7802734375,15294.68051752101,15069.030417212349,15252.880766612128,16241600,15180.7802734375,-0.011737380358041394,-1.32988643531948
2022-01-24,14712.0302734375,15165.38025752116,14577.131038463176,15154.97988070339,20927900,14712.0302734375,-0.03087785947473287,-3.4244756102294396
2022-01-25,14832.1806640625,14852.980441360523,14410.881414148513,14577.53060876472,20596200,14832.1806640625,0.008166812356410924,0.8482777757663723
2022-01-27,14679.6806640625,14735.730394176082,14489.780526098792,14671.680674706451,22473700,14679.6806640625,-0.010281697846999616,-1.1705875582566312
2022-01-28,14723.23046875,14952.130555725278,14701.580106845506,14773.030207375154,21083500,14723.23046875,0.002966672483149857,0.2792138239109684
2022-01-31,14921.4306640625,14975.780202297245,14857.530357079137,14894.730503698896,17018300,14921.4306640625,0.01346173285361374,1.4277138017840405
2022-02-01,15116.1806640625,15138.18063563687,14850.280617000495,15073.130914998535,22909000,15116.1806640625,0.01305169754727653,1.3828426411015557
2022-02-02,15293.3291015625,15304.57908647667,15201.429810733693,15218.22959289328,19792700,15293.3291015625,0.011719126771298605,1.2370161805857023
2022-02-03,15135.880859375,15296.329871082557,15100.980513785196,15289.130661622374,17185400,15135.880859375,-0.010295223567209688,-1.1720677107106088
2022-02-04,15085.4306640625,15188.38072608458,15048.330126159415,15159.579982123176,17002800,15085.4306640625,-0.0033331522480405384,-0.4101913161241241
2022-02-07,14870.580078125,15126.630523074382,14796.180761779711,15065.03001804394,17777600,14870.580078125,-0.014242257362219735,-1.6040012171619815
2022-02-08,14857.0302734375,14955.230339654883,14689.131080097515,14926.480377449969,17937100,14857.0302734375,-0.0009111819859288772,-0.1451492206757933
2022-02-09,15016.330078125,15026.480455547737,14925.03039218802,14942.730564478485,14131700,15016.330078125,0.010722183488601322,1.1279182528271479
2022-02-10,15112.1806640625,15134.080049821843,14972.33025887014,15084.330114119544,16758500,15112.1806640625,0.0063830899719719,0.6530806976413825
2022-02-11,14891.2802734375,14990.579947884567,14862.030311801447,14988.93053598542,13991100,14891.2802734375,-0.014617373596539363,-1.645051098878563
2022-02-14,14400.3818359375,14638.631528956155,14370.681678893232,14606.530984379751,17338500,14400.3818359375,-0.032965495812717016,-3.6529307313385555
2022-02-15,14805.5302734375,14822.730446059772,14348.381462439364,14468.980912721245,18131200,14805.5302734375,0.028134562132853702,3.033397190701756
2022-02-16,14789.880859375,14935.579885717492,14756.480512857896,14876.630744814664,14687200,14789.880859375,-0.0010569978767039911,-0.1611062081934705
2022-02-17,14772.0302734375,14895.630695953269,14725.030335579771,14857.079965674187,11736900,14772.0302734375,-0.001206945891398803,-0.17751538408003956
2022-02-18,14710.6806640625,14814.980330272188,14692.630883339543,14711.280272641405,11076300,14710.6806640625,-0.004153092583713214,-0.49991938095998967
2022-02-21,14597.080078125,14733.07989615392,14498.180796392156,14638.330022931565,16852100,14597.080078125,-0.007722320165308272,-0.8905086347409754
2022-02-22,14489.03125,14527.181591769582,14267.581338276776,14269.431921844416,17897800,14489.03125,-0.007402085043495821,-0.8554645266240896
2022-02-23,14506.931640625,14629.031093832087,14482.281281528356,14581.031155225077,13590500,14506.931640625,0.001235444269264141,0.08976131052317743
2022-02-24,13775.6826171875,14180.831514269596,13747.43265323518,14055.831673772604,28966600,13775.6826171875,-0.050406870422531,-5.56158276823598
2022-02-25,14187.3818359375,14247.031171988792,14007.681875642049,14018.081276103898,20825600,14187.3818359375,0.02988593960754704,3.225054686698017
2022-02-28,14307.931640625,14320.931623766475,13928.781741685874,14047.731782742616,20396100,14307.931640625,0.00849697330215915,0.8844080909338332
2022-03-02,14199.78125,14265.481359462938,14104.731569512802,14161.681690409248,19608300,14199.78125,-0.007558771829600075,-0.8726111426531106
2022-03-03,14135.931640625,14364.58075456488,14094.281304669828,14327.68138893613,19812900,14135.931640625,-0.004496520633020307,-0.5375015475323917
2022-03-04,13893.1318359375,14074.981202447305,13828.431727033903,14020.181470946463,21633600,13893.1318359375,-0.017176073771446476,-1.9250558811792822
2022-03-07,13564.232421875,13637.482326949172,13438.28238978334,13594.73238234957,21321300,13564.232421875,-0.02367352573533732,-2.6360878498720117
2022-03-08,13706.732421875,13720.082014129888,13423.532589750595,13504.732680928477,19866800,13706.732421875,0.010505570501003092,1.104213766842129
2022-03-09,13979.5810546875,14037.631758888503,13721.93198259505,13786.38209236481,18635900,13979.5810546875,0.01990617635294689,2.132944925296029
2022-03-10,14188.9814453125,14316.781082878606,14079.831197421405,14313.181478210749,19468100,14188.9814453125,0.0149790175975828,1.5937539609983504
2022-03-11,14237.1318359375,14268.281209404262,14098.681821061396,14145.481564756652,15297400,14237.1318359375,0.003393505785498574,0.3259232301457916
2022-03-14,14374.5810546875,14389.331035648249,14189.08129413031,14248.881998189652,14504100,14374.5810546875,0.009654277303455805,1.0110546820884945
2022-03-15,14215.8310546875,14433.731160906447,14130.88194681418,14408.731193536732,17662800,14215.8310546875,-0.011043800121620428,-1.2539862634229488
2022-03-16,14481.78125,14491.431628260516,14369.481589195706,14392.531364350833,12845200,14481.78125,0.018708030103157913,2.001828867570053
2022-03-17,14721.6806640625,14756.530227202593,14644.730570839669,14667.18073636754,26001700,14721.6806640625,0.016565601283509146,1.7673776719498715
2022-03-21,14602.330078125,14789.82982733595,14590.680679644076,14773.030045118889,14982200,14602.330078125,-0.008107130473822166,-0.9326193625703575
2022-03-22,14724.0302734375,14738.130840670769,14492.23077622926,14613.08022529891,15208600,14724.0302734375,0.008334299708429027,0.8666063239877969
2022-03-23,14695.130859375,14833.280089823813,14660.430710182354,14806.579929998406,16799700,14695.130859375,-0.0019627380225260005,-0.26022355489905713
2022-03-24,14699.330078125,14744.680603804483,14595.680801783055,14598.730602418234,16090800,14699.330078125,0.00028575579150569297,-0.014165409018282383
2022-03-25,14651.6806640625,14768.280118005974,14590.43074571098,14763.880709808052,13966800,14651.6806640625,-0.003241604468315895,-0.4001730199660588
2022-03-28,14675.830078125,14694.830052838985,14515.63107257499,14686.230454908717,15473700,14675.830078125,0.0016482350807531798,0.13493401283517126
2022-03-29,14761.880859375,14773.130844490292,14689.580173785083,14744.030297055344,17226200,14761.880859375,0.005863435375847104,0.5962136315089569
2022-03-30,14896.880859375,14924.73043223652,14823.53036960708,14880.680685302494,21485900,14896.880859375,0.00914517609822485,0.9553424991849613
2022-03-31,14894.48046875,14963.38076902549,14870.980499565696,14925.5302327217,18152500,14894.48046875,-0.0001611337734159779,-0.06306962083860562
2022-04-01,15087.2802734375,15111.330046991348,14882.580343119447,14890.08033341033,18543400,15087.2802734375,0.012944379301581765,1.3710985445022938
2022-04-04,15384.1796875,15393.32908936593,15184.679953442235,15192.779552020102,19565500,15384.1796875,0.019678789595048318,2.108061439427753
2022-04-05,15390.4794921875,15477.779180548174,15360.179727874434,15433.029240177466,18703800,15390.4794921875,0.0004094989018244011,-0.0006238995417914226
2022-04-06,15327.8798828125,15387.379803205064,15293.829147120405,15318.129895857415,28404700,15327.8798828125,-0.004067424241510964,-0.4905444859474174
2022-04-07,15201.23046875,15361.180458551293,15185.680684041588,15292.329961076122,33025600,15201.23046875,-0.008262683099736101,-0.9496418646917394
2022-04-08,15342.3798828125,15386.07904315082,15202.479679188942,15271.329196534349,23851300,15342.3798828125,0.009285393991800062,0.9706868842560327
2022-04-11,15325.4794921875,15386.82901946754,15294.27933862553,15337.479476129703,17506800,15325.4794921875,-0.0011015494828108263,-0.16598159878883192
2022-04-12,15164.6806640625,15283.329925311473,15078.430775147472,15281.829927243383,17714300,15164.6806640625,-0.010492254301535553,-1.193629263100571
2022-04-13,15138.5302734375,15284.68047550416,15126.630874727229,15239.630728938411,13886300,15138.5302734375,-0.001724427385205174,-0.2341446423412831
2022-04-18,14926.0302734375,14971.480409276855,14821.230605884151,14942.58005646901,16671700,14926.0302734375,-0.014037029761922004,-1.5815426617958566
2022-04-19,14726.630859375,15041.63044160561,14617.0304187955,15012.730089309813,18536600,14726.630859375,-0.01335917256025887,-1.5073630998276197
2022-04-20,14850.2802734375,14905.230396479004,14747.930798673642,14807.130916125505,14619100,14850.2802734375,0.008396313810214329,0.8733926779499599
2022-04-21,15053.9306640625,15067.430646547373,14929.13102129238,14946.28041310494,14359400,15053.9306640625,0.013713572193601475,1.4552731931732965
2022-04-22,14894.830078125,15015.329920116312,14875.78029841704,14948.080008299585,14869400,14894.830078125,-0.010568707235865893,-1.2019956936200025
2022-04-25,14672.98046875,14769.07995020668,14623.080144547475,14758.579964183244,15260000,14672.98046875,-0.014894403508557974,-1.6753671558227394
2022-04-26,14898.330078125,14915.330055838556,14785.830225608828,14818.780377724695,13574900,14898.330078125,0.015358134624041897,1.635241659127745
2022-04-27,14755.98046875,14825.530181380396,14678.93076604671,14797.330023394074,15429600,14755.98046875,-0.009554735908557266,-1.091034345531405
2022-04-28,14913.880859375,14964.580011729282,14765.830272012365,14886.480504633562,16131500,14913.880859375,0.010700772541641701,1.1255752008349391
2022-04-29,14783.330078125,15011.680362373609,14743.330130971615,14991.430389127208,16095600,14783.330078125,-0.008753642494598202,-1.0033687451699673
2022-05-02,14736.2802734375,14751.030253888091,14617.730625873966,14647.23058677515,14132500,14736.2802734375,-0.0031826255951031834,-0.3937188184475606
2022-05-04,14393.3310546875,14798.2807279725,14343.581118820988,14771.431153209742,16213000,14393.3310546875,-0.02327244137505813,-2.5921962129832643
2022-05-05,14395.4814453125,14606.030978617566,14365.531288603488,14542.131646916474,13458000,14395.4814453125,0.00014940187346690337,-0.02908694985011799
2022-05-06,14145.7314453125,14204.9813675955,14073.43173545916,14159.081037177091,15272500,14145.7314453125,-0.017349193977900912,-1.9440008463594598
2022-05-09,13991.7314453125,14088.281121963731,13879.531398790508,14002.731430725222,14199300,13991.7314453125,-0.010886676351475,-1.236791827167659
2022-05-10,13855.931640625,14068.381551442611,13823.331098343378,13953.931509391894,13461200,13855.931640625,-0.00970571835360634,-1.1075567216471338
2022-05-11,13771.7822265625,13949.081804947107,13589.332264126777,13888.132663991804,17869000,13771.7822265625,-0.006073168967994702,-0.7100380088687901
2022-05-12,13465.232421875,13670.98215327997,13389.732520435997,13656.9323669337,18293200,13465.232421875,-0.022259268963477963,-2.4813222921856086
2022-05-13,13471.482421875,13738.531878105769,13435.0322741241,13621.182421852998,17319000,13471.482421875,0.00046415834529867084,0.0053576162765857655
2022-05-16,13571.1826171875,13646.282129289575,13434.43279431322,13540.232461963304,15045600,13571.1826171875,0.007400833270628571,0.764454821727149
2022-05-17,13926.03125,13944.68161577573,13632.132227521031,13648.432010491118,15444600,13926.03125,0.02614721522965091,2.8159169863212226
2022-05-18,13918.181640625,14063.981250943272,13896.58108348376,13989.330959836503,15887800,13918.181640625,-0.0005636644952236036,-0.10711953658662299
2022-05-19,13550.8828125,13680.632644189283,13520.932656038663,13625.732324780654,15232100,13550.8828125,-0.026389857354132573,-2.9333426244002294
2022-05-20,13895.03125,13906.38182078055,13733.531465658243,13755.031436948322,13959800,13895.03125,0.02539675401683361,2.7337921908564042
2022-05-23,13835.78125,14005.481217733744,13813.581084459374,13929.731319319311,15691000,13835.78125,-0.004264114195496993,-0.5120687459160931
2022-05-24,13747.232421875,13883.532052280734,13709.382860896963,13858.032084886689,15712100,13747.232421875,-0.0063999875774994885,-0.7458025640533512
2022-05-25,13587.732421875,13821.38251023246,13574.482439016188,13805.081750070363,13674500,13587.732421875,-0.011602335299590871,-1.3151081261752289
2022-05-26,13722.5322265625,13756.831987313102,13445.232777086729,13651.532317511112,16812400,13722.5322265625,0.009920699091077623,1.0402098661834513
2022-05-27,13873.1318359375,13885.031234085092,13768.281390232738,13839.28129527357,12515500,13873.1318359375,0.010974622386638488,1.155543255311738
2022-05-30,14154.78125,14163.031239185564,14009.632026205258,14022.581227980894,13958800,14154.78125,0.020301790352262428,2.176237927281885
2022-05-31,14119.5810546875,14215.43151466692,14067.031319056152,14105.981463183864,25869900,14119.5810546875,-0.002486806026232302,-0.3175735909555023
2022-06-01,14082.8818359375,14186.881698914056,14009.031347300592,14132.0809898659,13703100,14082.8818359375,-0.002599171930658395,-0.3298700651244595
2022-06-02,14167.931640625,14179.28123513628,14029.781430925066,14059.231587668884,12776700,14167.931640625,0.006039232997784971,0.6154515927763351
2022-06-03,14077.8818359375,14299.981152584982,14064.881853071514,14280.33078785922,12054000,14077.8818359375,-0.006355889269630044,-0.7409767789864228
2022-06-06,14054.0810546875,14081.18160484591,13932.131996938895,14042.381851383196,11181400,14054.0810546875,-0.00169065073335406,-0.23044838119229497
2022-06-07,13935.5810546875,13990.181567926527,13883.73151434816,13978.631778617126,11151200,13935.5810546875,-0.008431714570229842,-0.9681393895528884
2022-06-08,13886.8818359375,14020.43146218526,13832.431713377477,13981.631709339295,12313500,13886.8818359375,-0.003494595493283681,-0.42785844304331017
2022-06-09,13977.0810546875,13988.981429514655,13789.981693688407,13816.681853556229,11137600,13977.0810546875,0.006495282369046729,0.6653581844789616
2022-06-10,13781.7314453125,13860.031144583168,13757.931672667224,13824.981387084028,10328000,13781.7314453125,-0.013976423876391975,-1.5749104123629607
2022-06-13,13416.8828125,13527.732276645607,13356.18269671374,13521.18248053932,13059200,13416.8828125,-0.026473352369421943,-2.9424796869637024
2022-06-14,13388.2822265625,13506.482266684436,13324.132896724766,13341.932678042069,12380200,13388.2822265625,-0.002131686348997075,-0.27871198110761886
2022-06-15,13380.83203125,13448.432528382113,13366.732440397343,13412.182576002931,9733400,13380.83203125,-0.0005564713371307706,-0.10633237180444545
2022-06-16,13089.1826171875,13527.781637545704,13064.032260338186,13508.6820538205,13847500,13089.1826171875,-0.02179605972045484,-2.4306321783050016
2022-06-17,12994.7333984375,13111.93344401981,12903.83312394313,13011.38376779064,16444300,12994.7333984375,-0.007215822524011428,-0.8350813661700108
2022-06-20,12950.7333984375,13049.383662602591,12855.5333251621,13026.133692406762,15527100,12950.7333984375,-0.0033859871265454755,-0.41597316536099177
2022-06-21,13241.8828125,13275.48237727278,13019.332326677795,13042.782490861044,14516100,13241.8828125,0.022481307050736365,2.4147477396709554
2022-06-22,13047.732421875,13184.882627728932,13028.332057386498,13176.081858335476,12845000,13047.732421875,-0.01466184177689045,-1.6499173599906007
2022-06-23,13178.7822265625,13231.882741673464,13021.23263201782,13081.882941746217,12346900,13178.7822265625,0.010043875859056639,1.0536893994404977
2022-06-24,13322.482421875,13337.682597131885,13247.932715550854,13269.182687512935,11934800,13322.482421875,0.01090390544756592,1.1478045287019636
2022-06-27,13444.5322265625,13510.7821399437,13432.632828057933,13506.331950449625,12031200,13444.5322265625,0.009161190896908034,0.9570950375491084
2022-06-28,13464.232421875,13487.48239152118,13330.73259616467,13389.83212838273,12423600,13464.232421875,0.0014652942163044802,0.11491434916913697
2022-06-29,13417.83203125,13462.0321686578,13328.18273463319,13337.632917565412,14134000,13417.83203125,-0.0034461964983324433,-0.42256202333075565
2022-06-30,13387.5322265625,13492.132675157303,13352.382858651896,13410.782196034776,12962500,13387.5322265625,-0.002258174391878809,-0.292553875229516
2022-07-01,13394.4326171875,13422.432580441871,13192.883077002656,13335.232499566016,12922700,13394.4326171875,0.0005154341000432883,0.010968846808937172
2022-07-04,13472.6328125,13483.682602770528,13337.182793912967,13378.38293547048,10897700,13472.6328125,0.005838261130385991,0.5934587526102678
2022-07-05,13461.83203125,13628.43239964489,13439.382841813593,13533.732327989384,11431600,13461.83203125,-0.0008016830414897536,-0.1331664849099866
2022-07-06,13631.2822265625,13647.18259668329,13443.332273619551,13472.782430954809,11623700,13631.2822265625,0.012587454286990152,1.3320393721973425
2022-07-07,13765.58203125,13777.732406359431,13687.532326229008,13736.932653771666,12224500,13765.58203125,0.009852323681318609,1.0327273788205114
2022-07-08,13828.2314453125,13874.681578298325,13770.881912888965,13873.731384260793,10898100,13828.2314453125,0.00455116346844453,0.45260852554340697
2022-07-11,13886.8310546875,13905.931615104064,13755.731620479104,13771.38199019309,12512900,13886.8310546875,0.00423767924385321,0.4183031845260331
2022-07-12,13778.9814453125,13866.631717908209,13757.281279221304,13823.580994630034,12288000,13778.9814453125,-0.007766322564901951,-0.8953239243320603
2022-07-13,13726.9326171875,13861.282054520336,13714.182633514589,13842.782078210616,11008700,13726.9326171875,-0.003777407519676035,-0.4588072508241558
2022-07-14,13702.6328125,13797.581909446611,13617.132922181678,13771.182529249983,10796000,13702.6328125,-0.0017702283070198943,-0.23915674859260214
2022-07-15,13790.181640625,13804.031231365378,13695.181768447314,13761.081093842282,10832100,13790.181640625,0.006389197559547366,0.6537490658019909
2022-07-18,13984.3818359375,13993.381823996182,13877.58119639219,13883.78138347819,11714500,13984.3818359375,0.01408249727040567,1.4956455614675164
2022-07-19,14051.6318359375,14067.731424053558,13922.331225424425,13922.531420472576,12817300,14051.6318359375,0.004808936196749158,0.48081722204479366
2022-07-20,14164.3818359375,14230.88174882568,14139.981477275844,14220.181567529924,13558800,14164.3818359375,0.008023979087727007,0.8326471838371744
2022-07-21,14271.78125,14288.581032846168,14141.632005144029,14172.78137870935,13814800,14271.78125,0.007582358009440959,0.7843195153211152
2022-07-22,14336.5810546875,14359.731415350843,14265.23153765446,14325.031264947967,12466000,14336.5810546875,0.004540414651289515,0.45143225634352324
2022-07-25,14279.4814453125,14335.080982441736,14228.131902660842,14307.88179903422,13890600,14279.4814453125,-0.0039827912357340844,-0.48128289031756954
2022-07-26,14141.431640625,14286.481254995824,14122.53127479879,14284.681452669807,14923400,14141.431640625,-0.009667704336197569,-1.1033967552808888
2022-07-27,14262.53125,14272.181628070444,14099.882047534242,14131.781420097594,15076700,14262.53125,0.008563461780425996,0.8916840867950092
2022-07-28,14469.0810546875,14481.431624787025,14330.28142799221,14365.031383429976,17419500,14469.0810546875,0.01448198787908006,1.5393627902425193
2022-07-29,14665.630859375,14677.730452636122,14553.631008533062,14588.130962587053,19163900,14665.630859375,0.013584124931266706,1.4411074644705237
2022-08-01,14846.830078125,14858.280258374598,14666.180901709473,14741.380998095005,21202300,14846.830078125,0.01235536476319865,1.3066412512213763
2022-08-02,14876.580078125,14905.980430150696,14765.280419561235,14831.88091805989,32645700,14876.580078125,0.0020037947389075494,0.17384377086496725
2022-08-03,14878.0302734375,14906.680626451523,14750.730635863589,14880.630855961064,24019400,14878.0302734375,9.748176697099709e-05,-0.03476869336152576
2022-08-04,14892.4306640625,14974.68055619272,14687.980736883706,14944.93059520945,23193600,14892.4306640625,0.0009678963115642425,0.06048288689799372
2022-08-05,14900.380859375,14972.0799841426,14874.230503027591,14933.180621068945,21526200,14900.380859375,0.0005338413514783813,0.012983197095611512
2022-08-08,14993.330078125,15009.880837814944,14867.180828392406,14910.580185920187,14420200,14993.330078125,0.0062380431498512134,0.6372078711767545
2022-08-10,14985.7802734375,15033.280211529936,14919.180750862914,15033.280211529936,16945800,14985.7802734375,-0.0005035442192068418,-0.10054042858365282
2022-08-11,15095.130859375,15130.030228281992,15069.880892045365,15123.63082249954,14965900,15095.130859375,0.0072969564441915935,0.7530873280059937
2022-08-12,15140.5302734375,15162.280245380083,15060.730571691434,15102.780322134851,17364300,15140.5302734375,0.0030075535273881293,0.28368753599510466
2022-08-16,15280.4794921875,15287.42967817221,15203.47959552846,15222.879960116385,0,15280.4794921875,0.009243349884219487,0.9660858953220501
2022-08-17,15379.029296875,15398.429661629769,15306.52939355304,15325.329173171183,18814700,15379.029296875,0.006449392163242473,0.6603363076635499
2022-08-18,15404.5791015625,15415.229478008863,15325.179793202731,15355.579166795147,17490400,15404.5791015625,0.0016613405302954298,0.13636817404796908
2022-08-19,15236.630859375,15445.480201034075,15205.530313304092,15426.18042108622,19251200,15236.630859375,-0.010902488219912798,-1.2385221583815749
2022-08-22,15001.73046875,15186.130619298334,14980.380887170728,15183.079842020245,16482400,15001.73046875,-0.015416819688879424,-1.7325364288293321
2022-08-23,15090.48046875,15128.230419891135,14879.881131948714,14886.98073213487,18442000,15090.48046875,0.00591598417161765,0.6019641740165138
2022-08-24,15140.380859375,15152.430648518146,15037.13099256841,15062.43076461894,17547700,15140.380859375,0.0033067463112481654,0.3164289298998113
2022-08-25,15100.630859375,15252.780076646754,15075.080111172496,15208.829938179637,21575500,15100.630859375,-0.0026254293316133603,-0.33274347636282187
2022-08-26,15147.5302734375,15242.63073675231,15116.180704484685,15187.080027129485,17144700,15147.5302734375,0.0031057917049461814,0.29443797865756327
2022-08-29,14972.73046875,15016.23041200629,14793.930897298458,14797.780501651823,15438100,14972.73046875,-0.011539822105127384,-1.3082671552876153
2022-08-30,15325.029296875,15338.779278474902,15065.329449090434,15071.430026864198,18493600,15325.029296875,0.023529364190472357,2.5294391811022066
2022-09-01,15211.1806640625,15309.829951458703,15141.430753621817,15142.68075201681,18877200,15211.1806640625,-0.0074289341055756575,-0.8584026847781281
2022-09-02,15201.580078125,15304.98033589958,15184.280295664556,15272.430573032574,17211000,15201.580078125,-0.000631153238497939,-0.11450499387997914
2022-09-05,15294.3798828125,15311.92966396798,15217.32920487763,15221.729589602275,20630200,15294.3798828125,0.006104615718272477,0.6226065828747734
2022-09-06,15313.029296875,15386.729393485426,15247.979579304649,15339.279261720012,23402700,15313.029296875,0.001219363858188105,0.08800159203532647
2022-09-07,15319.3798828125,15333.97947264326,15199.380043454394,15222.229622241022,23294700,15319.3798828125,0.00041471780758595145,-5.278199314626675e-05
2022-09-08,15440.6796875,15448.729481496022,15365.679787112447,15430.179701445742,19620900,15440.6796875,0.007918062324676178,0.8210564548917165
2022-09-09,15467.3798828125,15548.82899357116,15426.379937173304,15547.529190607036,18832800,15467.3798828125,0.0017292111392035459,0.1437954198262378
2022-09-12,15577.3798828125,15600.129852861885,15522.379955220584,15524.679756880363,14038300,15577.3798828125,0.0071117410210008725,0.7328187538456249
2022-09-13,15669.8291015625,15686.829079313862,15635.129928224873,15667.329104834358,17992800,15669.8291015625,0.005934837530155113,0.6040273428882287
2022-09-14,15630.6796875,15688.079026253245,15423.88015413826,15423.88015413826,20237900,15630.6796875,-0.0024983944501727473,-0.318841740367643
2022-09-15,15580.3291015625,15724.429497825964,15543.8799307892,15685.97935312397,18056700,15580.3291015625,-0.003221266569601977,-0.3979473942527798
2022-09-16,15243.9306640625,15541.980086874884,15197.880918376128,15529.329712458146,25828900,15243.9306640625,-0.021591227971318294,-2.4082169418940627
2022-09-19,15293.529296875,15348.779222787776,15135.130095217435,15264.229531476933,15928100,15293.529296875,0.0032536642881371147,0.3106200350276987
2022-09-20,15470.3291015625,15557.27918161204,15410.229571856771,15423.479554292302,15145400,15470.3291015625,0.011560431948407501,1.2196498202080204
2022-09-21,15361.2294921875,15516.479284923254,15320.029351878718,15449.229374704384,16338000,15361.2294921875,-0.007052184129940797,-0.8171740187765438
2022-09-22,15335.279296875,15386.729423383436,15224.929835069928,15284.579169363593,18682200,15335.279296875,-0.001689330618079632,-0.2303039177676026
2022-09-23,15057.630859375,15360.180271625715,15032.730501048249,15324.279927567046,17232300,15057.630859375,-0.018105209049344095,-2.0267334140793944
2022-09-26,14725.6806640625,14932.48019446364,14671.030345922369,14916.88060577899,19942400,14725.6806640625,-0.022045313662728327,-2.4579086433353043
2022-09-27,14727.2802734375,14874.430468912602,14652.280372902016,14805.829973952756,16767400,14727.2802734375,0.00010862719432069845,-0.033549022143574275
2022-09-28,14620.580078125,14768.230271507971,14577.030331614464,14617.380863648748,15591200,14620.580078125,-0.00724507127802454,-0.8382821284477974
2022-09-29,14602.48046875,14783.73022632308,14569.08012279895,14748.180469184435,18135900,14602.48046875,-0.0012379542588792924,-0.18090870513852988
2022-09-30,14829.330078125,14881.2802050156,14516.28068574513,14586.881178696916,18679700,14829.330078125,0.015535005156176673,1.6545970315670375
2022-10-03,14638.48046875,14858.630565641875,14585.780343752129,14837.07981314576,16507500,14638.48046875,-0.01286973911630207,-1.4538032078677148
2022-10-04,14965.7802734375,14975.580065335676,14852.53042123542,14869.530399049418,15374400,14965.7802734375,0.022358864732320738,2.4013485790156404
2022-10-06,15053.0302734375,15119.88077263673,15042.18067813981,15063.530259813808,16492500,15053.0302734375,0.005829966657659558,0.5925510682895957
2022-10-07,15036.6806640625,15055.63083476049,14943.13098088734,15030.180672505385,15358600,15036.6806640625,-0.0010861340924723795,-0.1642946551374703
2022-10-10,14951.630859375,14989.030224582872,14818.480642683546,14856.98059239123,14204600,14951.630859375,-0.005656155543075969,-0.6644032157007762
2022-10-11,14721.880859375,14982.730122686056,14692.530312376331,14980.430321049658,14988000,14721.880859375,-0.015366216713138092,-1.7269988221393515
2022-10-12,14829.9306640625,14844.830058502266,14676.530475467942,14761.43075427795,14189900,14829.9306640625,0.007339402194570299,0.757732269688077
2022-10-13,14730.2802734375,14832.329942814771,14683.530335424422,14811.180556794776,13160400,14730.2802734375,-0.006719545281926642,-0.7807725407384433
2022-10-14,14815.080078125,14989.130629917932,14803.680679090736,14979.130643101273,12700800,14815.080078125,0.0057568357908583945,0.5845481796983734
2022-10-17,14906.130859375,14920.680644998163,14718.780518919468,14783.18082516184,14007300,14906.130859375,0.006145817691828759,0.6271154150346046
2022-10-18,15056.5302734375,15071.930644085222,15007.230532701358,15009.080139677058,17377200,15056.5302734375,0.010089768799252719,1.058711575487056
2022-10-19,15068.580078125,15153.030163976906,15039.78031076653,15120.380792233129,18958400,15068.580078125,0.0008003042180813047,0.04214287656336537
2022-10-20,15112.080078125,15128.38083830747,14979.580249371267,14998.430810945803,19466800,15112.080078125,0.0028868015283767257,0.2704733511026554
2022-10-21,15081.080078125,15181.880728829794,15036.080136403658,15159.579976461118,16520100,15081.080078125,-0.0020513390505965123,-0.2699193808577997
2022-10-24,15198.73046875,15248.030210084473,15179.130884561602,15225.430629751245,3966500,15198.73046875,0.007801191295021992,0.8082669739136378
2022-10-25,15158.080078125,15253.730345504227,15143.430682938308,15251.730348081232,17178200,15158.080078125,-0.0026745911909275,-0.3381233781777166
2022-10-27,15244.23046875,15273.280236218288,15172.13095175052,15246.530270490945,17901900,15244.23046875,0.005683463221000329,0.576518840953869
2022-10-28,15241.580078125,15290.130797159914,15191.58014219718,15265.43063349932,14885300,15241.580078125,-0.00017386188370960287,-0.06446248889982557
2022-10-31,15423.9794921875,15433.029284842343,15327.38001125173,15333.130003606506,14360800,15423.9794921875,0.011967224731790349,1.2641661437185516
2022-11-01,15537.3798828125,15545.829090410378,15460.679788736576,15507.929726371309,17563700,15537.3798828125,0.00735221352456028,0.7591342446830401
2022-11-02,15497.529296875,15561.079017467431,15470.379918739152,15560.429604264298,13563700,15497.529296875,-0.0025648202102326323,-0.32611087282291523
2022-11-03,15484.6796875,15519.129837186938,15401.279407329806,15407.77939872126,15335800,15484.6796875,-0.0008291392214107018,-0.13617108144574663
2022-11-04,15530.8291015625,15542.129867890308,15454.279397955692,15495.72953853501,17997500,15530.8291015625,0.002980327329583421,0.2807081069615875
2022-11-07,15615.1298828125,15647.229450030189,15505.729635866084,15610.929693016233,20987100,15615.1298828125,0.005427963999778962,0.5485589398612413
2022-11-09,15567.2294921875,15686.328944664368,15534.82914424577,15684.429533104098,22865100,15567.2294921875,-0.0030675627410390316,-0.3811272105213596
2022-11-10,15439.9794921875,15523.879771373804,15384.329175478808,15490.229425444137,16961400,15439.9794921875,-0.008174222655602303,-0.9399614231750587
2022-11-11,15649.0791015625,15662.029279904044,15612.42973552828,15633.479512630458,23015400,15649.0791015625,0.013542738802263532,1.4365784797323162
2022-11-14,15650.1796875,15684.229447569092,15627.729521605936,15672.479462966136,19758100,15650.1796875,7.032911843296574e-05,-0.037740073719935825
2022-11-15,15693.8798828125,15708.879863211434,15609.479602476678,15678.479512311773,14906000,15693.8798828125,0.0027923126881030935,0.2601332075367426
2022-11-16,15663.279296875,15711.279234029049,15607.229565572989,15696.529253341085,18956700,15663.279296875,-0.0019498419871948336,-0.25881231039262453
2022-11-17,15597.2294921875,15661.07901761079,15573.929718135403,15630.529253091248,17510700,15597.2294921875,-0.004216856728123219,-0.5068972463422685
2022-11-18,15550.8291015625,15644.779172977396,15472.329205085029,15634.279186824358,17409900,15550.8291015625,-0.002974912348904124,-0.3709882528059435
2022-11-21,15453.779296875,15523.12979078149,15431.179717490588,15514.579020878718,18970500,15453.779296875,-0.006240812245679517,-0.7283836204150979
2022-11-22,15509.1796875,15518.079089794806,15437.279391948872,15472.6299311423,18894300,15509.1796875,0.0035849088796164885,0.34686893618269227
2022-11-23,15538.1298828125,15572.879836948194,15520.229515813082,15572.729446521684,19665600,15538.1298828125,0.0018666490359791066,0.15883558308722115
2022-11-24,15680.779296875,15706.479458576026,15567.729640037369,15588.429808277542,19380200,15680.779296875,0.009180603788123243,0.9592194374424017
2022-11-25,15727.2294921875,15743.079080895135,15668.329178366655,15719.779306589808,25809200,15727.2294921875,0.0029622376817557416,0.27872851281001015
2022-11-28,15784.4296875,15817.329058818215,15642.779480913065,15683.72962302137,24072600,15784.4296875,0.0036370166367136747,0.3525712147557205
2022-11-29,15812.4296875,15859.329040736737,15782.37992178532,15784.529333060156,20853400,15812.4296875,0.001773900011235341,0.1486858317655662
2022-11-30,15946.1298828125,15991.579043111777,15820.529458405728,15827.429840156365,31486200,15946.1298828125,0.008455385918217928,0.8798570823783501
2022-12-01,16003.9296875,16041.629834502644,15972.729532168114,16041.129835143354,20872600,16003.9296875,0.0036246917033957438,0.3512224673313829
2022-12-02,15963.4794921875,15991.02926148262,15909.579170806655,15977.479474202137,22312000,15963.4794921875,-0.002527516435172461,-0.3220286300040209
2022-12-05,15967.1796875,15999.779255005,15881.779406560803,15994.929651858698,23665500,15967.1796875,0.00023179127797989807,-0.020070876962490797
2022-12-06,15922.8291015625,15936.679669661156,15881.57915469038,15904.079125711536,23116300,15922.8291015625,-0.0027776092463104307,-0.34939689449409705
2022-12-07,15861.9794921875,15953.229374211336,15836.029330425734,15932.229401362016,20084400,15861.9794921875,-0.0038215325296073743,-0.46363595796265056
2022-12-08,15911.0791015625,15918.729482326911,15860.279362350857,15881.779334639512,19672900,15911.0791015625,0.003095427616659263,0.2933038112732861
2022-12-09,15812.7294921875,15967.279096436849,15727.329212319655,15964.828904302043,36793400,15812.7294921875,-0.006181202968524091,-0.7218604322601534
2022-12-12,15827.9794921875,15836.829090096357,15687.929868957868,15759.629971370812,27913900,15827.9794921875,0.0009644128806183261,0.06010168657869241
2022-12-13,15904.4794921875,15913.77928488351,15830.62997803674,15863.229545376676,34973000,15904.4794921875,0.004833213237214418,0.4834739176189937
2022-12-14,15963.779296875,15988.529265080042,15946.279319356285,15958.129890069991,44159300,15963.779296875,0.0037284970386253224,0.3625821375958626
2022-12-15,15783.779296875,15968.17944790949,15758.829133980164,15938.029096458742,33354300,15783.779296875,-0.011275525466280745,-1.279344531390991
2022-12-16,15636.3291015625,15799.328887780286,15625.22950674516,15710.879785035622,28777500,15636.3291015625,-0.009341881468254765,-1.0677411665168661
2022-12-19,15755.1796875,15763.979480733202,15606.130076823709,15658.829226977585,25370500,15755.1796875,0.007600926353335868,0.7863514943474065
2022-12-20,15726.1796875,15740.229473865798,15580.779486484946,15704.029325760304,23261300,15726.1796875,-0.0018406645036874725,-0.24686475287829843
2022-12-21,15527.529296875,15812.02892112527,15497.579141118838,15772.929363390578,30620200,15527.529296875,-0.012631827600373735,-1.427767972134491
2022-12-22,15431.4794921875,15636.07882965825,15369.579183825508,15599.5290735439,27560300,15431.4794921875,-0.0061857751385361315,-0.7223607759430196
2022-12-23,15045.98046875,15349.329684346118,15018.730504123292,15300.730138058392,28171000,15045.98046875,-0.024981339192568508,-2.7792050567933986
2022-12-27,15418.3291015625,15433.629862461064,15278.57928744276,15375.17974489266,25513000,15418.3291015625,0.0247473824378448,2.6627298798477934
2022-12-28,15432.779296875,15468.12983583702,15363.629974701413,15390.529353018735,23697500,15432.779296875,0.0009372089035921682,0.05712468921900777
2022-12-29,15485.1796875,15517.429644789738,15306.979728186783,15369.979644752786,21215900,15485.1796875,0.0033953955808601055,0.3261300350477445
2022-12-30,15448.8291015625,15581.929510813585,15425.629913608658,15557.729347626006,21417000,15448.8291015625,-0.0023474435990460396,-0.30232282165166785
2023-01-02,15523.650390625,15536.349609375,15433.2998046875,15479.9501953125,2100336300,15523.650390625,0.004843168926953245,0.48456339295702355
2023-01-03,15557.7998046875,15575.7001953125,15500.75,15515.75,20771100,15557.7998046875,0.002199831431602073,0.19529654286193468
2023-01-04,15393.0,15574.5,15375.7998046875,15563.150390625,21390500,15393.0,-0.010592744909717067,-1.2046261947235395
2023-01-05,15386.2001953125,15462.150390625,15286.400390625,15446.5,17566700,15386.2001953125,-0.00044174655281625785,-0.09377775967305407
2023-01-06,15272.0,15419.400390625,15219.849609375,15401.349609375,17314600,15272.0,-0.007422248109529406,-0.8576710199720076
2023-01-09,15450.099609375,15472.150390625,15353.349609375,15360.400390625,16224900,15450.099609375,0.011661839272852248,1.2307470703209142
2023-01-10,15325.25,15472.4501953125,15262.099609375,15470.0,16031600,15325.25,-0.008080828766905968,-0.9297411028229157
2023-01-11,15301.349609375,15375.099609375,15257.0,15342.75,16188500,15301.349609375,-0.0015595432782499197,-0.21610097355756933
2023-01-12,15279.599609375,15347.2001953125,15203.5498046875,15329.7001953125,15254100,15279.599609375,-0.00142144324227933,-0.20098835079430621
2023-01-13,15346.099609375,15370.0498046875,15215.0,15295.900390625,16543300,15346.099609375,0.004352208284253534,0.43083637592489143
2023-01-16,15305.4501953125,15421.25,15276.5,15398.150390625,18627400,15305.4501953125,-0.0026488433606717265,-0.33530573050012363
2023-01-17,15396.150390625,15411.0,15291.599609375,15328.849609375,16620100,15396.150390625,0.005926006367344749,0.6030609272665673
2023-01-18,15466.349609375,15479.650390625,15376.5,15416.599609375,14567100,15466.349609375,0.004559530594917094,0.45352416054019506
2023-01-19,15419.7001953125,15455.150390625,15387.25,15427.150390625,13979400,15419.7001953125,-0.0030161877392337333,-0.3755051191418122
2023-01-20,15347.900390625,15443.4501953125,15336.7001953125,15428.2001953125,14565800,15347.900390625,-0.0046563683974431,-0.5549940771055707
2023-01-23,15403.2001953125,15427.5,15364.25,15411.5,17463500,15403.2001953125,0.0036030859778890534,0.34885810024911246
2023-01-24,15388.5498046875,15459.2998046875,15364.2001953125,15451.2001953125,13851600,15388.5498046875,-0.0009511264178374557,-0.14952043699506895
2023-01-25,15171.9501953125,15368.7001953125,15146.400390625,15364.400390625,17964600,15171.9501953125,-0.014075375010907276,-1.5857388756389956
2023-01-27,14874.75,15165.400390625,14779.099609375,15160.150390625,23619800,14874.75,-0.019588793232680257,-2.1890856389917617
2023-01-30,14854.2001953125,14955.150390625,14675.0498046875,14807.5,21766700,14854.2001953125,-0.0013815226936587655,-0.19661974808131652
2023-01-31,14935.5,14962.9501953125,14787.849609375,14906.4501953125,21357100,14935.5,0.005473186278528441,0.5535077237948063
2023-02-01,14847.650390625,15154.099609375,14622.650390625,15054.7998046875,26382500,14847.650390625,-0.005881932936627532,-0.6891105849149609
2023-02-02,14839.400390625,14887.4501953125,14698.400390625,14760.349609375,20569100,14839.400390625,-0.0005556434710510816,-0.10624177640616833
2023-02-03,14962.349609375,14972.150390625,14746.4501953125,14904.099609375,20226200,14962.349609375,0.0082853225543853,0.8612466349198035
2023-02-06,14934.150390625,14954.2998046875,14870.5498046875,14939.400390625,21782900,14934.150390625,-0.0018846785088039164,-0.2516813124899614
2023-02-07,14902.2001953125,14970.7998046875,14845.9501953125,14950.150390625,16800000,14902.2001953125,-0.002139404952862689,-0.2795566466984731
2023-02-08,15028.2998046875,15046.7001953125,14924.0498046875,14927.5498046875,17301500,15028.2998046875,0.008461811525969587,0.8805602522601901
2023-02-09,15030.099609375,15054.75,14956.900390625,15036.849609375,15692900,15030.099609375,0.00011976103157973483,-0.03233061925742866
2023-02-10,15015.849609375,15031.099609375,14969.5498046875,14992.650390625,15674600,15015.849609375,-0.0009480975090219168,-0.14918897613778642
2023-02-13,14900.5,15022.5498046875,14875.849609375,15011.349609375,13892400,14900.5,-0.007681856996155756,-0.886080651743648
2023-02-14,14968.900390625,14988.0,14879.349609375,14936.2001953125,13173500,14968.900390625,0.004590476200463156,0.45691061340757866
2023-02-15,15039.650390625,15053.5498046875,14923.25,14939.0,12612200,15039.650390625,0.004726466083260883,0.47179231697773616
2023-02-16,15083.75,15135.349609375,15060.0,15098.4501953125,12628100,15083.75,0.0029322230390733672,0.275443937472684
2023-02-17,15003.9501953125,15077.0,14966.2998046875,15036.25,11788700,15003.9501953125,-0.005290448640921541,-0.6243830200843287
2023-02-20,14938.650390625,15036.4501953125,14920.7001953125,15023.4501953125,14870400,14938.650390625,-0.0043521741832961425,-0.521705364522257
2023-02-21,14913.9501953125,14992.7001953125,14894.150390625,14982.0,13621400,14913.9501953125,-0.0016534422231342383,-0.2263765634365419
2023-02-22,14701.900390625,14861.0498046875,14674.25,14854.150390625,14453300,14701.900390625,-0.01421821864164119,-1.6013706015125229
2023-02-23,14666.75,14740.7998046875,14599.099609375,14715.2001953125,17382800,14666.75,-0.002390873947657468,-0.30707551031267083
2023-02-24,14630.4501953125,14741.9501953125,14598.9501953125,14723.400390625,14434600,14630.4501953125,-0.0024749726208942446,-0.31627863263328343
2023-02-27,14548.7001953125,14609.400390625,14465.7001953125,14600.900390625,13597900,14548.7001953125,-0.00558766127553556,-0.6569077214417837
2023-02-28,14518.75,14584.4501953125,14476.0,14550.0,20385500,14518.75,-0.0020586165712693782,-0.27071577764226035
2023-03-01,14664.849609375,14675.0498046875,14550.099609375,14557.0,16097000,14664.849609375,0.010062822858372789,1.0557628156503367
2023-03-02,14587.25,14668.400390625,14575.9501953125,14654.7998046875,15599200,14587.25,-0.00529153802746074,-0.6245022343024467
2023-03-03,14774.75,14813.0498046875,14676.0498046875,14686.25,18314000,14774.75,0.012853690723062972,1.361174272821561
2023-03-06,14881.0,14942.0498046875,14843.7001953125,14848.349609375,16186000,14881.0,0.0071913230342306456,0.7415276070782099
2023-03-08,14921.9501953125,14932.400390625,14791.25,14843.099609375,13836400,14921.9501953125,0.00275184431909814,0.2557046555069181
2023-03-09,14803.9501953125,14952.849609375,14788.900390625,14947.0498046875,13376000,14803.9501953125,-0.007907813553557408,-0.9108076272936326
2023-03-10,14679.849609375,14699.349609375,14593.400390625,14695.0498046875,12540400,14679.849609375,-0.008382937276889435,-0.9628015717276737
2023-03-13,14454.4501953125,14752.849609375,14420.5,14681.5498046875,18200100,14454.4501953125,-0.015354340818216072,-1.7256992140786347
2023-03-14,14358.5498046875,14499.2001953125,14306.7998046875,14462.0,15415200,14358.5498046875,-0.006634661943496156,-0.7714835505975608
2023-03-15,14320.2998046875,14494.349609375,14298.150390625,14458.150390625,13865700,14320.2998046875,-0.002663918050241576,-0.33695539043787304
2023-03-16,14330.349609375,14387.650390625,14189.0,14328.5,21668100,14330.349609375,0.0007017873106407446,0.031361931812057986
2023-03-17,14420.849609375,14464.900390625,14327.75,14436.25,23358000,14420.849609375,0.00631526811745009,0.6456587871741666
2023-03-20,14317.099609375,14393.599609375,14196.5,14389.849609375,16179700,14317.099609375,-0.0071944443503905164,-0.8327419006439541
2023-03-21,14411.2998046875,14428.150390625,14339.9501953125,14379.0498046875,13293900,14411.2998046875,0.006579558561624843,0.6745807331727823
2023-03-22,14460.0,14497.150390625,14432.2001953125,14470.0498046875,0,14460.0,0.003379306236947377,0.3243693390178517
2023-03-23,14403.599609375,14490.650390625,14388.2998046875,14422.9501953125,11622300,14403.599609375,-0.0039004419519363953,-0.4722712079373824
2023-03-24,14279.0,14434.099609375,14257.5,14409.0,13960500,14279.0,-0.008650588238644175,-0.9920912673370604
2023-03-27,14262.7001953125,14348.9501953125,14238.900390625,14306.599609375,14815600,14262.7001953125,-0.0011415228438615976,-0.17035598089448664
2023-03-28,14211.7998046875,14300.2001953125,14177.5,14289.9501953125,14615200,14211.7998046875,-0.003568776594051193,-0.4359762612913935
2023-03-29,14345.599609375,14377.2998046875,14218.599609375,14218.599609375,19557100,14345.599609375,0.009414698104835972,0.9848369477829256
2023-03-31,14557.849609375,14577.150390625,14438.7998046875,14442.2998046875,17405600,14557.849609375,0.014795477761786469,1.5736687504411864
2023-04-03,14601.9501953125,14621.0498046875,14541.599609375,14621.0498046875,13824900,14601.9501953125,0.0030293338041560425,0.28607100464635854
2023-04-05,14709.400390625,14718.900390625,14611.25,14620.7001953125,13452400,14709.400390625,0.007358619490908325,0.7598352651583191
2023-04-06,14759.2001953125,14786.0,14673.7001953125,14701.099609375,13016900,14759.2001953125,0.0033855767988504315,0.32505554185544355
2023-04-10,14790.5498046875,14833.4501953125,14767.0,14797.349609375,12063200,14790.5498046875,0.002124072372496011,0.1870060447956381
2023-04-11,14867.25,14893.599609375,14814.349609375,14854.650390625,12444900,14867.25,0.005185756873499869,0.522053625041414
2023-04-12,14941.5498046875,14949.900390625,14871.900390625,14902.2001953125,11965900,14941.5498046875,0.0049975486177671335,0.5014575379381034
2023-04-13,14954.25,14965.7001953125,14885.25,14946.4501953125,12962500,14954.25,0.0008499918334117229,0.04758031313763719
2023-04-17,14904.2998046875,14970.349609375,14794.4501953125,14970.349609375,13960200,14904.2998046875,-0.0033402006327633016,-0.4109626380043599
2023-04-18,14897.0,14949.099609375,14852.650390625,14949.099609375,15883500,14897.0,-0.0004897784386492798,-0.09903400574207877
2023-04-19,14856.900390625,14905.599609375,14832.900390625,14901.25,14657200,14856.900390625,-0.002691790922669024,-0.3400055866479181
2023-04-20,14861.75,14905.7998046875,14835.900390625,14878.5498046875,11133000,14861.75,0.000326421342776273,-0.009715278853629208
2023-04-21,14847.099609375,14888.650390625,14789.9501953125,14879.599609375,14464900,14847.099609375,-0.0009857782983161423,-0.1533124765411238
2023-04-24,14930.150390625,14937.2001953125,14841.599609375,14903.9501953125,15603800,14930.150390625,0.005593737728920356,0.5666999621641374
2023-04-25,14955.7001953125,14981.2998046875,14916.349609375,14945.7998046875,19990300,14955.7001953125,0.0017112891711756895,0.14183417528291314
2023-04-26,14994.400390625,15003.099609375,14918.5498046875,14954.2001953125,21127900,14994.400390625,0.0025876551954839844,0.23773704044025776
2023-04-27,15075.0498046875,15085.849609375,14989.2001953125,14999.900390625,19847000,15075.0498046875,0.00537863548801365,0.5431608008633549
2023-04-28,15219.5498046875,15235.4501953125,15077.4501953125,15111.0498046875,22144800,15219.5498046875,0.009585374633725552,1.0035144953847286
2023-05-02,15300.75,15327.75,15261.150390625,15276.2001953125,21880900,15300.75,0.005335256059117555,0.5384136844706257
2023-05-03,15276.400390625,15305.0498046875,15239.5,15277.75,21733900,15276.400390625,-0.0015913997271375102,-0.2195871022267744
2023-05-04,15405.5,15414.7001953125,15272.7001953125,15282.25,22255200,15405.5,0.008450918153089848,0.8793681639758241
2023-05-05,15278.599609375,15394.900390625,15265.849609375,15330.349609375,21111500,15278.599609375,-0.008237343197234792,-0.9468688575403024
2023-05-08,15427.099609375,15440.849609375,15310.75,15321.900390625,17561300,15427.099609375,0.009719477163920187,1.0181896613699295
2023-05-09,15420.599609375,15502.7001953125,15393.9501953125,15462.75,18148500,15420.599609375,-0.0004213364899808836,-0.09154423686447785
2023-05-10,15466.0498046875,15476.099609375,15372.4501953125,15458.0498046875,16332600,15466.0498046875,0.0029473688743508752,0.2771013830582322
2023-05-11,15484.0498046875,15526.75,15461.849609375,15512.349609375,15978800,15484.0498046875,0.0011638395212294483,0.08192542881973407
2023-05-12,15477.349609375,15506.150390625,15401.650390625,15475.0498046875,13497800,15477.349609375,-0.0004327159494457167,-0.09278951878589958
2023-05-15,15549.7001953125,15591.9501953125,15464.650390625,15495.849609375,13567700,15549.7001953125,0.004674610819263014,0.46611766933857046
2023-05-16,15492.400390625,15592.25,15476.650390625,15584.400390625,17817900,15492.400390625,-0.0036849459454384448,-0.44868895591040414
2023-05-17,15426.349609375,15512.849609375,15367.0,15508.25,17073900,15426.349609375,-0.0042634310748881354,-0.5119939903666761
2023-05-18,15361.599609375,15514.900390625,15346.849609375,15506.650390625,15928500,15361.599609375,-0.004197363708174362,-0.5047640777667978
2023-05-19,15407.5498046875,15418.7998046875,15278.7001953125,15399.5,13957600,15407.5498046875,0.0029912376628054016,0.28190205125744855
2023-05-22,15504.0,15517.650390625,15386.900390625,15409.0498046875,16992200,15504.0,0.006259930782969603,0.6396030880945065
2023-05-23,15544.75,15595.650390625,15528.75,15551.0498046875,14883100,15544.75,0.002628353973168185,0.24219080665215229
2023-05-24,15515.9501953125,15591.400390625,15493.2998046875,15517.2001953125,17595700,15515.9501953125,-0.0018527029825181618,-0.24818215289150683
2023-05-25,15555.25,15568.5498046875,15474.150390625,15510.2001953125,17916200,15555.25,0.0025328648386209185,0.23174119845139385
2023-05-26,15696.75,15704.0,15567.849609375,15589.5,15551800,15696.75,0.009096607254785338,0.9500274925393031
2023-05-29,15772.349609375,15805.75,15758.150390625,15791.75,17560100,15772.349609375,0.004816258739866575,0.48161854574484547
2023-05-30,15799.4501953125,15823.900390625,15759.349609375,15784.25,16359800,15799.4501953125,0.0017182339098920085,0.14259415492862093
2023-05-31,15766.400390625,15789.2001953125,15706.5,15773.7998046875,34527400,15766.400390625,-0.0020918325814467398,-0.27435068640954025
2023-06-01,15760.349609375,15823.9501953125,15743.400390625,15801.9501953125,17566700,15760.349609375,-0.0003837769624065457,-0.08743400642602794
2023-06-02,15811.2001953125,15838.4501953125,15774.650390625,15816.7998046875,18505700,15811.2001953125,0.0032264884471377986,0.3076461166618516
2023-06-05,15859.5,15899.150390625,15851.75,15877.4501953125,17899700,15859.5,0.003054784209349126,0.2888561043760731
2023-06-06,15878.400390625,15895.7001953125,15816.7001953125,15873.75,17273800,15878.400390625,0.001191739375453249,0.08497857771336742
2023-06-07,16006.7001953125,16016.0,15920.25,15938.2998046875,31132700,16006.7001953125,0.008080146710700786,0.8387937434057229
2023-06-08,15921.0498046875,16048.7998046875,15906.150390625,16021.7001953125,23687500,15921.0498046875,-0.005350908655744169,-0.6309993065309901
2023-06-09,15877.400390625,15961.7001953125,15866.7998046875,15947.9501953125,18992700,15877.400390625,-0.002741616576668715,-0.3454581291294462
2023-06-12,15929.099609375,15946.150390625,15874.400390625,15913.2001953125,17248900,15929.099609375,0.0032561513521147667,0.31089220048673133
2023-06-13,16048.2001953125,16057.5,15964.2998046875,15964.7998046875,19119800,16048.2001953125,0.007476918900513718,0.7727810572279447
2023-06-14,16084.0498046875,16094.099609375,16035.150390625,16082.150390625,20155200,16084.0498046875,0.0022338710222140623,0.19902157803893103
2023-06-15,16058.25,16138.7001953125,16039.0498046875,16106.849609375,17043200,16058.25,-0.0016040614771026807,-0.22097270831587879
2023-06-16,16181.4501953125,16211.25,16091.7998046875,16100.900390625,20414800,16181.4501953125,0.007672081037005896,0.7941381244129732
2023-06-19,16142.150390625,16244.9501953125,16117.849609375,16231.0498046875,17333000,16142.150390625,-0.0024286948458355218,-0.31121434317187757
2023-06-20,16199.9501953125,16215.599609375,16080.9501953125,16147.5498046875,16932200,16199.9501953125,0.003580675640407094,0.3464056825217601
2023-06-21,16240.9501953125,16277.349609375,16201.400390625,16244.5498046875,18561500,16240.9501953125,0.0025308719783510014,0.23152311490588656
2023-06-22,16140.7998046875,16264.150390625,16128.7998046875,16252.75,17972000,16140.7998046875,-0.006166535173164012,-0.7202552997452508
2023-06-23,16011.7998046875,16133.9501953125,15999.400390625,16126.7001953125,15066500,16011.7998046875,-0.007992169010270334,-0.9200388500544776
2023-06-26,16066.150390625,16079.0,15995.099609375,16017.5,13334300,16066.150390625,0.003394408286418127,0.32602199301608953
2023-06-27,16163.5,16171.2001953125,16104.2001953125,16118.650390625,14832100,16163.5,0.006059299023604581,0.6176474667776586
2023-06-28,16277.2001953125,16296.0,16210.4501953125,16239.849609375,20741900,16277.2001953125,0.007034379640084243,0.7243529098071259
2023-06-30,16430.0,16437.44921875,16326.0,16354.9501953125,21663000,16430.0,0.009387351808298305,0.9818443760530088
2023-07-03,16527.94921875,16541.900390625,16485.30078125,16490.94921875,22143300,16527.94921875,0.005961607958003601,0.6069568959071107
2023-07-04,16556.05078125,16599.25,16499.150390625,16597.5,28937900,16556.05078125,0.0017002449685723509,0.14062558133511108
2023-07-05,16597.19921875,16611.150390625,16540.19921875,16580.19921875,23384400,16597.19921875,0.0024854017448774357,0.2265471966838968
2023-07-06,16695.05078125,16703.30078125,16590.69921875,16600.75,24845700,16695.05078125,0.005895667167111984,0.5997408348072538
2023-07-07,16564.900390625,16718.19921875,16541.599609375,16653.30078125,21794000,16564.900390625,-0.007795746915078006,-0.8985439025249666
2023-07-10,16553.75,16623.94921875,16530.75,16620.900390625,17837500,16553.75,-0.0006731335753343837,-0.119099004226356
2023-07-11,16648.0,16698.80078125,16597.55078125,16610.94921875,19751600,16648.0,0.005693573963603482,0.5776252841038942
2023-07-12,16641.05078125,16703.25,16627.30078125,16697.099609375,21120500,16641.05078125,-0.0004174206361124977,-0.09111571545321925
2023-07-13,16623.900390625,16774.5,16596.44921875,16726.94921875,21563600,16623.900390625,-0.0010306074328144676,-0.15821823774325014
2023-07-14,16765.44921875,16786.0,16655.05078125,16695.69921875,16827100,16765.44921875,0.008514778409333124,0.8863565471097392
2023-07-17,16872.05078125,16884.94921875,16784.349609375,16811.650390625,20461300,16872.05078125,0.006358407765225893,0.6503796637358106
2023-07-18,16872.0,16940.150390625,16818.30078125,16932.94921875,19999200,16872.0,-3.0097852750099463e-06,-0.04576572829576772
2023-07-19,16953.5,16964.25,16877.44921875,16919.05078125,19868200,16953.5,0.004830488383120057,0.48317573020923976
2023-07-20,17042.55078125,17051.0,16912.69921875,16965.44921875,21616500,17042.55078125,0.005252648789335623,0.5293737700568213
2023-07-21,16904.30078125,16991.400390625,16874.94921875,16931.94921875,23571800,16904.30078125,-0.008112048587943788,-0.9331575637583902
2023-07-24,16865.150390625,16948.400390625,16852.19921875,16921.75,28840000,16865.150390625,-0.0023160017756206353,-0.298882066455062
2023-07-25,16896.900390625,16918.849609375,16832.44921875,16918.80078125,22880300,16896.900390625,0.0018825803070010583,0.16057898081627991
2023-07-26,16975.0,17011.0,16931.599609375,16950.69921875,23136100,16975.0,0.004622126400078308,0.46037417171735073
2023-07-27,16919.19921875,17056.19921875,16873.0,17038.349609375,24802600,16919.19921875,-0.003287233063328454,-0.4051662680763588
2023-07-28,16948.349609375,16960.5,16880.599609375,16935.05078125,20685400,16948.349609375,0.001722917866744833,0.14310673171731353
2023-07-31,17059.0,17072.80078125,16939.0,16972.5,24434300,17059.0,0.00652868233044912,0.6690132234761229
2023-08-01,17051.150390625,17102.099609375,17026.30078125,17096.599609375,23309200,17051.150390625,-0.0004601447549680282,-0.09579111967464866
2023-08-02,16858.94921875,17018.849609375,16755.900390625,17005.599609375,24246300,16858.94921875,-0.011272035462233432,-1.2789626117612196
2023-08-03,16772.30078125,16878.75,16691.650390625,16818.349609375,25498600,16772.30078125,-0.00513961080110692,-0.6078764684710523
2023-08-04,16890.599609375,16914.44921875,16836.55078125,16847.400390625,26290700,16890.599609375,0.007053226010425906,0.7264153139435806
2023-08-07,16956.349609375,16970.05078125,16897.5,16948.349609375,22503500,16956.349609375,0.0038926978035467297,0.38055102659908446
2023-08-08,16949.25,16998.150390625,16889.849609375,16991.849609375,23945400,16949.25,-0.0004186991621755176,-0.09125562766937201
2023-08-09,17003.849609375,17011.94921875,16881.75,16966.849609375,21148900,17003.849609375,0.003221358430314014,0.3070847264458233
2023-08-10,16939.849609375,17013.44921875,16901.55078125,16999.5,23453800,16939.849609375,-0.003763853566707276,-0.45732400879073964
2023-08-11,16860.150390625,16972.05078125,16845.80078125,16970.05078125,22768800,16860.150390625,-0.00470483626406526,-0.560298033612554
2023-08-14,16825.55078125,16854.099609375,16661.0,16827.75,20268700,16825.55078125,-0.0020521530694197487,-0.27000846091712993
2023-08-16,16853.05078125,16867.80078125,16732.75,16779.599609375,0,16853.05078125,0.0016344190069930153,0.1334220862861351
2023-08-17,16802.25,16869.400390625,16781.599609375,16858.849609375,20478700,16802.25,-0.003014337398574707,-0.37530263186389906
2023-08-18,16757.69921875,16803.25,16722.05078125,16768.0,19005500,16757.69921875,-0.0026514771087206013,-0.3355939479537715
2023-08-21,16852.05078125,16872.55078125,16766.69921875,16780.75,17652800,16852.05078125,0.005630341090883784,0.5707055570746142
2023-08-22,16905.25,16925.44921875,16874.80078125,16886.94921875,22516400,16905.25,0.003156839451800675,0.3000242577320365
2023-08-23,16950.25,16981.849609375,16912.150390625,16950.900390625,22837200,16950.25,0.0026618949734549258,0.24586127987740158
2023-08-24,16930.150390625,17074.25,16916.400390625,17039.25,24143400,16930.150390625,-0.0011858001725638667,-0.17520135664648787
2023-08-25,16820.849609375,16905.69921875,16785.25,16871.0,25050200,16820.849609375,-0.006455984071501497,-0.7519303965623731
2023-08-28,16875.30078125,16918.25,16823.400390625,16866.400390625,24426100,16875.30078125,0.003237123756498761,0.30880996442780767
2023-08-29,16927.30078125,16938.80078125,16898.05078125,16933.849609375,25140300,16927.30078125,0.0030814265579062194,0.2917716413666389
2023-08-30,16968.94921875,17035.599609375,16959.099609375,17010.150390625,22475100,16968.94921875,0.0024604299314001654,0.22381447040946684
2023-08-31,16924.30078125,17011.80078125,16904.69921875,17001.349609375,38895000,16924.30078125,-0.0026311845786340937,-0.33337328703971597
2023-09-01,17074.55078125,17088.099609375,16931.5,16940.19921875,39465900,17074.55078125,0.00887776706063148,0.9260792779248562
2023-09-04,17180.94921875,17191.19921875,17074.55078125,17157.900390625,4456715100,17180.94921875,0.006231404788513695,0.636481419152647
2023-09-05,17252.099609375,17264.900390625,17180.94921875,17228.19921875,37702500,17252.099609375,0.004141237467098158,0.40774932637187355
2023-09-06,17284.599609375,17298.80078125,17198.75,17274.19921875,30486500,17284.599609375,0.0018838286780085145,0.1607155930913723
2023-09-07,17385.5,17395.0,17269.099609375,17292.349609375,27654800,17385.5,0.005837589120101683,0.593385212890684
2023-09-08,17487.44921875,17519.599609375,17385.5,17437.650390625,29913900,17487.44921875,0.005864037200540739,0.5962794906486785
2023-09-11,17653.349609375,17660.80078125,17550.19921875,17567.19921875,37172200,17653.349609375,0.009486826154561312,0.9927300956629239
2023-09-12,17460.55078125,17754.05078125,17422.05078125,17753.94921875,44340200,17460.55078125,-0.010921373699108727,-1.2405888422950555
2023-09-13,17526.75,17540.849609375,17364.349609375,17458.400390625,34773200,17526.75,0.003791359137484296,0.36946128993992816
2023-09-14,17603.5,17648.55078125,17546.0,17593.25,29508800,17603.5,0.00437902063987905,0.4337705172023722
2023-09-15,17665.80078125,17691.849609375,17620.900390625,17662.80078125,41392000,17665.80078125,0.003539113315533804,0.3418574162410187
2023-09-18,17613.599609375,17671.599609375,17601.55078125,17666.849609375,44639200,17613.599609375,-0.00295492814174636,-0.36880133241974966
2023-09-20,17449.349609375,17571.150390625,17419.75,17513.19921875,30967800,17449.349609375,-0.009325180749117035,-1.0659135662093797
2023-09-21,17303.5,17422.75,17273.099609375,17409.099609375,28822700,17303.5,-0.008358455337306059,-0.9601224535447113
2023-09-22,17260.80078125,17361.80078125,17226.05078125,17314.400390625,30348000,17260.80078125,-0.0024676636952061237,-0.3154787991216338
2023-09-25,17272.55078125,17308.19921875,17198.19921875,17276.349609375,23415700,17272.55078125,0.0006807331912876968,0.029057928332557884
2023-09-26,17276.75,17312.349609375,17250.30078125,17284.900390625,23871700,17276.75,0.00024311514860664296,-0.018831678262800116
2023-09-27,17341.599609375,17352.099609375,17217.44921875,17270.400390625,24176400,17341.599609375,0.0037535768807790415,0.36532668571105686
2023-09-28,17170.44921875,17389.19921875,17147.0,17384.05078125,29247500,17170.44921875,-0.009869354297193822,-1.1254638008782707
2023-09-29,17292.599609375,17357.150390625,17205.19921875,17227.55078125,20880800,17292.599609375,0.007113989218850092,0.7330647796033566
2023-10-03,17254.400390625,17295.44921875,17201.69921875,17294.5,24738400,17254.400390625,-0.0022089922633315995,-0.28717175530315636
2023-10-04,17123.099609375,17200.69921875,17032.599609375,17195.55078125,29957400,17123.099609375,-0.007609698295939715,-0.8781841497059175
2023-10-05,17195.80078125,17234.0,17154.30078125,17202.25,24783900,17195.80078125,0.004245795068271052,0.4191913189278652
2023-10-06,17293.599609375,17310.099609375,17237.099609375,17263.349609375,22409800,17293.599609375,0.005687366896669266,0.5769460296751473
2023-10-09,17127.69921875,17206.849609375,17096.650390625,17170.5,23369400,17127.69921875,-0.009593167089115728,-1.095239963075564
2023-10-10,17303.349609375,17319.30078125,17184.55078125,17184.55078125,20047300,17303.349609375,0.010255340684212522,1.076830509490323
2023-10-11,17407.349609375,17447.80078125,17375.5,17380.650390625,21946300,17407.349609375,0.006010396966356968,0.6122959957346817
2023-10-12,17419.69921875,17457.849609375,17402.44921875,17438.30078125,21367300,17419.69921875,0.0007094480005358506,0.032200259736286284
2023-10-13,17390.349609375,17436.5,17306.55078125,17323.05078125,22759700,17390.349609375,-0.001684851673179777,-0.22981377593546456
2023-10-16,17393.0,17431.5,17353.150390625,17390.349609375,21609200,17393.0,0.00015240582763054178,-0.0287582198410768
2023-10-17,17467.69921875,17494.5,17437.94921875,17490.05078125,21889100,17467.69921875,0.004294786336457301,0.42455255254079716
2023-10-18,17344.0,17492.400390625,17332.30078125,17484.349609375,23155700,17344.0,-0.007081597707912168,-0.8203928181408962
2023-10-19,17310.5,17344.599609375,17202.25,17251.19921875,20476800,17310.5,-0.0019315036900369176,-0.25680550594018237
2023-10-20,17208.75,17295.05078125,17190.599609375,17258.30078125,25928300,17208.75,-0.005877935357153197,-0.6886731200719057
2023-10-23,16888.69921875,17224.80078125,16859.849609375,17204.75,25439800,16888.69921875,-0.018598142296796683,-2.0806762980465474
2023-10-25,16760.80078125,16967.099609375,16677.150390625,16912.400390625,24536000,16760.80078125,-0.007573018847893631,-0.8741702285103922
2023-10-26,16555.44921875,16689.099609375,16466.25,16678.69921875,25590800,16555.44921875,-0.012251894475693748,-1.3861909663922243
2023-10-27,16765.44921875,16793.099609375,16634.599609375,16636.05078125,21446600,16765.44921875,0.012684645232227343,1.342675213680305
2023-10-30,16826.099609375,16837.80078125,16661.94921875,16784.94921875,20563300,16826.099609375,0.003617582197390279,0.35044445680054837
2023-10-31,16801.099609375,16910.0,16785.55078125,16909.69921875,18455500,16801.099609375,-0.001485786996415439,-0.20802964427838797
2023-11-01,16732.94921875,16834.099609375,16719.099609375,16808.5,23946000,16732.94921875,-0.0040563053734276044,-0.48932772117456763
2023-11-02,16890.80078125,16903.75,16823.0,16849.94921875,22356100,16890.80078125,0.009433576857038384,0.9869028955451473
2023-11-03,17000.94921875,17027.44921875,16983.05078125,16990.349609375,24482900,17000.94921875,0.006521208729326267,0.6681953691311984
2023-11-06,17159.400390625,17168.75,17080.94921875,17105.349609375,18888700,17159.400390625,0.009320136766260534,0.9744888705515472
2023-11-07,17187.80078125,17200.599609375,17120.75,17170.349609375,21619300,17187.80078125,0.0016550922513887123,0.13568440969285345
2023-11-08,17259.69921875,17269.25,17215.0,17242.650390625,23112000,17259.69921875,0.004183108613781128,0.4123313877742308
2023-11-09,17218.900390625,17288.599609375,17209.55078125,17284.94921875,21496900,17218.900390625,-0.002363820342864309,-0.30411496855211334
2023-11-10,17256.599609375,17274.900390625,17156.849609375,17189.69921875,16533000,17256.599609375,0.0021894091895975354,0.19415601157492218
2023-11-13,17318.599609375,17339.150390625,17278.650390625,17335.0,22743900,17318.599609375,0.003592828332548148,0.3477355811752619
2023-11-15,17508.05078125,17518.900390625,17448.30078125,17493.30078125,27787100,17508.05078125,0.010939173844774608,1.151664035173007
2023-11-16,17593.099609375,17668.650390625,17486.5,17518.099609375,22354800,17593.099609375,0.0048576982776449285,0.4861533751351986
2023-11-17,17600.5,17649.05078125,17528.849609375,17537.44921875,29718400,17600.5,0.00042064166004363024,0.0005954795867217792
2023-11-20,17573.650390625,17636.400390625,17556.099609375,17618.55078125,21843200,17573.650390625,-0.0015255026490724743,-0.21237582472782957
2023-11-21,17627.599609375,17665.0,17617.19921875,17644.5,20175000,17627.599609375,0.0030698925693195545,0.2905094489476364
2023-11-22,17627.69921875,17654.599609375,17533.75,17637.44921875,18139100,17627.69921875,5.650762282316535e-06,-0.04481798351614255
2023-11-23,17639.400390625,17693.25,17627.349609375,17654.150390625,16889200,17639.400390625,0.0006637946183329912,0.02720429910347505
2023-11-24,17643.5,17684.150390625,17631.75,17661.30078125,18055700,17643.5,0.00023241205960600197,-0.020002943319550465
2023-11-28,17741.80078125,17760.0,17665.650390625,17701.05078125,22613200,17741.80078125,0.005571501190239969,0.5642665636622792
2023-11-29,17904.099609375,17911.349609375,17823.44921875,17831.650390625,22418200,17904.099609375,0.009147821583957993,0.955632001121942
2023-11-30,17987.94921875,18007.099609375,17845.900390625,17926.900390625,46145900,17987.94921875,0.004683263118749226,0.46706451151171613
2023-12-01,18115.349609375,18141.650390625,18053.150390625,18061.80078125,24790000,18115.349609375,0.007082541154396882,0.7296233414359012
2023-12-04,18448.5,18460.0,18315.44921875,18422.349609375,29478500,18448.5,0.018390502960681898,1.967081100217126
2023-12-05,18588.55078125,18594.900390625,18453.650390625,18541.30078125,28525000,18588.55078125,0.007591445442718836,0.7853139752432264
2023-12-06,18680.0,18698.80078125,18594.400390625,18677.25,27288500,18680.0,0.004919652953378373,0.49293322595999656
2023-12-07,18703.849609375,18721.80078125,18619.75,18696.75,32793000,18703.849609375,0.001276745683886471,0.09428102476068363
2023-12-08,18703.5,18785.69921875,18588.150390625,18752.25,35541800,18703.5,-1.8691840573015206e-05,-0.047481853742120654
2023-12-11,18770.19921875,18780.44921875,18710.150390625,18726.349609375,29109900,18770.19921875,0.003566135683160887,0.34481453964253095
2023-12-12,18686.80078125,18819.69921875,18635.349609375,18809.900390625,33150900,18686.80078125,-0.004443130119614835,-0.5316588938171843
2023-12-13,18751.44921875,18770.44921875,18601.5,18723.69921875,29800900,18751.44921875,0.0034595776054329175,0.33315363007242615
2023-12-14,18973.849609375,18996.25,18893.75,18906.400390625,39641300,18973.849609375,0.011860437453688366,1.2524801521941569
2023-12-15,19145.05078125,19165.099609375,19020.55078125,19071.94921875,40267000,19145.05078125,0.009023006685496826,0.9419732032626835
2023-12-18,19155.55078125,19201.55078125,19073.099609375,19149.150390625,34119200,19155.55078125,0.000548444614745236,0.014581267706625628
2023-12-19,19169.25,19213.55078125,19067.19921875,19212.55078125,29523800,19169.25,0.0007151566095091599,0.03282496669823795
2023-12-20,18779.44921875,19303.599609375,18727.099609375,19264.400390625,38696000,18779.44921875,-0.02033469130247667,-2.2707110786193074
2023-12-21,18941.80078125,18965.80078125,18582.94921875,18647.849609375,30612700,18941.80078125,0.008645171677234442,0.9006257995021237
2023-12-22,19054.69921875,19089.94921875,18934.75,19011.25,26069600,19054.69921875,0.005960280060159695,0.606811580816915
2023-12-26,19148.849609375,19173.80078125,19059.400390625,19095.0,22132200,19148.849609375,0.004941058871837489,0.49527572767116695
2023-12-27,19296.94921875,19312.30078125,19189.80078125,19219.400390625,20854200,19296.94921875,0.007734125673141801,0.800927819823375
2023-12-28,19399.25,19414.55078125,19313.099609375,19358.349609375,32391400,19399.25,0.005301396614061593,0.5347083630598973
2023-12-29,19429.150390625,19450.099609375,19338.349609375,19394.5,42430900,19429.150390625,0.0015413168357023554,0.12323368927908371
2024-01-02,19418.400390625,19499.80078125,19271.650390625,19496.80078125,40598500,19418.400390625,-0.0005532923356847963,-0.10598448594562418
2024-01-03,19367.150390625,19442.19921875,19343.150390625,19434.30078125,36356200,19367.150390625,-0.002639249318638126,-0.33425583114991947
2024-01-04,19541.25,19560.400390625,19433.5,19451.80078125,32459600,19541.25,0.008989428277444311,0.9382986364146586
2024-01-05,19590.599609375,19637.099609375,19490.94921875,19602.099609375,40342900,19590.599609375,0.0025254069916202937,0.23092506811837513
2024-01-08,19417.69921875,19641.849609375,19400.599609375,19636.0,35203500,19417.69921875,-0.008825681401923968,-1.0112521379804067
2024-01-09,19459.55078125,19596.05078125,19439.099609375,19549.5,37052500,19459.55078125,0.0021553306613992795,0.1904267153631736
2024-01-10,19517.849609375,19532.30078125,19354.099609375,19463.55078125,36103400,19517.849609375,0.0029958979413426956,0.2824120368704925
2024-01-11,19584.349609375,19626.5,19532.30078125,19589.75,33718400,19584.349609375,0.00340713763713274,0.32741499681959463
2024-01-12,19745.599609375,19775.900390625,19635.75,19691.25,31008900,19745.599609375,0.008233615270164973,0.8555881810675464
2024-01-15,19885.55078125,19896.900390625,19763.80078125,19876.5,35121900,19885.55078125,0.007087714460114691,0.7301894688608711
2024-01-16,19827.55078125,19923.30078125,19736.19921875,19894.30078125,41454800,19827.55078125,-0.0029166906483016897,-0.3646169105274547
2024-01-17,19487.599609375,19707.69921875,19470.05078125,19556.400390625,41490700,19487.599609375,-0.017145394084501664,-1.9216985284310852
2024-01-18,19414.80078125,19468.650390625,19143.5,19388.400390625,37178000,19414.80078125,-0.0037356488015064526,-0.4542374927474185
2024-01-19,19606.400390625,19618.94921875,19537.150390625,19555.94921875,37538800,19606.400390625,0.009868739398039006,1.0345237906204097
2024-01-23,19206.44921875,19752.349609375,19158.75,19743.5,44759000,19206.44921875,-0.020399010726427913,-2.2777497095920936
2024-01-24,19451.0,19470.650390625,19080.5,19193.150390625,41769400,19451.0,0.012732742969026267,1.3479386659806627
2024-01-25,19393.0,19480.05078125,19289.80078125,19479.650390625,38563500,19393.0,-0.0029818518328106336,-0.37174765740503535
2024-01-29,19711.650390625,19728.900390625,19470.05078125,19475.400390625,41540400,19711.650390625,0.01643120665317377,1.75267054073595
2024-01-30,19574.19921875,19799.25,19558.80078125,19770.25,39664800,19574.19921875,-0.006973093026262922,-0.8085188869700003
2024-01-31,19802.099609375,19813.30078125,19546.400390625,19574.150390625,35992100,19802.099609375,0.011642897268905772,1.2286742007665263
2024-02-01,19777.349609375,19871.25,19703.75,19869.94921875,42128500,19777.349609375,-0.0012498674629574102,-0.18221239603092546
2024-02-02,19910.80078125,20101.150390625,19874.80078125,19884.650390625,49946000,19910.80078125,0.006747677242441963,0.6929783692399274
2024-02-05,19853.5,20044.0,19805.75,19989.650390625,51778800,19853.5,-0.0028778742693241766,-0.3603691397835866
2024-02-06,20033.75,20044.44921875,19824.849609375,19923.19921875,45963000,20033.75,0.009079003702118005,0.9481010929631921
2024-02-07,20109.55078125,20169.900390625,20011.44921875,20157.19921875,58018300,20109.55078125,0.003783654146128468,0.36861811399912225
2024-02-08,19987.55078125,20209.05078125,19949.349609375,20207.55078125,55978000,19987.55078125,-0.006066769035624198,-0.7093376487063465
2024-02-09,19961.5,20040.650390625,19745.44921875,20015.0,54127000,19961.5,-0.0013033503471789887,-0.1880651581091636
2024-02-12,19675.19921875,20015.0,19634.599609375,19999.94921875,40401200,19675.19921875,-0.014342648661172741,-1.6149872811345778
2024-02-13,19782.900390625,19796.05078125,19508.75,19709.80078125,39268800,19782.900390625,0.005473955850590073,0.55359193993693
2024-02-14,19922.30078125,19943.75,19579.19921875,19618.099609375,34524400,19922.30078125,0.007046509251548372,0.7256802826860248
2024-02-15,20037.0,20065.75,19952.0,20011.69921875,35406900,20037.0,0.005757327931618761,0.5846020358585515
2024-02-16,20164.900390625,20191.44921875,20098.099609375,20136.849609375,31059200,20164.900390625,0.006383210591655475,0.653093897346675
2024-02-20,20271.900390625,20285.80078125,20190.69921875,20242.650390625,26832800,20271.900390625,0.005306249866215307,0.5352394662450528
2024-02-21,20128.30078125,20342.30078125,20077.80078125,20329.099609375,31364400,20128.30078125,-0.007083677731635318,-0.8206204401950519
2024-02-22,20283.94921875,20308.900390625,20004.099609375,20179.25,31743900,20283.94921875,0.007732815561112272,0.8007844510780976
2024-02-23,20313.5,20365.650390625,20280.150390625,20358.69921875,39835600,20313.5,0.0014568554146587864,0.11399087058385597
2024-02-26,20255.80078125,20335.75,20210.349609375,20299.5,28150900,20255.80078125,-0.002840437086174208,-0.3562722977930084
2024-02-27,20292.849609375,20329.099609375,20234.94921875,20249.25,28512700,20292.849609375,0.0018290478132709787,0.15472078984888776
2024-02-28,20020.400390625,20335.650390625,19987.349609375,20323.5,38512900,20020.400390625,-0.013425872856423937,-1.5146622754364896
2024-02-29,20090.05078125,20160.05078125,19901.30078125,20009.25,48948700,20090.05078125,0.003478970912970114,0.33527588687621157
2024-03-01,20349.80078125,20360.19921875,20171.0,20171.900390625,28202800,20349.80078125,0.012929285387492495,1.3694467807786346
2024-03-04,20432.05078125,20482.599609375,20383.150390625,20456.75,25412600,20432.05078125,0.004041808609535957,0.3968685847011056
2024-03-05,20382.0,20440.400390625,20328.0,20422.30078125,27107000,20382.0,-0.0024496210285426256,-0.31350434623310003
2024-03-06,20379.55078125,20396.75,20139.349609375,20368.75,35547900,20379.55078125,-0.00012016577126872097,-0.058586392739027875
2024-03-07,20434.80078125,20471.349609375,20384.5,20413.650390625,24346300,20434.80078125,0.0027110509251671022,0.2512405352090476
2024-03-11,20288.75,20483.25,20264.30078125,20478.75,22816800,20288.75,-0.007147159535022651,-0.8275674083126323
2024-03-12,20171.400390625,20326.25,20135.30078125,20299.80078125,24347400,20171.400390625,-0.0057839743392273935,-0.6783907373890564
2024-03-13,19646.30078125,20247.900390625,19549.5,20236.80078125,41486300,19646.30078125,-0.026031886691369688,-2.894169024273124
2024-03-14,19916.349609375,19933.900390625,19514.69921875,19598.400390625,38249400,19916.349609375,0.013745530577579768,1.4587704768473595
2024-03-15,19825.19921875,19942.400390625,19671.150390625,19867.75,41574600,19825.19921875,-0.004576661507392554,-0.5462715582988172
2024-03-18,19843.099609375,19894.44921875,19709.19921875,19804.30078125,22428300,19843.099609375,0.0009029110087364067,0.0533713871804799
2024-03-19,19610.55078125,19798.94921875,19594.099609375,19785.80078125,21287100,19610.55078125,-0.011719380172598215,-1.32791663125419
2024-03-20,19632.05078125,19697.44921875,19465.849609375,19651.69921875,21521000,19632.05078125,0.0010963486053923166,0.07453973377754795
2024-03-21,19897.400390625,19916.44921875,19790.849609375,19790.849609375,22056500,19897.400390625,0.013516143185022145,1.4336680566632678
2024-03-22,19994.599609375,20048.599609375,19806.69921875,19855.0,26015800,19994.599609375,0.004885020999818579,0.4891433670651338
2024-03-26,20005.25,20044.5,19895.30078125,19895.55078125,23428500,20005.25,0.0005326633607609654,0.012854286706806668
2024-03-27,20087.80078125,20174.400390625,20063.0,20063.0,28219300,20087.80078125,0.004126455867834666,0.40613174001907604
2024-03-28,20255.150390625,20380.5,20146.150390625,20150.349609375,26471400,20255.150390625,0.00833090745957632,0.8662351019466891
2024-04-01,20492.55078125,20504.5,20387.05078125,20392.25,24756300,20492.55078125,0.011720495086271043,1.2371659186205584
2024-04-02,20569.75,20579.25,20481.849609375,20524.150390625,28128700,20569.75,0.0037671844551745437,0.3668157956675963
2024-04-03,20605.69921875,20657.900390625,20496.55078125,20528.19921875,30258700,20605.69921875,0.0017476740723636475,0.14581586349948478
2024-04-04,20664.650390625,20772.400390625,20537.5,20755.349609375,33121800,20664.650390625,0.0028609158684291813,0.26764062038672237
2024-04-05,20715.099609375,20730.150390625,20609.900390625,20654.75,28297700,20715.099609375,0.0024413294101934824,0.2217242539258174
2024-04-08,20819.099609375,20866.099609375,20768.5,20806.849609375,27481500,20819.099609375,0.005020492392560527,0.5039683310076408
2024-04-09,20790.69921875,20912.75,20741.5,20912.75,22792400,20790.69921875,-0.0013641507633793681,-0.19471869550636897
2024-04-10,20915.19921875,20933.849609375,20822.849609375,20864.55078125,25719500,20915.19921875,0.005988254588749964,0.6098729015080615
2024-04-12,20745.5,20931.400390625,20735.150390625,20873.19921875,32597400,20745.5,-0.00811367929012452,-0.9333360154635143
2024-04-15,20478.75,20623.80078125,20362.30078125,20493.30078125,31952800,20478.75,-0.012858210214263366,-1.4525415720820247
2024-04-16,20423.0,20495.19921875,20326.25,20361.25,31141100,20423.0,-0.0027223341268387546,-0.3433480037541436
2024-04-18,20324.69921875,20617.099609375,20291.150390625,20515.150390625,29636300,20324.69921875,-0.00481323905645592,-0.5721608147941118
2024-04-19,20385.19921875,20428.400390625,20038.349609375,20178.25,27183000,20385.19921875,0.0029766738168595097,0.2803082941797211
2024-04-22,20574.849609375,20604.099609375,20468.099609375,20566.19921875,36990800,20574.849609375,0.009303337612249774,0.9726504982765346
2024-04-23,20652.650390625,20689.75,20621.55078125,20687.900390625,48926300,20652.650390625,0.003781353581051139,0.3683663575682737
2024-04-24,20730.650390625,20772.55078125,20710.19921875,20723.19921875,36984300,20730.650390625,0.0037767549696869906,0.3678631203439472
2024-04-25,20867.900390625,20894.0,20686.69921875,20690.849609375,107777900,20867.900390625,0.0066206316451156155,0.6790754605793142
2024-04-26,20839.349609375,20941.099609375,20814.5,20926.400390625,66099300,20839.349609375,-0.0013681674109785602,-0.19515824702069648
2024-04-29,20992.19921875,21002.099609375,20847.849609375,20911.099609375,41065400,20992.19921875,0.0073346631368109705,0.7572136630731933
2024-04-30,20997.19921875,21146.5,20971.849609375,21052.349609375,36823500,20997.19921875,0.00023818371519324089,-0.01937133701332186
2024-05-02,21083.599609375,21126.099609375,21009.349609375,21010.44921875,32855900,21083.599609375,0.004114853115640527,0.40486202263129056
2024-05-03,20959.55078125,21208.69921875,20830.650390625,21193.44921875,40630500,20959.55078125,-0.005883664574517944,-0.6893000822602472
2024-05-06,20864.94921875,21048.94921875,20805.05078125,21044.099609375,30888200,20864.94921875,-0.004513530060225701,-0.5393629305144283
2024-05-07,20636.05078125,20914.900390625,20548.80078125,20911.349609375,37453900,20636.05078125,-0.010970476616080305,-1.2459622939060697
2024-05-08,20704.900390625,20768.75,20516.25,20586.80078125,27005200,20704.900390625,0.0033363752640866995,0.3196712982596185
2024-05-09,20344.80078125,20736.25,20318.900390625,20681.099609375,26295900,20344.80078125,-0.017391999120075496,-1.948685117159723
2024-05-10,20469.099609375,20482.05078125,20299.099609375,20398.0,22511100,20469.099609375,0.006109611465920928,0.6231532796884337
2024-05-13,20511.0,20540.25,20184.099609375,20471.650390625,24038600,20511.0,0.00204700702154037,0.1785725960356457
2024-05-14,20683.80078125,20709.75,20508.0,20544.349609375,26136600,20683.80078125,0.00842478578567607,0.8765084354619262
2024-05-15,20741.849609375,20811.25,20681.900390625,20744.5,21688100,20741.849609375,0.0028064874893602987,0.2616843905081213
2024-05-16,20929.05078125,20950.55078125,20667.80078125,20846.849609375,24680000,20929.05078125,0.009025288265053666,0.9422228820618566
2024-05-17,21064.55078125,21078.650390625,20934.44921875,20967.400390625,26742600,21064.55078125,0.00647425444260441,0.6630570473533776
2024-05-21,21187.650390625,21224.69921875,21068.849609375,21114.650390625,35418000,21187.650390625,0.005843922837631688,0.5940783270021128
2024-05-22,21237.75,21261.75,21103.19921875,21255.19921875,29683000,21237.75,0.0023645665494447243,0.21332390740474966
2024-05-23,21489.55078125,21505.25,21249.150390625,21280.05078125,34296400,21489.55078125,0.011856283328036232,1.2520255561221814
2024-05-24,21483.75,21567.44921875,21444.94921875,21483.0,52358500,21483.75,-0.0002699349702117715,-0.07497600038304358
2024-05-27,21493.0,21613.599609375,21439.150390625,21573.80078125,35971800,21493.0,0.0004305579798684622,0.0016806465793246484
2024-05-28,21387.349609375,21558.150390625,21345.349609375,21542.5,28460800,21387.349609375,-0.004915572075792074,-0.5833593659500461
2024-05-29,21256.30078125,21356.150390625,21243.19921875,21288.349609375,25281000,21256.30078125,-0.0061273991643899794,-0.7159725511354846
2024-05-30,21038.55078125,21262.849609375,20983.94921875,21201.80078125,35289300,21038.55078125,-0.01024402139586189,-1.1664645325883092
2024-05-31,21103.30078125,21177.25,21003.0,21129.349609375,64228200,21103.30078125,0.003077683471320869,0.2913620262992925
2024-06-03,21797.400390625,21926.599609375,21629.30078125,21926.599609375,52059200,21797.400390625,0.032890570843386646,3.5538587893966667
2024-06-04,20323.849609375,21753.349609375,19624.25,21753.349609375,92929300,20323.849609375,-0.06760213396290005,-7.443302272319462
2024-06-05,21054.400390625,21092.150390625,20116.599609375,20570.75,55213500,21054.400390625,0.035945492379209965,3.8881662819167855
2024-06-06,21365.0,21462.80078125,21193.19921875,21253.69921875,38366900,21365.0,0.014752241983262637,1.5689373540580183
2024-06-07,21764.150390625,21781.349609375,21333.5,21390.19921875,37282200,21764.150390625,0.018682442809501598,1.9990287878029263
2024-06-10,21808.25,21930.5,21758.30078125,21844.30078125,37085600,21808.25,0.0020262499837344627,0.17630110291228204
2024-06-11,21852.0,21961.44921875,21782.349609375,21856.349609375,44745100,21852.0,0.0020061215365745344,0.17409839799189336
2024-06-12,21960.94921875,22023.900390625,21904.69921875,21935.19921875,35472600,21960.94921875,0.004985777903624422,0.5001694400658415
2024-06-13,22074.30078125,22120.80078125,21992.150390625,22120.75,31190000,22074.30078125,0.005161505605742356,0.5193997498372958
2024-06-14,22214.30078125,22229.400390625,22054.150390625,22148.25,34231400,22214.30078125,0.006342216742779794,0.6486078407767526
2024-06-18,22329.599609375,22338.150390625,22253.349609375,22323.55078125,32391200,22329.599609375,0.005190297424185308,0.5225505085444793
2024-06-19,22224.900390625,22406.30078125,22127.25,22406.30078125,52210600,22224.900390625,-0.004688808603000805,-0.558544087686746
2024-06-20,22305.099609375,22333.599609375,22182.19921875,22293.55078125,34702700,22305.099609375,0.003608529952459527,0.34945384762483284
2024-06-21,22236.19921875,22393.30078125,22186.19921875,22392.599609375,48207200,22236.19921875,-0.0030889972173018254,-0.3834728373824323
2024-06-24,22289.099609375,22309.099609375,22073.650390625,22150.650390625,32202800,22289.099609375,0.0023790212573915337,0.2149057212458394
2024-06-25,22370.650390625,22391.75,22287.099609375,22349.75,26474200,22370.650390625,0.003658774139790655,0.35495219122659527
2024-06-26,22436.80078125,22464.849609375,22309.5,22379.5,38300800,22436.80078125,0.002957016871209195,0.27815718681611085
2024-06-27,22537.400390625,22571.650390625,22395.900390625,22459.900390625,42989900,22537.400390625,0.004483687775089118,0.4452244963344129
2024-06-28,22559.69921875,22673.650390625,22537.69921875,22592.25,43007900,22559.69921875,0.0009894143840243341,0.06283766189422312
2024-07-01,22727.599609375,22739.69921875,22570.400390625,22580.400390625,0,22727.599609375,0.007442492428509473,0.7690136846793887
2024-07-02,22677.80078125,22810.650390625,22592.19921875,22806.30078125,0,22677.80078125,-0.002191116923076164,-0.2852156133503556
2024-07-03,22851.19921875,22871.650390625,22764.099609375,22820.55078125,0,22851.19921875,0.007646175181297288,0.7913031836257955
2024-07-04,22914.19921875,22962.80078125,22866.69921875,22937.599609375,30704400,22914.19921875,0.002756966905627767,0.256265232607788
2024-07-05,22987.650390625,23011.80078125,22838.19921875,22878.5,41259000,22987.650390625,0.0032054871817164265,0.3053478971166232
2024-07-08,22971.150390625,23040.75,22897.94921875,23029.349609375,37034300,22971.150390625,-0.0007177767070413177,-0.12398441069070511
2024-07-09,23067.349609375,23082.349609375,22974.94921875,23035.05078125,32561800,23067.349609375,0.004187827649644538,0.41284780334435567
2024-07-10,22977.650390625,23125.30078125,22685.650390625,23124.150390625,32958800,22977.650390625,-0.0038885793239785693,-0.47097305171281967
2024-07-11,23005.25,23063.099609375,22904.30078125,23059.94921875,33766300,23005.25,0.0012011502005557784,0.08600842718926373
2024-07-12,23095.44921875,23189.400390625,23021.400390625,23086.25,35369700,23095.44921875,0.003920810195498836,0.38362743401316834
2024-07-15,23209.849609375,23234.30078125,23081.30078125,23188.80078125,34314300,23209.849609375,0.004953373694594587,0.49662336867224605
2024-07-16,23204.25,23288.05078125,23181.349609375,23258.19921875,34335200,23204.25,-0.00024126004559454906,-0.0718380336514681
2024-07-18,23210.05078125,23233.849609375,22993.55078125,23167.650390625,35622300,23210.05078125,0.0002499878793755794,-0.018079578621880928
2024-07-19,22853.599609375,23232.5,22833.0,23232.5,30218600,22853.599609375,-0.015357621369917696,-1.7260582128288782
2024-07-22,22942.650390625,23001.05078125,22667.75,22761.5,29609000,22942.650390625,0.0038965757155153824,0.3809753959359894
2024-07-23,22865.19921875,23031.94921875,22307.19921875,23022.80078125,45631600,22865.19921875,-0.0033758598312010335,-0.4148649108042348
2024-07-24,22921.44921875,22965.44921875,22816.75,22856.849609375,31512400,22921.44921875,0.0024600704092652137,0.2237751270279653
2024-07-25,22917.25,22938.650390625,22732.19921875,22753.19921875,34439400,22917.25,-0.00018320040368846602,-0.06548442585020993
2024-07-26,23292.05078125,23306.75,22965.5,22970.400390625,34525200,23292.05078125,0.016354526884770237,1.7442792872122814
2024-07-29,23394.19921875,23496.400390625,23326.05078125,23423.150390625,36107300,23394.19921875,0.004385549321497706,0.4344849667081291
2024-07-30,23440.900390625,23530.0,23381.349609375,23421.19921875,29987100,23440.900390625,0.001996271444827613,0.17302047849890745
2024-07-31,23530.80078125,23556.0,23459.599609375,23495.849609375,32149100,23530.80078125,0.0038351935773317525,0.3742581992875451
2024-08-01,23506.599609375,23637.75,23429.55078125,23608.849609375,29214900,23506.599609375,-0.0010284890896821164,-0.1579864223029617
2024-08-02,23259.44921875,23395.099609375,23225.650390625,23296.099609375,30923600,23259.44921875,-0.010514085181696387,-1.1960182694041677
2024-08-05,22542.44921875,22868.349609375,22397.69921875,22772.55078125,40193400,22542.44921875,-0.030826181362111016,-3.418820348696142
2024-08-06,22443.30078125,22910.75,22406.05078125,22696.94921875,27000600,22443.30078125,-0.0043982992503552865,-0.5267529427759188
2024-08-07,22848.900390625,22870.849609375,22650.80078125,22773.44921875,24591600,22848.900390625,0.01807219059835674,1.9322474043466362
2024-08-08,22705.69921875,22905.599609375,22676.0,22842.0,24382600,22705.69921875,-0.00626731131156566,-0.7312834776345516
2024-08-09,22923.5,22982.44921875,22869.400390625,22948.150390625,21118900,22923.5,0.00959233975363083,1.0042767053935064
2024-08-12,22915.849609375,22993.25,22753.75,22862.900390625,25324300,22915.849609375,-0.00033373571335093555,-0.08195787085325383
2024-08-13,22705.80078125,22962.75,22684.44921875,22952.69921875,27582500,22705.80078125,-0.009166093847948309,-1.048504299752335
2024-08-14,22672.650390625,22778.94921875,22599.94921875,22765.650390625,23576200,22672.650390625,-0.0014599965420455385,-0.20520733214033418
2024-08-16,23056.5,23071.75,22750.30078125,22846.099609375,20454900,23056.5,0.016930072257177242,1.8072626169065706
2024-08-19,23139.75,23195.599609375,23104.099609375,23174.19921875,21337100,23139.75,0.0036106954654868684,0.3496908249814362
2024-08-20,23280.349609375,23292.69921875,23175.400390625,23223.599609375,21727000,23280.349609375,0.0060761075368143125,0.619486863252574
2024-08-21,23368.650390625,23383.19921875,23256.25,23283.75,22340700,23368.650390625,0.00379293192463237,0.36963340386219257
2024-08-22,23440.69921875,23474.849609375,23408.94921875,23467.150390625,21863200,23440.69921875,0.0030831403149367276,0.29195918196594384
2024-08-23,23418.650390625,23496.849609375,23401.0,23485.30078125,23411800,23418.650390625,-0.0009406216051508487,-0.14837086979752498
2024-08-26,23561.75,23579.75,23466.75,23514.30078125,19994300,23561.75,0.006110497701109496,0.6232502625602355
2024-08-27,23604.849609375,23633.19921875,23555.55078125,23592.0,22130300,23604.849609375,0.0018292193650726318,0.15473956317971654
2024-08-28,23615.94921875,23679.349609375,23547.25,23646.80078125,24488600,23615.94921875,0.0004702258035396145,0.00602159298653218
2024-08-29,23631.400390625,23664.349609375,23494.44921875,23618.25,29804300,23631.400390625,0.0006542685086201594,0.026161833752328122
2024-08-30,23734.55078125,23766.400390625,23673.94921875,23728.55078125,70150200,23734.55078125,0.004364971559870812,0.43223309221299255
2024-09-02,23760.69921875,23835.19921875,23693.650390625,23835.19921875,25228700,23760.69921875,0.0011017034929794445,0.07512573214804205
2024-09-03,23788.44921875,23817.55078125,23771.19921875,23817.0,18146200,23788.44921875,0.0011678949236519909,0.0823692213686235
2024-09-04,23748.900390625,23761.400390625,23605.349609375,23611.80078125,20620200,23748.900390625,-0.0016625223343196271,-0.22737022208426658
2024-09-05,23762.80078125,23836.349609375,23749.05078125,23821.0,23179400,23762.80078125,0.0005853067045784588,0.018615175837059787
2024-09-06,23477.69921875,23794.349609375,23434.900390625,23746.0,38704200,23477.69921875,-0.01199780973314224,-1.3583858551401204
2024-09-09,23502.150390625,23526.55078125,23294.44921875,23452.849609375,23648800,23502.150390625,0.0010414637161495488,0.06853354688049261
2024-09-10,23643.650390625,23712.94921875,23531.650390625,23591.849609375,22265300,23643.650390625,0.006020725663318238,0.6134262901601298
2024-09-11,23531.25,23723.05078125,23498.150390625,23665.099609375,23090100,23531.25,-0.00475393557119963,-0.5656710901903044
2024-09-12,23907.349609375,23934.599609375,23593.599609375,23680.0,23740100,23907.349609375,0.015982984727755722,1.703620525466519
2024-09-13,23928.19921875,23966.55078125,23885.19921875,23966.5,20577800,23928.19921875,0.0008721004091070128,0.04999970833886015
2024-09-16,23968.19921875,24026.0,23917.5,24006.150390625,17209800,23968.19921875,0.0016716677938997115,0.13749831161767634
2024-09-17,23969.900390625,24008.25,23912.55078125,24008.25,16183800,23969.900390625,7.097620724327847e-05,-0.0376692612178546
2024-09-18,23898.650390625,24000.30078125,23800.849609375,23972.55078125,18564600,23898.650390625,-0.002972477934362505,-0.3707218489027271
2024-09-19,23853.94921875,24078.0,23702.0,24012.30078125,45138100,23853.94921875,-0.001870447541779785,-0.2501239831621259
2024-09-20,24193.80078125,24243.150390625,23885.0,23956.55078125,42372300,24193.80078125,0.014247182275078707,1.5136674420043168
2024-09-23,24379.19921875,24393.69921875,24262.30078125,24294.80078125,35691300,24379.19921875,0.0076630554734369305,0.7931504350435608
2024-09-24,24389.69921875,24429.0,24353.75,24390.05078125,26025400,24389.69921875,0.0004306950325063674,0.0016956445827705886
2024-09-25,24371.25,24394.349609375,24268.5,24377.25,29281600,24371.25,-0.0007564348614769179,-0.12821486653818664
2024-09-26,24496.900390625,24512.650390625,24338.400390625,24399.150390625,30998100,24496.900390625,0.005155681002205537,0.5187623493081875
2024-09-27,24489.55078125,24573.400390625,24469.0,24529.55078125,41993700,24489.55078125,-0.0003000220133079212,-0.0782684986737101
2024-09-30,24245.19921875,24456.099609375,24217.400390625,24410.0,26120900,24245.19921875,-0.009977788677409505,-1.137330038792335
2024-10-01,24271.30078125,24329.44921875,24191.05078125,24248.5,22116800,24271.30078125,0.001076566220986619,0.07237489934589844
2024-10-03,23755.44921875,24122.0,23713.0,23931.849609375,27320600,23755.44921875,-0.021253560620801304,-2.371265182598934
2024-10-04,23534.94921875,23920.30078125,23483.400390625,23704.94921875,26223100,23534.94921875,-0.00928208083836024,-1.0611970381663571
2024-10-07,23181.94921875,23659.650390625,23089.5,23616.349609375,30375500,23181.94921875,-0.014998970115421728,-1.6868101338933816
2024-10-08,23512.55078125,23544.80078125,23106.5,23175.19921875,25631100,23512.55078125,0.014261163260275156,1.5151974152128518
2024-10-09,23599.599609375,23797.44921875,23570.69921875,23600.099609375,25890900,23599.599609375,0.003702228181657663,0.3597074726981728
2024-10-10,23598.150390625,23755.5,23580.599609375,23695.55078125,19427900,23598.150390625,-6.140861599301939e-05,-0.0521564543535429
2024-10-11,23611.25,23654.0,23546.30078125,23608.30078125,17121900,23611.25,0.0005551116997797312,0.015310863034742562
2024-10-14,23727.05078125,23740.19921875,23646.099609375,23670.5,16763300,23727.05078125,0.00490447482661871,0.49127224663903085
2024-10-15,23735.69921875,23814.94921875,23662.30078125,23800.400390625,17789200,23735.69921875,0.0003644969440042001,-0.005548573220296552
2024-10-16,23673.150390625,23768.150390625,23588.80078125,23702.849609375,17373100,23673.150390625,-0.0026352216359225578,-0.3338150720359721
2024-10-17,23377.0,23720.150390625,23366.0,23717.30078125,17807000,23377.0,-0.012509969553620603,-1.414432749748015
2024-10-18,23440.69921875,23471.19921875,23120.94921875,23285.650390625,19475900,23440.69921875,0.002724867123668595,0.25275247540883067
2024-10-21,23263.25,23559.05078125,23224.55078125,23527.599609375,20166200,23263.25,-0.007570133343465235,-0.8738544607439206
2024-10-22,22814.44921875,23306.19921875,22789.69921875,23277.099609375,24168100,22814.44921875,-0.019292264892050714,-2.1566358215890706
2024-10-23,22841.099609375,22989.05078125,22673.30078125,22751.80078125,26061900,22841.099609375,0.001168136489707372,0.08239565652949603
2024-10-24,22787.849609375,22893.19921875,22747.55078125,22841.849609375,19531500,22787.849609375,-0.0023313238377605794,-0.3005587969747091
2024-10-25,22499.05078125,22839.19921875,22362.80078125,22819.80078125,26167800,22499.05078125,-0.012673369057437878,-1.4323139548001318
2024-10-28,22649.94921875,22756.05078125,22407.0,22548.69921875,29092800,22649.94921875,0.0067068801687293345,0.6885138462546091
2024-10-29,22795.05078125,22808.80078125,22450.0,22670.80078125,23194400,22795.05078125,0.006406264362830649,0.6556167275877561
2024-10-30,22749.80078125,22896.55078125,22685.400390625,22731.150390625,27854400,22749.80078125,-0.0019850800261089763,-0.26266849468167164
2024-10-31,22689.349609375,22779.5,22621.099609375,22758.599609375,24362900,22689.349609375,-0.002657217637036302,-0.33622214792698146
2024-11-01,22823.55078125,22881.5,22799.69921875,22806.94921875,6042900,22823.55078125,0.005914720967565845,0.601825938525308
2024-11-04,22518.30078125,22832.650390625,22362.650390625,22831.80078125,22594400,22518.30078125,-0.01337434314781416,-1.5090232541151174
2024-11-05,22679.849609375,22697.5,22343.94921875,22458.30078125,21434200,22679.849609375,0.007174112722551085,0.7396442408196611
2024-11-06,23031.19921875,23052.19921875,22720.30078125,22782.19921875,21578000,23031.19921875,0.015491708076836863,1.6498589268865076
2024-11-07,22806.25,23073.55078125,22793.900390625,23067.150390625,20350800,22806.25,-0.009767151793245166,-1.1142795323385732
2024-11-08,22645.650390625,22857.099609375,22600.25,22821.900390625,19203600,22645.650390625,-0.0070419121677172125,-0.8160499329714064
2024-11-11,22591.400390625,22770.55078125,22478.69921875,22590.099609375,20059500,22591.400390625,-0.002395603529340873,-0.3075930799375228
2024-11-12,22331.05078125,22721.900390625,22286.849609375,22664.19921875,17128100,22331.05078125,-0.011524279366189272,-1.3065662755693102
2024-11-13,21914.94921875,22309.80078125,21867.69921875,22263.0,23256700,21914.94921875,-0.018633317642597236,-2.0845256216757195
2024-11-14,21963.099609375,22096.849609375,21907.55078125,21924.099609375,19082200,21963.099609375,0.002197148172435881,0.19500290728631933
2024-11-18,21899.400390625,22049.150390625,21787.349609375,22045.900390625,20564200,21899.400390625,-0.002900283652258695,-0.3628214530524912
2024-11-19,22004.349609375,22233.400390625,21948.44921875,21977.650390625,19033700,22004.349609375,0.004792332980720682,0.4790002917396577
2024-11-21,21820.849609375,21954.19921875,21692.80078125,21947.75,26353500,21820.849609375,-0.008339260339774834,-0.9580218982871229
2024-11-22,22225.55078125,22260.150390625,21819.19921875,21864.650390625,23049700,22225.55078125,0.018546535956195154,1.984156170351908
2024-11-25,22553.5,22676.25,22510.80078125,22578.650390625,37062000,22553.5,0.014755504688174659,1.5692943997906763
2024-11-26,22562.44921875,22675.69921875,22523.0,22649.30078125,32509700,22562.44921875,0.0003967995543929792,-0.0020136200130559255
2024-11-27,22691.69921875,22732.099609375,22526.099609375,22594.19921875,27765700,22691.69921875,0.005728544749148412,0.5814522222068507
2024-11-28,22514.349609375,22821.75,22472.25,22722.30078125,30300900,22514.349609375,-0.007815616083455601,-0.9007182339376992
2024-11-29,22687.0,22733.75,22531.900390625,22537.80078125,24656200,22687.0,0.007668460054165216,0.7937418714553338
2024-12-02,22835.849609375,22843.5,22603.099609375,22695.400390625,18255400,22835.849609375,0.0065610089203067545,0.6725508008149528
2024-12-03,23020.849609375,23029.55078125,22876.80078125,22922.599609375,21659200,23020.849609375,0.008101297002939267,0.841108271317946
2024-12-04,23099.5,23149.900390625,22978.849609375,23075.94921875,26977000,23099.5,0.003416485141059633,0.32843791690525875
2024-12-05,23277.94921875,23357.099609375,22993.849609375,23183.30078125,27902600,23277.94921875,0.0077252416177839844,0.7999556160416236
2024-12-06,23312.099609375,23358.19921875,23221.69921875,23315.80078125,24696700,23312.099609375,0.0014670704151846792,0.11510872293189757
2024-12-09,23292.0,23351.900390625,23243.30078125,23289.400390625,22821900,23292.0,-0.0008621964435548968,-0.13978861365242176
2024-12-10,23314.900390625,23341.349609375,23216.25,23328.80078125,21731600,23314.900390625,0.000983186957968396,0.06215617951727754
2024-12-11,23358.150390625,23394.19921875,23301.150390625,23326.69921875,17613100,23358.150390625,0.0018550368766487857,0.1575648362536474
2024-12-12,23256.400390625,23386.25,23242.75,23348.69921875,19632100,23256.400390625,-0.00435608120927411,-0.5221329198759997
2024-12-13,23358.94921875,23378.55078125,22879.900390625,23208.349609375,21518400,23358.94921875,0.004409488416201368,0.4371046800558325
2024-12-16,23352.44921875,23417.650390625,23281.19921875,23370.55078125,14889800,23352.44921875,-0.0002782659416367128,-0.07588767884504975
2024-12-17,23095.75,23349.099609375,23067.30078125,23308.900390625,19211800,23095.75,-0.01099238954961057,-1.2483602795094182
2024-12-18,22934.400390625,23125.55078125,22876.69921875,23076.94921875,17807500,22934.400390625,-0.006986116899213024,-0.8099441210579442
2024-12-19,22752.150390625,22782.25,22590.0,22594.94921875,17201400,22752.150390625,-0.007946577930788123,-0.9150497073598927
2024-12-20,22319.400390625,22855.0,22279.900390625,22783.650390625,25841100,22319.400390625,-0.019020180183861424,-2.1268609303255164
2024-12-23,22412.30078125,22535.19921875,22331.5,22446.599609375,15840200,22412.30078125,0.0041623156984100795,0.4100559684816679
2024-12-24,22402.69921875,22516.30078125,22340.099609375,22431.599609375,13500400,22402.69921875,-0.00042840592733939253,-0.0923178625858384
2024-12-26,22430.349609375,22492.30078125,22324.599609375,22444.69921875,14200,22430.349609375,0.0012342437112158322,0.0896299305364745
2024-12-27,22445.19921875,22555.44921875,22435.55078125,22473.900390625,11665400,22445.19921875,0.0006620320072405761,0.02701141228537396
2024-12-30,22357.150390625,22522.400390625,22266.150390625,22438.150390625,30031300,22357.150390625,-0.003922835670420177,-0.47472180700735067
2024-12-31,22375.400390625,22414.44921875,22160.150390625,22273.69921875,20703900,22375.400390625,0.0008162936546534105,0.043892639490022534
2025-01-02,22819.75,22833.349609375,22482.69921875,22521.75,18525200,22819.75,0.019858845053837726,2.127765346135859
2025-01-03,22708.150390625,22867.849609375,22681.30078125,22850.099609375,22010400,22708.150390625,-0.004890483435401327,-0.5806138550223786
2025-01-06,22225.400390625,22757.400390625,22163.55078125,22753.650390625,24961500,22225.400390625,-0.0212588868620186,-2.3718480461275164
2025-01-07,22341.650390625,22435.5,22247.75,22278.150390625,19294300,22341.650390625,0.005230501946279276,0.5269501871652206
2025-01-08,22231.80078125,22384.25,22065.19921875,22378.150390625,19023200,22231.80078125,-0.004916808179090237,-0.5834946357398784
2025-01-09,22046.55078125,22239.19921875,22028.5,22231.05078125,16939500,22046.55078125,-0.008332658331314136,-0.9572994244467276
2025-01-10,21799.0,22075.400390625,21738.44921875,22049.400390625,19746200,21799.0,-0.011228549250458464,-1.2742038098583843
2025-01-13,21243.44921875,21630.55078125,21194.44921875,21557.0,26118000,21243.44921875,-0.025485149834854837,-2.834338280528489
2025-01-14,21481.05078125,21528.69921875,21325.0,21328.0,25453100,21481.05078125,0.011184697929858212,1.1785323328608803
2025-01-15,21551.19921875,21634.599609375,21445.400390625,21572.44921875,30942300,21551.19921875,0.0032655961858825133,0.31192577161356344
2025-01-16,21714.55078125,21776.349609375,21687.44921875,21734.400390625,22356500,21714.55078125,0.007579697112997774,0.7840283269526594
2025-01-17,21680.25,21730.849609375,21563.80078125,21699.44921875,20140800,21680.25,-0.0015796219592817407,-0.21829823244953964
2025-01-20,21809.0,21848.94921875,21628.5,21769.94921875,35051300,21809.0,0.0059385846565422895,0.6044374000409128
2025-01-21,21433.19921875,21863.05078125,21411.30078125,21855.099609375,23319600,21433.19921875,-0.0172314540442019,-1.9311162790987841
2025-01-22,21396.55078125,21500.30078125,21178.80078125,21484.44921875,20884100,21396.55078125,-0.0017098911425196262,-0.2325539059554598
2025-01-23,21538.05078125,21595.0,21338.94921875,21377.80078125,18373700,21538.05078125,0.006613215440499864,0.6782638872737368
2025-01-24,21318.900390625,21611.19921875,21279.0,21533.05078125,17534800,21318.900390625,-0.010175033611480866,-1.1589150315813304
2025-01-27,20910.94921875,21163.0,20861.150390625,21158.849609375,23045500,20910.94921875,-0.019135657299397923,-2.1394978718920235
2025-01-28,20924.75,21100.44921875,20757.900390625,21009.19921875,24931900,20924.75,0.0006599787080743269,0.026786714764467773
2025-01-29,21245.5,21259.849609375,20968.349609375,20971.400390625,18562800,21245.5,0.015328737499850753,1.6320246603405748
2025-01-30,21297.5,21404.19921875,21209.599609375,21282.099609375,19976300,21297.5,0.00244757713398136,0.22240795753292847
2025-01-31,21580.900390625,21613.0,21310.30078125,21339.349609375,22528800,21580.900390625,0.013306744482920463,1.410753047483592
2025-02-03,21402.55078125,21445.94921875,21286.69921875,21422.849609375,22552300,21402.55078125,-0.008264233935877718,-0.9498115764619874
2025-02-04,21727.44921875,21743.55078125,21474.44921875,21551.400390625,21541600,21727.44921875,0.015180360547707883,1.6157874096495215
2025-02-05,21784.25,21870.400390625,21763.69921875,21797.69921875,19686800,21784.25,0.0026142406629574566,0.24064635279552138
2025-02-06,21672.44921875,21870.900390625,21620.150390625,21860.099609375,15731100,21672.44921875,-0.005132184089422398,-0.6070637453513884
2025-02-07,21646.150390625,21765.150390625,21521.75,21703.75,21144700,21646.150390625,-0.0012134682083946302,-0.17822913708964302
2025-02-10,21371.30078125,21659.25,21301.849609375,21636.19921875,14732900,21371.30078125,-0.012697389809046,-1.4349426040614608
2025-02-11,20950.44921875,21376.44921875,20860.599609375,21366.25,17841200,20950.44921875,-0.019692370006285764,-2.2004202972019105
2025-02-12,20907.849609375,21002.0,20545.75,20924.150390625,25437300,20907.849609375,-0.002033350642280052,-0.2679508655921259
2025-02-13,20904.349609375,21122.0,20866.5,20926.0,21300900,20904.349609375,-0.0001674012423750204,-0.06375548520781289
2025-02-14,20633.099609375,20984.69921875,20476.650390625,20964.599609375,20478700,20633.099609375,-0.01297576844382431,-1.4654062550170095
2025-02-17,20652.349609375,20667.55078125,20339.0,20511.05078125,20032500,20652.349609375,0.0009329669494375636,0.056660481860428595
2025-02-18,20611.400390625,20692.30078125,20466.75,20663.599609375,17246500,20611.400390625,-0.0019827874079475505,-0.2624176079011554
2025-02-19,20731.44921875,20802.55078125,20459.19921875,20511.19921875,17911800,20731.44921875,0.005824389699382371,0.5919407681834644
2025-02-20,20831.099609375,20840.349609375,20630.19921875,20645.69921875,16457500,20831.099609375,0.0048067257418200615,0.48057532658659297
2025-02-21,20690.25,20903.349609375,20616.599609375,20792.05078125,18388600,20690.25,-0.006761506210243962,-0.7853644271633753
2025-02-24,20468.44921875,20546.05078125,20429.30078125,20510.94921875,14421900,20468.44921875,-0.010720062891941828,-1.2185589111259627
2025-02-25,20418.75,20548.900390625,20388.75,20445.55078125,14456600,20418.75,-0.0024280891150499917,-0.31114805657902134
2025-02-27,20315.55078125,20471.849609375,20278.650390625,20436.5,19186000,20315.55078125,-0.005054139883685305,-0.5985231781323157
2025-02-28,19880.900390625,20197.849609375,19816.0,20185.400390625,30278900,19880.900390625,-0.02139495971854999,-2.386738829715121
2025-03-03,19896.94921875,19997.05078125,19658.30078125,19935.55078125,23646800,19896.94921875,0.0008072485556323006,0.04290281230857628
2025-03-04,19917.849609375,19957.5,19681.650390625,19736.05078125,20948400,19917.849609375,0.0010504319227644388,0.06951495953894186
2025-03-05,20256.5,20265.05078125,19901.599609375,19901.599609375,21587800,20256.5,0.01700235704488917,1.8151729170055915
2025-03-06,20447.099609375,20467.150390625,20262.75,20411.44921875,20745100,20447.099609375,0.00940930611778934,0.9842468895283607
2025-03-07,20443.400390625,20549.19921875,20377.599609375,20428.150390625,20185700,20443.400390625,-0.00018091655152419062,-0.06523449835407874
2025-03-10,20266.5,20543.69921875,20230.650390625,20434.94921875,19956800,20266.5,-0.008653178397177164,-0.9923747146839854
2025-03-11,20302.5,20333.75,20073.400390625,20122.55078125,20069200,20302.5,0.0017763303974538402,0.1489517948395877
2025-03-12,20264.349609375,20397.94921875,20108.69921875,20351.900390625,21523800,20264.349609375,-0.0018790981714074118,-0.25107064259858597
2025-03-13,20176.05078125,20357.30078125,20157.5,20337.849609375,17909600,20176.05078125,-0.004357348240979331,-0.522271574236627
2025-03-17,20288.30078125,20358.25,20166.5,20166.599609375,16660700,20288.30078125,0.005563526837685906,0.563393910870527
2025-03-18,20657.19921875,20676.94921875,20370.19921875,20418.55078125,19459200,20657.19921875,0.01818281587391124,1.9443533972653724
2025-03-19,20864.5,20895.25,20664.0,20713.25,27508900,20864.5,0.010035280148813053,1.0527487499657844
2025-03-20,21070.05078125,21092.19921875,20873.55078125,20989.349609375,23160400,21070.05078125,0.009851699357760868,1.0326590575753787
2025-03-21,21273.900390625,21297.0,21031.44921875,21065.25,35583500,21273.900390625,0.009674851356143988,1.0133061507054484
2025-03-24,21538.099609375,21595.849609375,21346.80078125,21427.19921875,26092800,21538.099609375,0.012418936532504699,1.3135980645282177
2025-03-25,21437.75,21674.05078125,21385.80078125,21652.849609375,24379900,21437.75,-0.004659167298646905,-0.5553003676705763
2025-03-26,21275.44921875,21525.599609375,21255.69921875,21464.94921875,24408400,21275.44921875,-0.007570793635059636,-0.8739267180587706
2025-03-27,21407.94921875,21447.900390625,21195.69921875,21218.400390625,43467600,21407.94921875,0.0062278355976252975,0.6360908339142919
2025-03-28,21339.55078125,21514.099609375,21277.900390625,21439.19921875,27734100,21339.55078125,-0.0031950018566044847,-0.39507318283982257
2025-04-01,21070.75,21398.349609375,21042.44921875,21227.099609375,38874700,21070.75,-0.012596365500167073,-1.4238872682733388
2025-04-02,21265.650390625,21279.099609375,21007.150390625,21101.849609375,25689200,21265.650390625,0.009249807938730203,0.9667926159316366
2025-04-03,21243.400390625,21263.44921875,21096.75,21100.55078125,24356500,21243.400390625,-0.0010462882437778376,-0.159934227019038
2025-04-04,20805.349609375,21212.099609375,20736.80078125,21199.19921875,25372000,20805.349609375,-0.020620558535596634,-2.3019942251019034
2025-04-07,20105.69921875,20189.349609375,19519.849609375,19524.25,31899200,20105.69921875,-0.03362838903268095,-3.7254727484005437
2025-04-08,20480.80078125,20588.400390625,20227.150390625,20430.099609375,24101600,20480.80078125,0.0186564793603492,1.9961875444251407
2025-04-09,20356.75,20423.25,20252.349609375,20422.94921875,20686300,20356.75,-0.006056930223332202,-0.7082609635515421
2025-04-11,20752.849609375,20817.5,20629.0,20684.849609375,22159500,20752.849609375,0.01945790017438931,2.083888972973608
2025-04-15,21279.400390625,21302.75,21067.599609375,21199.05078125,23092700,21279.400390625,0.025372456851040504,2.7311332929186376
2025-04-16,21404.349609375,21414.849609375,21246.400390625,21302.75,23069300,21404.349609375,0.005871839265031653,0.5971332895387159
2025-04-17,21681.55078125,21704.099609375,21296.349609375,21379.349609375,24530900,21681.55078125,0.012950693524160561,1.3717895252338046
2025-04-21,22005.75,22033.75,21732.44921875,21787.05078125,33200,22005.75,0.0149527689241844,1.5908815048377265
2025-04-22,22085.150390625,22157.94921875,21953.400390625,22072.0,28400500,22085.150390625,0.0036081656214852487,0.3494139780003498
2025-04-23,22237.599609375,22263.849609375,21988.349609375,22238.599609375,26262000,22237.599609375,0.006902792874560415,0.7099530500676029
2025-04-24,22180.650390625,22270.150390625,22155.400390625,22217.650390625,24349800,22180.650390625,-0.0025609427164068332,-0.32568654924439955
2025-04-25,21848.150390625,22271.849609375,21661.599609375,22220.30078125,40982400,21848.150390625,-0.0149905432953642,-1.68588796648243
2025-04-28,22101.849609375,22125.44921875,21841.400390625,21843.44921875,20254000,22101.849609375,0.011611931180172563,1.225285506374163
2025-04-29,22112.400390625,22255.900390625,22084.55078125,22160.75,21891800,22112.400390625,0.00047737096380950916,0.00680350525022608
2025-04-30,22030.05078125,22175.0,21920.55078125,22119.19921875,21908500,22030.05078125,-0.003724137041671627,-0.4529777328747849
2025-05-02,22006.0,22238.900390625,21920.849609375,22009.94921875,21060500,22006.0,-0.0010917260921826655,-0.16490660126420287
2025-05-05,22195.150390625,22209.94921875,22070.94921875,22086.25,18176200,22195.150390625,0.00859540082818322,0.8951792544593793
2025-05-06,21956.599609375,22244.5,21916.900390625,22235.599609375,23813700,21956.599609375,-0.010747878570390834,-1.2216028484598644
2025-05-07,22072.44921875,22084.69921875,21752.900390625,21756.80078125,23862400,22072.44921875,0.005276300130077294,0.5319619937887137
2025-05-08,21843.05078125,22145.19921875,21730.55078125,22109.349609375,24556600,21843.05078125,-0.010392976113639985,-1.1827650095778157
2025-05-09,21675.55078125,21716.05078125,21463.75,21463.75,28601400,21675.55078125,-0.007668342745592138,-0.8846017544409734
2025-05-12,22511.400390625,22525.0,22126.400390625,22149.400390625,29453500,22511.400390625,0.03856186252475924,4.174482029344762
2025-05-13,22349.400390625,22575.69921875,22317.5,22491.5,25880300,22349.400390625,-0.007196353722510596,-0.8329508478782011
2025-05-14,22499.5,22544.900390625,22366.400390625,22402.650390625,25396000,22499.5,0.006716046370441431,0.6895169259980234
2025-05-15,22788.80078125,22814.099609375,22408.650390625,22547.05078125,28758400,22788.80078125,0.012858098235516424,1.3616565976273822
2025-05-16,22870.900390625,22885.349609375,22750.349609375,22825.55078125,32136800,22870.900390625,0.0036026296496720622,0.3488081631426436
2025-05-19,22865.80078125,22965.05078125,22827.650390625,22896.25,38611100,22865.80078125,-0.00022297370404755767,-0.06983691482787331
2025-05-20,22585.599609375,22958.599609375,22565.55078125,22942.650390625,28729600,22585.599609375,-0.012254159587744007,-1.386438843112107
2025-05-21,22730.650390625,22811.94921875,22577.400390625,22632.400390625,24227900,22730.650390625,0.0064222683372900935,0.6573680814307775
2025-05-22,22595.0,22675.349609375,22464.44921875,22674.0,24519900,22595.0,-0.005967730280210026,-0.6984995968622746
2025-05-23,22781.05078125,22813.25,22580.80078125,22628.75,25499400,22781.05078125,0.008234157169727752,0.8556474824544743
2025-05-26,22908.30078125,22970.69921875,22845.400390625,22852.69921875,24898200,22908.30078125,0.00558578272889565,0.5658294271667336
2025-05-27,22816.5,22963.099609375,22721.80078125,22895.05078125,24659100,22816.5,-0.00400731517045283,-0.48396660413031767
2025-05-28,22779.400390625,22871.19921875,22765.69921875,22843.25,32991400,22779.400390625,-0.0016259991398768214,-0.22337340010052012
2025-05-29,22861.349609375,22899.150390625,22750.150390625,22859.44921875,26181000,22861.349609375,0.003597514304359173,0.3482483784657302
2025-05-30,22801.94921875,22912.30078125,22759.150390625,22868.25,52128200,22801.94921875,-0.0025982888866998843,-0.3297734314767232
2025-06-02,22834.5,22863.349609375,22664.150390625,22758.599609375,38899400,22834.5,0.0014275438006516872,0.11078322938406653
2025-06-03,22711.30078125,22946.150390625,22691.25,22906.19921875,45435500,22711.30078125,-0.0053953105498258935,-0.635858313775379
2025-06-04,22807.849609375,22823.94921875,22667.900390625,22742.19921875,31514700,22807.849609375,0.004251135989740806,0.41977578895217277
2025-06-05,22934.5,23026.30078125,22828.849609375,22879.19921875,25523800,22934.5,0.005552929925184191,0.5622342649662506
2025-06-06,23165.099609375,23180.349609375,22891.599609375,22962.0,29178900,23165.099609375,0.010054704021234429,1.054874351559172
2025-06-09,23330.55078125,23335.349609375,23254.55078125,23308.650390625,31805600,23330.55078125,0.007142260325444072,0.7361585555466575
2025-06-10,23339.94921875,23423.80078125,23287.349609375,23422.30078125,30820100,23339.94921875,0.00040283821792819197,-0.001352794377779638
2025-06-11,23337.849609375,23423.599609375,23271.400390625,23376.599609375,35796300,23337.849609375,-8.995775249220905e-05,-0.05528065578547476
2025-06-12,23046.44921875,23370.30078125,23009.650390625,23363.5,25762100,23046.44921875,-0.01248617141263697,-1.4118284613086607
2025-06-13,22906.19921875,22932.25,22631.69921875,22631.69921875,25533300,22906.19921875,-0.006085536156515414,-0.7113913803827229
2025-06-16,23095.05078125,23106.69921875,22789.400390625,22914.849609375,23518500,23095.05078125,0.008244561251585347,0.8567860264324457
2025-06-17,22981.5,23128.5,22959.150390625,23126.80078125,29479900,22981.5,-0.004916671642141934,-0.5834796941695995
2025-06-18,22925.19921875,23066.849609375,22868.349609375,22937.75,19507700,22925.19921875,-0.002449830570241285,-0.3135272768907407
2025-06-19,22763.5,22973.150390625,22712.55078125,22921.599609375,23853000,22763.5,-0.007053339742310705,-0.817300480248362
2025-06-20,23041.099609375,23064.69921875,22760.599609375,22760.650390625,32449300,23041.099609375,0.012194944071649783,1.2890860248395661
2025-06-23,23001.5,23063.349609375,22837.80078125,22880.349609375,20840000,23001.5,-0.0017186510212771067,-0.2335125207898681
2025-06-24,23113.19921875,23307.94921875,23074.25,23212.30078125,31040600,23113.19921875,0.004856171064930637,0.48598624853404937
2025-06-25,23296.849609375,23303.650390625,23190.849609375,23216.150390625,30406900,23296.849609375,0.007945693232982665,0.8240801723796045
2025-06-26,23517.55078125,23529.650390625,23319.849609375,23341.19921875,29163000,23517.55078125,0.009473434201428876,0.9912645816655423
2025-06-27,23620.150390625,23644.349609375,23538.55078125,23566.69921875,34232800,23620.150390625,0.004362682590943967,0.43198260477709066
2025-06-30,23617.19921875,23677.55078125,23563.0,23672.349609375,24613500,23617.19921875,-0.0001249429756455811,-0.05910917383103187
2025-07-01,23615.44921875,23669.94921875,23558.900390625,23659.75,25642800,23615.44921875,-7.409854080453471e-05,-0.05354514368459741
2025-07-02,23547.25,23669.30078125,23463.849609375,23653.05078125,26194600,23547.25,-0.002887906900193582,-0.36146703497663835
2025-07-03,23521.849609375,23647.099609375,23503.55078125,23591.80078125,23572100,23521.849609375,-0.0010786988130249142,-0.16348099442667283
2025-07-04,23562.44921875,23570.900390625,23448.900390625,23553.44921875,18787000,23562.44921875,0.0017260381325971963,0.1434481899972947
2025-07-07,23551.19921875,23595.30078125,23506.5,23561.599609375,24223800,23551.19921875,-0.00047745460989889743,-0.09768537919325405
2025-07-08,23572.55078125,23600.349609375,23469.94921875,23540.599609375,29300500,23572.55078125,0.0009066019229713174,0.05377529290064671
2025-07-09,23557.44921875,23613.900390625,23513.849609375,23576.44921875,23483000,23557.44921875,-0.0006406418482302056,-0.11554335551706163
2025-07-10,23471.400390625,23605.5,23444.94921875,23595.849609375,20223100,23471.400390625,-0.0036527226409772684,-0.44516268134367454
2025-07-11,23282.69921875,23462.349609375,23256.30078125,23408.80078125,22318700,23282.69921875,-0.008039621357674553,-0.9252316758239365
2025-07-14,23309.05078125,23329.19921875,23200.099609375,23290.150390625,39977700,23309.05078125,0.0011318087414358136,0.07842022269554855
2025-07-15,23449.150390625,23469.44921875,23332.80078125,23334.55078125,27090700,23449.150390625,0.006010524010171103,0.6123098984482034
2025-07-16,23472.5,23502.900390625,23403.5,23458.900390625,28588900,23472.5,0.0009957550267720716,0.06353153384906883
2025-07-17,23419.69921875,23514.69921875,23409.05078125,23507.650390625,21951000,23419.69921875,-0.002249474118649508,-0.2916017831730031
2025-07-18,23275.150390625,23449.44921875,23240.849609375,23430.0,19710600,23275.150390625,-0.0061721043799432,-0.7208647515861062
2025-07-21,23378.44921875,23394.5,23184.900390625,23296.75,17595400,23378.44921875,0.004438159427172073,0.44024221850755246
2025-07-22,23320.900390625,23456.0,23306.400390625,23449.75,20318100,23320.900390625,-0.0024616187150191537,-0.3148172822397951
2025-07-23,23428.400390625,23435.55078125,23296.0,23382.400390625,19959600,23428.400390625,0.004609599037746159,0.45900327199372726
2025-07-24,23301.099609375,23449.400390625,23257.599609375,23447.349609375,19690700,23301.099609375,-0.005433609598926803,-0.6400494718528251
2025-07-25,23014.80078125,23255.25,22993.0,23255.25,21958300,23014.80078125,-0.012286923489645551,-1.3900242765713426
2025-07-28,22846.94921875,23094.849609375,22818.150390625,22967.400390625,20263600,22846.94921875,-0.007293200757868323,-0.8435490544667456
2025-07-29,23007.349609375,23024.150390625,22777.69921875,22793.0,17358000,23007.349609375,0.007020648100069415,0.7228502339914082
2025-07-30,23033.55078125,23070.349609375,22959.44921875,23064.25,16971600,23033.55078125,0.0011388174787556604,0.07918720586406999
2025-07-31,22914.94921875,23071.25,22802.150390625,22804.19921875,22141000,22914.94921875,-0.005149078560503395,-0.6089125484051859
2025-08-01,22673.650390625,22917.849609375,22646.75,22901.599609375,22209200,22673.650390625,-0.010530192575227693,-1.1977809406477138
2025-08-04,22860.400390625,22871.599609375,22648.599609375,22699.69921875,18958000,22860.400390625,0.008236432898216295,0.8558965209570152
2025-08-05,22798.5,22878.099609375,22736.05078125,22869.5,17350900,22798.5,-0.0027077561883117607,-0.3417527044909963
2025-08-06,22666.849609375,22818.19921875,22622.349609375,22807.55078125,15763400,22666.849609375,-0.005774519842314141,-0.677356108800713
2025-08-07,22694.099609375,22726.900390625,22425.849609375,22563.400390625,20517000,22694.099609375,0.0012021961794252967,0.0861228912005312
2025-08-08,22443.150390625,22690.349609375,22419.69921875,22680.900390625,17064600,22443.150390625,-0.011057905934559797,-1.2555298968349433
2025-08-11,22633.44921875,22650.099609375,22406.0,22447.55078125,15385700,22633.44921875,0.008479149531720465,0.8824575923914851
2025-08-12,22568.599609375,22730.25,22554.30078125,22633.650390625,15129600,22568.599609375,-0.0028652110753528692,-0.3589833756733792
2025-08-13,22698.099609375,22733.80078125,22624.44921875,22655.150390625,20941400,22698.099609375,0.005738060944916024,0.5824936026508637
2025-08-14,22680.25,22754.150390625,22646.69921875,22713.650390625,20569500,22680.25,-0.000786392239094269,-0.13149317522019208
2025-08-18,22931.5,23040.849609375,22913.05078125,22958.30078125,23896800,22931.5,0.011077920216928883,1.1668473880765893
2025-08-19,23066.599609375,23077.099609375,22908.150390625,22959.5,23250400,23066.599609375,0.005891442311885431,0.5992784986259518
2025-08-20,23143.150390625,23171.150390625,23025.849609375,23067.69921875,29253300,23143.150390625,0.003318685135492938,0.31773542446934616
2025-08-21,23137.150390625,23230.94921875,23126.75,23221.75,23429200,23137.150390625,-0.0002592559741749767,-0.07380737187791539
2025-08-22,22991.30078125,23144.55078125,22980.849609375,23133.849609375,32235300,22991.30078125,-0.006303698031633886,-0.735265364895614
2025-08-25,23052.0,23106.900390625,23022.099609375,23069.30078125,27455000,23052.0,0.002640095022353073,0.24347565821594128
2025-08-26,22768.650390625,23013.05078125,22746.75,22994.849609375,44479200,22768.650390625,-0.012291758171742106,-1.3905533475899852
2025-08-28,22541.650390625,22762.25,22529.599609375,22762.25,29189400,22541.650390625,-0.00996984872205986,-1.1364611501703081
2025-08-29,22462.94921875,22624.69921875,22443.80078125,22524.150390625,28764200,22462.94921875,-0.0034913668924495544,-0.4275051294028293
2025-09-01,22713.55078125,22720.55078125,22491.900390625,22491.900390625,27115300,22713.55078125,0.011156218182197586,1.17541572481829
2025-09-02,22724.400390625,22858.19921875,22678.44921875,22758.19921875,27193100,22724.400390625,0.00047767121395914103,0.006836362354238464
2025-09-03,22864.650390625,22877.349609375,22709.19921875,22764.0,30994300,22864.650390625,0.006171780006915428,0.6299565343088194
2025-09-04,22819.650390625,23116.900390625,22795.0,23116.900390625,30118100,22819.650390625,-0.001968103567349999,-0.26081071951689794
2025-09-05,22829.150390625,22916.0,22718.5,22891.75,34473200,22829.150390625,0.00041630786788493523,0.00012122217202644029
2025-09-08,22878.650390625,22974.849609375,22835.900390625,22892.80078125,22996300,22878.650390625,0.0021682804288820634,0.19184383990962167
2025-09-09,22949.099609375,22964.05078125,22893.05078125,22949.55078125,20109300,22949.099609375,0.0030792558803585113,0.2915340988440129
2025-09-10,23074.150390625,23121.75,23027.05078125,23056.80078125,23676100,23074.150390625,0.005449049565278585,0.5508663845690308
2025-09-11,23102.650390625,23128.55078125,23065.69921875,23073.44921875,21459700,23102.650390625,0.0012351484027588455,0.08972893313202478
2025-09-12,23190.25,23210.400390625,23129.900390625,23171.55078125,25960500,23190.25,0.0037917558329387813,0.3695047012881831
2025-09-15,23215.849609375,23249.19921875,23182.05078125,23213.150390625,33099500,23215.849609375,0.0011038953601190116,0.07536559349923334
2025-09-16,23369.30078125,23386.650390625,23217.30078125,23240.25,23720000,23369.30078125,0.00660975904207417,0.6778856451888601
2025-09-17,23445.19921875,23464.400390625,23395.75,23419.099609375,22655400,23445.19921875,0.0032477838430191586,0.309976523618573
2025-09-18,23518.900390625,23538.900390625,23434.44921875,23534.150390625,21229100,23518.900390625,0.0031435506769359467,0.2985700347833956
2025-09-19,23486.650390625,23541.30078125,23451.599609375,23530.599609375,49270900,23486.650390625,-0.0013712375776231411,-0.19549422282254048
2025-09-22,23381.44921875,23523.55078125,23335.099609375,23434.75,26249700,23381.44921875,-0.004479190098431118,-0.5356050249884883
2025-09-23,23325.25,23434.30078125,23253.099609375,23408.19921875,29750900,23325.25,-0.002403581498486962,-0.3084661285017351
2025-09-24,23178.25,23317.19921875,23165.94921875,23293.400390625,22385600,23178.25,-0.006302183256342353,-0.7350995993518822
2025-09-25,23022.400390625,23235.55078125,23009.55078125,23169.44921875,23143600,23022.400390625,-0.006723959288341463,-0.7812555761942488
2025-09-26,22713.150390625,22994.150390625,22692.69921875,22965.900390625,30633900,22713.150390625,-0.013432569790851612,-1.5153951372562888
2025-09-29,22739.099609375,22865.099609375,22677.0,22783.900390625,27084600,22739.099609375,0.0011424755396640673,0.07958751636482589
2025-09-30,22734.099609375,22829.19921875,22669.30078125,22793.650390625,21800300,22734.099609375,-0.00021988557532592878,-0.06949897339225837
2025-10-01,22928.30078125,22943.19921875,22726.25,22745.94921875,23002400,22928.30078125,0.00854228560672432,0.8893667266113311
2025-10-03,23027.69921875,23037.5,22874.150390625,22905.099609375,24935400,23027.69921875,0.004335185518033802,0.42897353322207843
2025-10-06,23169.650390625,23177.25,23008.30078125,23055.150390625,26990400,23169.650390625,0.006164366249816977,0.6291452288410119
2025-10-07,23209.5,23275.099609375,23170.849609375,23191.349609375,29565400,23209.5,0.0017199055101462246,0.1427770822093808
2025-10-08,23109.349609375,23265.19921875,23087.900390625,23197.94921875,25463900,23109.349609375,-0.004315060239341695,-0.5176438953828868
2025-10-09,23241.75,23251.650390625,23101.849609375,23144.30078125,21819900,23241.75,0.00572929973638403,0.5815348422959968
2025-10-10,23337.55078125,23374.25,23220.05078125,23247.44921875,28175300,23337.55078125,0.004121926328697345,0.4056360615364987
2025-10-13,23294.80078125,23315.650390625,23201.55078125,23245.05078125,26231000,23294.80078125,-0.0018318117612559082,-0.24589597574621241
2025-10-14,23184.05078125,23374.0,23121.5,23349.75,23464300,23184.05078125,-0.004754279765686764,-0.5657087562300319
2025-10-15,23377.349609375,23400.94921875,23224.150390625,23227.55078125,23139300,23377.349609375,0.008337577843874122,0.8669650583212127
2025-10-16,23563.80078125,23592.849609375,23428.150390625,23443.30078125,22457600,23563.80078125,0.007975719018217031,0.8273659670734913
2025-10-17,23598.05078125,23679.05078125,23515.849609375,23547.0,24249000,23598.05078125,0.0014535006605238543,0.1136237516808926
2025-10-20,23716.099609375,23766.55078125,23654.75,23699.349609375,23663900,23716.099609375,0.005002482163433353,0.5019974278375875
2025-10-21,23759.19921875,23818.349609375,23723.400390625,23791.900390625,5545000,23759.19921875,0.0018173144018152065,0.15343677410036907
2025-10-23,23755.900390625,23926.099609375,23727.599609375,23899.75,33809000,23755.900390625,-0.00013884424700627562,-0.060630423760674686
2025-10-24,23686.599609375,23802.75,23622.80078125,23796.19921875,23861200,23686.599609375,-0.0029172028889862256,-0.3646729662712131
2025-10-27,23840.900390625,23856.30078125,23723.400390625,23742.69921875,47146700,23840.900390625,0.006514264765506095,0.6674354742842603
2025-10-28,23812.55078125,23907.55078125,23717.05078125,23844.75,33996800,23812.55078125,-0.0011891165564429373,-0.17556427659904483
2025-10-29,23952.400390625,23971.55078125,23821.30078125,23851.55078125,30359000,23952.400390625,0.005872936950757746,0.5972534119570373
2025-10-30,23841.30078125,23949.75,23804.44921875,23933.650390625,47770900,23841.30078125,-0.004638349708720013,-0.5530222481813648
2025-10-31,23710.400390625,23913.44921875,23698.05078125,23847.599609375,32133500,23710.400390625,-0.005490488619981138,-0.6462738814432826
2025-11-03,23810.69921875,23840.099609375,23695.150390625,23711.94921875,3860300,23810.69921875,0.004230161721126224,0.41748052373316136
2025-11-04,23675.44921875,23829.69921875,23660.19921875,23811.30078125,31284700,23675.44921875,-0.005680219583534818,-0.6670366021663086
2025-11-06,23513.150390625,23713.400390625,23501.05078125,23683.349609375,26246000,23513.150390625,-0.0068551530585728715,-0.7956124295032495
2025-11-07,23521.5,23570.099609375,23291.19921875,23441.05078125,28762600,23521.5,0.0003551038136655471,-0.006576486315152336
2025-11-10,23596.900390625,23658.849609375,23542.099609375,23545.349609375,20824200,23596.900390625,0.003205594482707408,0.30535963932499716
2025-11-11,23682.650390625,23693.80078125,23476.30078125,23634.650390625,36093900,23682.650390625,0.0036339518572561236,0.35223582848685353
2025-11-12,23836.900390625,23874.849609375,23766.19921875,23796.94921875,27828600,23836.900390625,0.0065132068183153535,0.6673197005504973
2025-11-13,23816.0,23935.099609375,23793.650390625,23867.650390625,30243400,23816.0,-0.0008768082377530462,-0.1413876178239927
2025-11-14,23836.349609375,23858.30078125,23717.0,23751.25,39640500,23836.349609375,0.000854451183028182,0.04806831061026204
2025-11-17,23954.55078125,23964.75,23863.55078125,23889.55078125,26483000,23954.55078125,0.004958862150121757,0.4972239837072249
2025-11-18,23824.650390625,23973.05078125,23800.94921875,23970.44921875,21125900,23824.650390625,-0.005422785499558436,-0.6388649643372656
2025-11-19,23906.30078125,23924.30078125,23766.599609375,23832.55078125,25934900,23906.30078125,0.0034271390885605157,0.3296038042881899
2025-11-20,23975.44921875,24032.099609375,23918.80078125,23984.400390625,29557000,23975.44921875,0.002892477515979097,0.27109448822865784
2025-11-21,23790.25,23938.30078125,23776.30078125,23917.5,22985900,23790.25,-0.007724535922570497,-0.8907511104463844
2025-11-24,23674.55078125,23835.19921875,23642.55078125,23827.25,29594500,23674.55078125,-0.004863304032113991,-0.5776395468266908
2025-11-25,23655.05078125,23745.5,23635.80078125,23700.55078125,20539800,23655.05078125,-0.0008236692717077387,-0.1355724915481125
2025-11-26,23955.19921875,23965.349609375,23654.75,23654.75,18996600,23955.19921875,0.012688556041397847,1.3431031830380071
2025-11-27,23947.75,24026.25,23879.599609375,24011.900390625,19974200,23947.75,-0.0003109645919441295,-0.07946597166366338
2025-11-28,23933.19921875,23979.69921875,23907.75,23968.80078125,19209800,23933.19921875,-0.0006076053595849285,-0.11192809222759208
2025-12-01,23922.44921875,24035.0,23871.75,24034.94921875,21160800,23922.44921875,-0.00044916686238827275,-0.09458978219397776
2025-12-02,23822.25,23925.849609375,23782.75,23870.599609375,27952000,23822.25,-0.004188501680315593,-0.5037942845078327
2025-12-03,23716.30078125,23845.80078125,23641.75,23813.44921875,28046000,23716.30078125,-0.004447490004092836,-0.5321360065778317
2025-12-04,23741.099609375,23820.44921875,23680.25,23718.099609375,26417400,23741.099609375,0.0010456448648434868,0.06899110014964638
2025-12-05,23835.25,23848.44921875,23672.349609375,23720.69921875,23079200,23835.25,0.0039657131377277555,0.3885412721747368
2025-12-08,23526.19921875,23833.150390625,23460.69921875,23821.75,24509100,23526.19921875,-0.012966122916688527,-1.4643507215268738
2025-12-09,23516.25,23556.349609375,23259.69921875,23447.05078125,26228000,23516.25,-0.00042289953670338054,-0.09171528486828491
2025-12-10,23408.80078125,23628.30078125,23386.80078125,23540.150390625,19928500,23408.80078125,-0.0045691476638494155,-0.5454493001279808
2025-12-11,23550.849609375,23562.150390625,23344.25,23421.900390625,24370000,23550.849609375,0.006068180487006414,0.6186193869153638
2025-12-12,23726.19921875,23737.69921875,23613.0,23620.349609375,26020800,23726.19921875,0.00744557467282192,0.7693509821697972
2025-12-15,23725.19921875,23735.69921875,23591.30078125,23654.0,24287600,23725.19921875,-4.214750077669027e-05,-0.0500486636768908
2025-12-16,23570.150390625,23687.349609375,23542.55078125,23676.80078125,20919100,23570.150390625,-0.0065351960460026115,-0.7605987555570333
2025-12-17,23496.05078125,23635.05078125,23449.5,23597.599609375,20646900,23496.05078125,-0.0031437902663732364,-0.3894689739862022
2025-12-18,23491.5,23553.25,23363.5,23469.80078125,23446500,23491.5,-0.0001936828147149905,-0.06663154157961546
2025-12-19,23677.55078125,23688.349609375,23548.94921875,23562.650390625,31695900,23677.55078125,0.007919919172892254,0.8212596543074224
2025-12-22,23867.650390625,23878.650390625,23743.25,23760.94921875,25155300,23867.650390625,0.008028685531340507,0.8331622214067703
2025-12-23,23895.150390625,23929.25,23825.150390625,23906.099609375,26039700,23895.150390625,0.0011521871466158018,0.08065028112991185
2025-12-24,23850.25,23956.80078125,23836.55078125,23903.099609375,19661100,23850.25,-0.0018790587165593564,-0.2510663249586183
2025-12-26,23780.25,23885.349609375,23752.55078125,23841.94921875,22264400,23780.25,-0.0029349797171936975,-0.3666183278110469
2025-12-29,23682.099609375,23826.75,23660.30078125,23804.400390625,24245800,23682.099609375,-0.0041273910335257735,-0.4971067978228167
2025-12-30,23668.80078125,23704.19921875,23599.900390625,23675.30078125,33582300,23668.80078125,-0.000561556126541074,-0.10688881267463404
2025-12-31,23871.55078125,23921.44921875,23709.55078125,23710.44921875,52722700,23871.55078125,0.008566128967573805,0.8919759635705695
2026-01-02,24099.0,24107.69921875,23921.44921875,23935.94921875,37097600,24099.0,0.00952804536388352,0.9972408139745336
2026-01-05,24058.44921875,24144.19921875,23999.150390625,24123.099609375,31394300,24058.44921875,-0.0016826748516536316,-0.22957556106233745
2026-01-06,24010.5,24089.75,23941.400390625,24042.900390625,26802900,24010.5,-0.001993030320201594,-0.26353851469748335
2026-01-07,24016.599609375,24050.55078125,23942.25,23995.849609375,22658700,24016.599609375,0.0002540392484537968,-0.01763622745166916
2026-01-08,23680.099609375,24010.44921875,23657.349609375,23996.19921875,27493200,23680.099609375,-0.014011142521135445,-1.578709758084866
2026-01-09,23467.349609375,23741.75,23407.69921875,23646.75,44599100,23467.349609375,-0.008984337207592286,-1.0286142286085185
2026-01-12,23510.44921875,23533.44921875,23199.5,23459.400390625,31293100,23510.44921875,0.0018365776320041771,0.15554479622362044
2026-01-13,23480.650390625,23627.05078125,23336.05078125,23603.44921875,27943100,23480.650390625,-0.0012674716611213999,-0.18413886624530515
2026-01-14,23475.849609375,23558.69921875,23399.900390625,23422.099609375,27359900,23475.849609375,-0.00020445691112191966,-0.06781057714950933
2026-01-16,23485.30078125,23652.69921875,23455.5,23502.849609375,29366800,23485.30078125,0.0004025912600507109,-0.0013798195788562147
2026-01-19,23373.75,23443.349609375,23324.849609375,23443.30078125,27220400,23373.75,-0.0047498127568823545,-0.5652199205938443
2026-01-20,22946.650390625,23368.150390625,22888.650390625,23365.650390625,30410100,22946.650390625,-0.018272618188138412,-2.045053403237544
2026-01-21,22835.150390625,22981.80078125,22586.80078125,22864.5,35043900,22835.150390625,-0.004859096996812862,-0.577179160723162
2026-01-22,23008.75,23144.55078125,22888.5,23013.44921875,24924100,23008.75,0.007602297615971532,0.7865015549522172
2026-01-23,22706.19921875,23073.349609375,22679.69921875,23072.30078125,24687600,22706.19921875,-0.013149379312218157,-1.4844049145263922
2026-01-27,22819.25,22886.94921875,22562.94921875,22752.69921875,29981800,22819.25,0.004978850936736556,0.49941140523453836
2026-01-28,23082.099609375,23101.75,22884.5,22899.599609375,29783700,23082.099609375,0.011518766365020694,1.215090254097044
2026-01-29,23134.80078125,23158.599609375,22922.599609375,23107.5,34203300,23134.80078125,0.0022832052875119135,0.20442034665987438
2026-01-30,23079.5,23110.19921875,22916.0,22994.30078125,41570300,23079.5,-0.002390372053465817,-0.3070205868107891
2026-02-02,22837.0,22869.69921875,22408.5,22595.44921875,27016400,22837.0,-0.010507160033796259,-1.195260433629116
2026-02-03,23446.30078125,23912.349609375,23355.5,23870.19921875,38335700,23446.30078125,0.026680421300959045,2.8742670233369805
2026-02-04,23534.94921875,23562.69921875,23284.44921875,23414.099609375,28918200,23534.94921875,0.0037809136002764365,0.36831820940216764
2026-02-05,23411.69921875,23509.94921875,23337.349609375,23509.75,25100,23411.69921875,-0.005236892540299576,-0.618522245757351
2026-02-06,23434.0,23447.0,23211.400390625,23366.5,22813300,23434.0,0.0009525485972474712,0.05880334919825632
2026-02-09,23683.400390625,23693.05078125,23535.400390625,23600.849609375,27270100,23683.400390625,0.010642672639114004,1.119217187215953
2026-02-10,23753.75,23796.400390625,23691.5,23752.599609375,23665500,23753.75,0.0029704184456067484,0.27962375369193093
2026-02-11,23783.05078125,23811.150390625,23707.150390625,23808.099609375,26368100,23783.05078125,0.001233522338578208,0.08955098897452968
2026-02-12,23651.55078125,23753.80078125,23589.05078125,23753.80078125,22693700,23651.55078125,-0.0055291476778778215,-0.6505044361587076
2026-02-13,23313.150390625,23464.05078125,23285.0,23448.69921875,22274400,23313.150390625,-0.014307746403388943,-1.6111678421911657
2026-02-16,23472.44921875,23487.349609375,23190.19921875,23248.55078125,18203700,23472.44921875,0.0068330030671899245,0.7023157817345546
2026-02-17,23540.05078125,23563.25,23394.80078125,23445.30078125,19871600,23540.05078125,0.0028800387156018292,0.2697332800551189
2026-02-18,23645.80078125,23657.75,23490.349609375,23571.5,19114900,23645.80078125,0.004492343749922245,0.44617174070970916
2026-02-19,23297.44921875,23697.900390625,23235.349609375,23691.599609375,18237200,23297.44921875,-0.014732068739081394,-1.6576024672387097
2026-02-20,23395.0,23467.400390625,23221.150390625,23252.75,17831500,23395.0,0.004187187203803067,0.41277771779850897
2026-02-23,23484.94921875,23566.849609375,23394.25,23493.30078125,25462500,23484.94921875,0.0038448052468476046,0.37531002765599797
2026-02-24,23304.599609375,23418.099609375,23168.05078125,23418.099609375,25350000,23304.599609375,-0.007679369782541912,-0.8858084699095631
2026-02-25,23403.80078125,23500.099609375,23325.900390625,23388.44921875,22679300,23403.80078125,0.004256720713412099,0.42038693884426465
2026-02-26,23448.5,23502.94921875,23340.75,23462.05078125,25536400,23448.5,0.001909912802958491,0.16357004231514197
2026-02-27,23166.849609375,23433.55078125,23136.75,23423.94921875,36885800,23166.849609375,-0.012011445961362166,-1.3598781007543461
2026-03-02,22835.94921875,22992.349609375,22539.650390625,22547.0,28882800,22835.94921875,-0.014283357305996947,-1.6084988839549763
2026-03-04,22409.80078125,22517.400390625,22283.150390625,22438.0,32291200,22409.80078125,-0.018661297300052726,-2.087587503631059
2026-03-05,22697.80078125,22760.849609375,22468.19921875,22536.75,27067700,22697.80078125,0.012851519868974703,1.3609367109796722
2026-03-06,22481.30078125,22701.599609375,22456.44921875,22621.55078125,23202000,22481.30078125,-0.009538369029075455,-1.089243278109286
2026-03-09,22056.55078125,22090.69921875,21743.150390625,21995.150390625,25569200,22056.55078125,-0.01889347970266264,-2.1129957885619843
2026-03-10,22342.94921875,22385.650390625,22141.849609375,22310.80078125,23891700,22342.94921875,0.012984733666673964,1.3755146208067146
2026-03-11,22042.30078125,22440.900390625,22009.30078125,22351.849609375,23611300,22042.30078125,-0.013456076660090077,-1.5179675511202646
2026-03-12,21897.5,22059.599609375,21703.900390625,21888.400390625,30265000,21897.5,-0.00656922263637616,-0.7643223680863235
2026-03-13,21391.19921875,21780.75,21351.099609375,21763.25,31139800,21391.19921875,-0.023121396563534624,-2.5756670119525777
2026-03-16,21498.80078125,21593.25,21110.0,21355.94921875,32174500,21498.80078125,0.005030179065682594,0.5050283672031131
2026-03-17,21669.30078125,21729.650390625,21446.150390625,21585.05078125,25153300,21669.30078125,0.00793067491228161,0.8224366810242433
2026-03-18,21917.400390625,21990.400390625,21713.400390625,21721.44921875,28957100,21917.400390625,0.01144935925157653,1.2074948648909758
2026-03-19,21225.80078125,21562.80078125,21156.19921875,21466.400390625,32926600,21225.80078125,-0.031554819323865946,-3.4985569727281605
2026-03-20,21327.900390625,21558.0,21294.849609375,21349.94921875,37005100,21327.900390625,0.004810165252525644,0.4809517206071908
2026-03-23,20664.25,21090.05078125,20611.80078125,21079.599609375,31363300,20664.25,-0.031116536483671742,-3.4505946157243064
2026-03-24,21067.0,21183.150390625,20743.900390625,21045.44921875,28289000,21067.0,0.019490182319706673,2.0874216866383173
2026-03-25,21478.19921875,21612.44921875,21236.05078125,21236.25,29251000,21478.19921875,0.01951864141785742,2.0905360349548268
2026-03-27,21020.150390625,21364.349609375,21007.150390625,21357.349609375,35750200,21020.150390625,-0.021326221228320397,-2.379216609573359
2026-03-30,20528.05078125,20889.25,20490.44921875,20762.349609375,34842000,20528.05078125,-0.0234108510277109,-2.6073427178529736
2026-04-01,20935.150390625,21153.25,20867.400390625,21067.150390625,33012900,20935.150390625,0.01983138164032794,2.124759958010882
2026-04-02,20938.349609375,20990.05078125,20385.650390625,20666.69921875,34322000,20938.349609375,0.00015281565645852702,-0.028713371275822477
2026-04-06,21194.05078125,21217.94921875,20789.44921875,20990.849609375,32241800,21194.05078125,0.01221209773670573,1.2909631921203415
2026-04-07,21296.44921875,21313.099609375,20959.349609375,21085.30078125,25888100,21296.44921875,0.004831470800786608,0.48328323856350053
2026-04-08,22137.099609375,22159.5,21952.400390625,21998.599609375,39922000,22137.099609375,0.03947373489308581,4.274270440071155
2026-04-09,22037.5,22189.5,21943.19921875,22090.69921875,37071300,22037.5,-0.004499216750726398,-0.5377965902492972
2026-04-10,22346.75,22364.30078125,22133.150390625,22151.05078125,38754300,22346.75,0.014032898468519628,1.4902178439644362
2026-04-13,22179.05078125,22244.900390625,21816.349609375,21906.150390625,33694300,22179.05078125,-0.0075044119950328225,-0.8666624137660071
2026-04-15,22595.55078125,22621.900390625,22496.75,22506.94921875,37059700,22595.55078125,0.018778982207485084,2.0095933288855052
2026-04-16,22656.30078125,22792.25,22529.650390625,22757.05078125,38280500,22656.30078125,0.0026885823934157393,0.24878174914127957
2026-04-17,22869.400390625,22882.150390625,22605.150390625,22660.55078125,40384600,22869.400390625,0.009405754780204889,0.9838582580204716
2026-04-20,22865.80078125,22987.599609375,22717.55078125,22906.650390625,32840100,22865.80078125,-0.00015739850251939025,-0.06266086106108648
2026-04-21,23042.349609375,23064.349609375,22893.599609375,22898.94921875,31497000,23042.349609375,0.007721086605012806,0.7995009228900538
2026-04-22,22991.5,23054.5,22923.55078125,22975.849609375,32724400,22991.5,-0.0022067892483634832,-0.28693067401797806
2026-04-23,22810.849609375,22957.599609375,22788.599609375,22873.150390625,29661600,22810.849609375,-0.007857268582954546,-0.9052763682470097
2026-04-24,22570.05078125,22872.05078125,22472.5,22788.80078125,27321800,22570.05078125,-0.010556328775497836,-1.2006410886004044
2026-04-27,22821.400390625,22853.849609375,22640.849609375,22645.849609375,28500400,22821.400390625,0.01113642196958664,1.1732493771325132
2026-04-28,22765.599609375,22904.0,22733.900390625,22808.150390625,32052600,22765.599609375,-0.0024451076750278133,-0.31301043898255354
2026-04-29,22871.0,23026.94921875,22825.150390625,22875.30078125,33747800,22871.0,0.004629809556239151,0.46121495817967134
2026-04-30,22683.55078125,22759.0,22498.0,22736.80078125,31107300,22683.55078125,-0.00819593453500067,-0.9423374069358368
2026-05-04,22830.75,22954.30078125,22709.75,22783.80078125,38703400,22830.75,0.006489249419966203,0.664697984190358
2026-05-05,22808.25,22842.25,22672.80078125,22796.650390625,33371800,22808.25,-0.0009855129594954493,-0.15328343986873336
2026-05-06,23133.400390625,23150.900390625,22849.94921875,22978.94921875,38546000,23133.400390625,0.01425582368770062,1.514613092801428
2026-05-07,23214.0,23304.5,23142.44921875,23219.349609375,32662600,23214.0,0.003484122870568651,0.33583967812457594
2026-05-08,23115.650390625,23185.650390625,23080.30078125,23166.05078125,29600300,23115.650390625,-0.004236650701085587,-0.5090633489378551
2026-05-11,22795.75,22962.150390625,22777.44921875,22957.400390625,43426100,22795.75,-0.013839125666770813,-1.5598855354069696
2026-05-12,22299.900390625,22768.099609375,22270.94921875,22728.69921875,37543300,22299.900390625,-0.021751844505006446,-2.4257935997574167
2026-05-13,22377.349609375,22532.0,22208.5,22292.150390625,40634400,22377.349609375,0.003473074650259811,0.33463064450949065
2026-05-14,22613.099609375,22675.80078125,22338.650390625,22505.0,34058900,22613.099609375,0.010535206542120257,1.1074569108895038
2026-05-15,22531.150390625,22710.849609375,22502.599609375,22664.400390625,40428700,22531.150390625,-0.003623971068345999,-0.44201632683353187
2026-05-18,22461.05078125,22494.099609375,22150.5,22382.0,34307100,22461.05078125,-0.003111230814213939,-0.38590591395943463
2026-05-19,22521.75,22646.650390625,22485.44921875,22501.150390625,36129400,22521.75,0.0027024211530064512,0.25029615825591917
2026-05-20,22578.150390625,22597.650390625,22316.44921875,22379.849609375,28717500,22578.150390625,0.0025042632399792097,0.22861125595963044
2026-05-21,22602.849609375,22781.0,22557.0,22745.900390625,33852100,22602.849609375,0.001093943406464959,0.07427652701004571
2026-05-22,22651.30078125,22727.900390625,22604.80078125,22639.69921875,28726600,22651.30078125,0.0021435868800765423,0.18914156481489583
2026-05-25,22929.44921875,22949.94921875,22849.099609375,22859.5,30168200,22929.44921875,0.012279579004585983,1.298347831363145
2026-05-26,22897.19921875,23015.0,22858.19921875,22925.650390625,31807400,22897.19921875,-0.0014064882105248033,-0.19935178530226744
2026-05-27,22967.400390625,22999.44921875,22886.44921875,22895.75,45794100,22967.400390625,0.003065928334916812,0.29007563313685303
2026-05-29,22657.0,23075.25,22598.44921875,23012.80078125,67184500,22657.0,-0.013514824723119379,-1.5243964945191157
2026-06-01,22437.94921875,22810.19921875,22414.80078125,22760.80078125,37130800,22437.94921875,-0.009668128227479311,-1.1034431427346543
2026-06-02,22521.099609375,22563.25,22253.0,22302.05078125,36094400,22521.099609375,0.003705792798368357,0.36009755737313853
2026-06-03,22451.849609375,22505.0,22202.599609375,22488.150390625,41039400,22451.849609375,-0.0030748942636519283,-0.3819295168694379
2026-06-04,22497.69921875,22559.849609375,22328.349609375,22362.400390625,36481000,22497.69921875,0.002042130611629167,0.17803895864077388
2026-06-05,22465.349609375,22614.650390625,22379.05078125,22569.44921875,34527400,22465.349609375,-0.0014379074526891245,-0.20279006937656063
2026-06-08,22173.69921875,22357.69921875,22119.30078125,22191.55078125,28846200,22173.69921875,-0.01298223244668717,-1.466113626569236
2026-06-09,22370.150390625,22390.5,22233.44921875,22298.849609375,36288100,22370.150390625,0.008859648087445882,0.9240964746280493
2026-06-10,22233.849609375,22455.900390625,22200.349609375,22377.0,30804200,22233.849609375,-0.006092975633598008,-0.7122055004509401
2026-06-11,22114.44921875,22258.900390625,22063.75,22128.55078125,31438200,22114.44921875,-0.005370207711338226,-0.6331112491154391
2026-06-12,22599.80078125,22618.69921875,22295.150390625,22376.44921875,35312200,22599.80078125,0.02194725980733403,2.3563056511473954
2026-06-15,22891.30078125,23019.44921875,22859.650390625,22955.80078125,34302100,22891.30078125,0.012898343787253408,1.3660607662217332
2026-06-16,22997.25,23009.400390625,22902.349609375,22962.44921875,32580100,22997.25,0.004628361654169577,0.46105651073523857
2026-06-17,23109.69921875,23120.900390625,22990.94921875,23048.69921875,39479300,23109.69921875,0.004889681103175336,0.4896533335077456
2026-06-18,23206.44921875,23221.349609375,23090.349609375,23129.900390625,34469400,23206.44921875,0.004186553839761853,0.41270840723128566
2026-06-19,23144.19921875,23174.650390625,23023.349609375,23082.69921875,36475300,23144.19921875,-0.002682443979827087,-0.3389827279631451
2026-06-22,23261.849609375,23289.75,23213.849609375,23240.900390625,26271000,23261.849609375,0.005083364065138429,0.5108485310270497
2026-06-23,23010.94921875,23302.25,22976.94921875,23260.0,29724100,23010.94921875,-0.01078591749315938,-1.2257655402801937
2026-06-24,23126.30078125,23183.599609375,22941.05078125,22992.900390625,28409100,23126.30078125,0.005012898920571551,0.5031373589023386
2026-06-25,23113.69921875,23289.94921875,23093.900390625,23224.400390625,27570900,23113.69921875,-0.0005449017817071855,-0.10506628721998856
2026-06-29,23000.0,23148.75,22943.849609375,23112.599609375,42080500,23000.0,-0.004919126863854206,-0.5837483750520988
2026-06-30,22995.650390625,23088.94921875,22932.05078125,23074.150390625,31935800,22995.650390625,-0.0001891134510869641,-0.06613150500617644
2026-07-01,23111.650390625,23144.099609375,23032.94921875,23038.650390625,30769700,23111.650390625,0.005044432230857598,0.5065881257285793
2026-07-02,23264.80078125,23276.19921875,23170.75,23182.05078125,24569900,23264.80078125,0.00662654496916093,0.6797225700094146
2026-07-03,23301.150390625,23416.650390625,23284.30078125,23416.650390625,23620300,23301.150390625,0.0015624294279061868,0.12554409158483737
2026-07-06,23433.94921875,23447.30078125,23319.650390625,23342.5,20527500,23433.94921875,0.005699239131919942,0.5782452372491294
2026-07-07,23368.849609375,23485.349609375,23332.900390625,23472.400390625,24296900,23368.849609375,-0.0027780042009697414,-0.3494401153429028
2026-07-08,22908.05078125,23307.0,22822.80078125,23239.650390625,27164800,22908.05078125,-0.019718507150653153,-2.2032805484694586
2026-07-09,23081.150390625,23175.25,22956.400390625,22958.349609375,20333600,23081.150390625,0.007556278403079153,0.7814655605774372
2026-07-10,23348.400390625,23358.349609375,23234.44921875,23239.69921875,23139200,23348.400390625,0.011578712303202732,1.2216502838868115
2026-07-13,23347.05078125,23379.349609375,23135.30078125,23194.80078125,21670700,23347.05078125,-5.780307654579264e-05,-0.05176189140400387
2026-07-14,23199.44921875,23287.44921875,23167.849609375,23235.25,21421900,23199.44921875,-0.006322064567510166,-0.7372752595796768
2026-07-15,23263.900390625,23368.900390625,23203.94921875,23250.849609375,23420200,23263.900390625,0.002778133707713737,0.25858156723276987
2026-07-16,23232.650390625,23348.19921875,23212.900390625,23332.80078125,22983200,23232.650390625,-0.0013432829179664818,-0.1924350764371154
2026-07-17,23336.30078125,23357.900390625,23235.05078125,23272.30078125,22198800,23336.30078125,0.004461410509875696,0.44278664102900733
2026-07-20,23338.05078125,23363.30078125,23219.44921875,23244.30078125,21762500,23338.05078125,7.49904629875342e-05,-0.0372299714500292
2026-07-21,23352.150390625,23383.099609375,23286.150390625,23340.69921875,21329800,23352.150390625,0.0006041468290201024,0.02067689646948691
2026-07-22,23145.05078125,23335.599609375,23118.05078125,23334.30078125,22855200,23145.05078125,-0.008868545547657258,-1.015942865683582
2026-07-23,22982.400390625,23148.900390625,22937.75,23069.099609375,20693000,22982.400390625,-0.007027437190017527,-0.814465900961968
2026-07-24,22913.30078125,22956.94921875,22713.5,22805.55078125,19268400,22913.30078125,-0.00300663151805447,-0.37445935861966967
2026-07-27,23153.099609375,23160.599609375,23061.349609375,23070.599609375,20456100,23153.099609375,0.01046548598189001,1.0998272204394053
2026-07-28,23114.900390625,23172.099609375,23087.099609375,23146.650390625,23466600,23114.900390625,-0.00164985334121448,-0.22598382336074097
2026-07-29,23352.599609375,23377.80078125,23233.400390625,23261.05078125,26344200,23352.599609375,0.010283376295508795,1.0798985146105264
2026-07-30,23353.55078125,23384.650390625,23274.150390625,23347.19921875,22539900,23353.55078125,4.0730877542971555e-05,-0.04097908119653004
2026-07-31,23460.69921875,23506.55078125,23375.55078125,23409.849609375,25708900,23460.69921875,0.004588100477895152,0.45665063230976005
2026-08-03,23802.849609375,23803.75,23578.55078125,23619.150390625,24262300,23802.849609375,0.014583980956183629,1.5505241406932817
2026-08-04,23690.150390625,23771.44921875,23573.599609375,23771.44921875,20581300,23690.150390625,-0.004734694400018946,-0.5635654820379721
2026-08-05,23735.55078125,23782.69921875,23643.30078125,23779.349609375,22699900,23735.55078125,0.001916424753595658,0.16428266090890867
2026-08-06,23729.44921875,23783.849609375,23708.55078125,23756.150390625,19628000,23729.44921875,-0.000257064289606479,-0.0735675305059202
2026-08-07,23712.099609375,23754.5,23657.099609375,23665.599609375,18415000,23712.099609375,-0.0007311425231601998,-0.12544706445113443
2026-08-10,23743.19921875,23777.400390625,23667.400390625,23732.75,20329600,23743.19921875,0.001311550216443358,0.09808976939487007
2026-08-11,23681.150390625,23756.05078125,23638.55078125,23755.400390625,22201700,23681.150390625,-0.002613330560609528,-0.3314194784304899
2026-08-12,23672.44921875,23690.05078125,23526.19921875,23689.55078125,25692500,23672.44921875,-0.00036743028659813604,-0.08564514994101975
2026-08-13,23658.099609375,23678.69921875,23585.599609375,23678.69921875,19969600,23658.099609375,-0.0006061734146053377,-0.11177139100632004
2026-08-14,23594.900390625,23638.30078125,23564.30078125,23635.650390625,22878000,23594.900390625,-0.002671356524551749,-0.33776940077026574
2026-08-17,23564.44921875,23617.30078125,23488.44921875,23581.75,18372000,23564.44921875,-0.0012905827687705873,-0.18666797095616644
2026-08-18,23472.400390625,23555.30078125,23470.900390625,23521.849609375,22760300,23472.400390625,-0.003906258417945896,-0.4729077179570876
2026-08-19,23386.19921875,23488.25,23348.30078125,23475.349609375,17992000,23386.19921875,-0.0036724480854301023,-0.4473212846978175
2026-08-20,23512.94921875,23565.900390625,23491.599609375,23519.80078125,17210300,23512.94921875,0.0054198631771842365,0.5476724471453938
2026-08-21,23530.30078125,23554.150390625,23477.0,23554.150390625,16957200,23530.30078125,0.0007379577244255309,0.03532014815051729
2026-08-24,23511.75,23587.849609375,23454.099609375,23560.599609375,19575700,23511.75,-0.000788378415663149,-0.1317105273520417
2026-08-25,23611.599609375,23613.900390625,23423.349609375,23483.94921875,32103200,23611.599609375,0.004246796149797394,0.419300869713689
2026-08-26,23559.19921875,23684.099609375,23557.94921875,23641.349609375,24534900,23559.19921875,-0.0022192647466456883,-0.28829589813249495
2026-08-27,23482.0,23642.849609375,23480.150390625,23615.650390625,20716300,23482.0,-0.0032768184535134637,-0.40402657199840813
2026-08-31,23450.349609375,23485.150390625,23307.19921875,23477.75,34928600,23450.349609375,-0.001347857534494512,-0.19293568784817566
2026-09-01,23339.900390625,23435.650390625,23243.25,23429.650390625,20107000,23339.900390625,-0.004709917787573015,-0.5608541170870848
2026-09-02,23222.80078125,23226.19921875,23058.30078125,23176.94921875,0,23222.80078125,-0.005017142636222882,-0.5944744793738465
