date,close,high,low,open,volume,adj_close
2021-09-02,23378.189453125,23389.7890625,23166.2890625,23212.6796875,300,23378.189453125
2021-09-03,23494.55078125,23513.099609375,23373.75,23448.2890625,300,23494.55078125
2021-09-06,23566.75,23631.939453125,23538.560546875,23615.150390625,200,23566.75
2021-09-07,23530.80078125,23639.990234375,23423.439453125,23629.83984375,300,23530.80078125
2021-09-08,23555.900390625,23594.08984375,23421.880859375,23565.599609375,400,23555.900390625
2021-09-09,23606.900390625,23615.669921875,23509.48046875,23537.55078125,400,23606.900390625
2021-09-13,23627.619140625,23650.58984375,23500.7890625,23612.029296875,200,23627.619140625
2021-09-14,23711.05078125,23762.44921875,23678.7890625,23747.400390625,400,23711.05078125
2021-09-15,23901.2890625,23913.080078125,23743.26953125,23774.099609375,400,23901.2890625
2021-09-16,24024.509765625,24041.01953125,23883.23046875,23973.419921875,700,24024.509765625
2021-09-17,23902.169921875,24190.099609375,23829.509765625,24129.80078125,600,23902.169921875
2021-09-20,23581.890625,23932.33984375,23543.8203125,23745.66015625,400,23581.890625
2021-09-21,23770.01953125,23792.080078125,23438.759765625,23594.66015625,300,23770.01953125
2021-09-22,23846.7109375,23907.91015625,23783.58984375,23845.75,300,23846.7109375
2021-09-23,24185.33984375,24206.76953125,23995.380859375,24010.66015625,300,24185.33984375
2021-09-24,24160.859375,24345.4609375,24115.560546875,24292.66015625,400,24160.859375
2021-09-27,24162.75,24275.869140625,24083.3203125,24254.890625,200,24162.75
2021-09-28,24010.470703125,24244.169921875,23806.169921875,24243.44921875,300,24010.470703125
2021-09-29,23997.880859375,24084.23046875,23832.73046875,23879.220703125,300,23997.880859375
2021-09-30,23937.5390625,24077.4609375,23900.740234375,24069.73046875,500,23937.5390625
2021-10-01,23873.26953125,23904.19921875,23746.51953125,23872.060546875,300,23873.26953125
2021-10-04,24140.880859375,24162.51953125,23972.359375,24016.359375,200,24140.880859375
2021-10-05,24303.19921875,24314.26953125,24099.640625,24167.279296875,400,24303.19921875
2021-10-06,24073.669921875,24411.380859375,24033.7109375,24404.25,300,24073.669921875
2021-10-07,24321.310546875,24390.94921875,24259.580078125,24259.609375,200,24321.310546875
2021-10-08,24435.390625,24499.080078125,24363.1796875,24454.98046875,200,24435.390625
2021-10-11,24534.939453125,24647.23046875,24423.419921875,24504.720703125,300,24534.939453125
2021-10-12,24622.919921875,24638.669921875,24448.619140625,24554.439453125,300,24622.919921875
2021-10-13,24864.650390625,24911.51953125,24728.900390625,24776.849609375,300,24864.650390625
2021-10-14,25082.490234375,25104.0,24992.19921875,25037.060546875,200,25082.490234375
2021-10-18,25266.76953125,25366.26953125,25248.529296875,25325.0390625,300,25266.76953125
2021-10-19,25062.33984375,25454.919921875,24998.08984375,25442.2109375,300,25062.33984375
2021-10-20,24765.2890625,25090.650390625,24652.369140625,25088.91015625,400,24765.2890625
2021-10-21,24639.029296875,24911.970703125,24453.58984375,24893.859375,200,24639.029296875
2021-10-22,24495.83984375,24814.23046875,24385.4609375,24710.19921875,200,24495.83984375
2021-10-25,24394.140625,24683.869140625,24151.7109375,24682.48046875,200,24394.140625
2021-10-26,24654.919921875,24703.19921875,24421.91015625,24422.26953125,200,24654.919921875
2021-10-27,24623.630859375,24781.51953125,24574.73046875,24746.029296875,200,24623.630859375
2021-10-28,24157.150390625,24610.7890625,24080.73046875,24610.7890625,200,24157.150390625
2021-10-29,23990.08984375,24274.169921875,23791.5,24128.05078125,200,23990.08984375
2021-11-01,24329.0390625,24345.650390625,24027.66015625,24110.759765625,200,24329.0390625
2021-11-02,24347.0390625,24440.119140625,24295.279296875,24434.69921875,100,24347.0390625
2021-11-03,24295.5703125,24478.7109375,24185.240234375,24440.529296875,200,24295.5703125
2021-11-04,24447.150390625,24491.189453125,24428.69921875,24491.189453125,100,24447.150390625
2021-11-08,24671.009765625,24693.66015625,24340.890625,24567.55078125,200,24671.009765625
2021-11-09,24705.580078125,24766.44921875,24624.6796875,24721.140625,200,24705.580078125
2021-11-10,24675.94921875,24741.419921875,24578.900390625,24669.169921875,200,24675.94921875
2021-11-11,24504.509765625,24665.98046875,24409.94921875,24665.849609375,200,24504.509765625
2021-11-12,24772.080078125,24792.140625,24532.970703125,24641.359375,200,24772.080078125
2021-11-15,24781.529296875,24902.169921875,24732.240234375,24856.939453125,100,24781.529296875
2021-11-16,24673.380859375,24841.5390625,24627.939453125,24825.720703125,200,24673.380859375
2021-11-17,24565.689453125,24733.9609375,24535.740234375,24644.3203125,200,24565.689453125
2021-11-18,24322.720703125,24639.400390625,24228.330078125,24581.01953125,200,24322.720703125
2021-11-22,23804.330078125,24378.939453125,23596.4609375,24365.69921875,300,23804.330078125
2021-11-23,24007.6796875,24056.3203125,23554.240234375,23653.55078125,200,24007.6796875
2021-11-24,23907.83984375,24152.630859375,23831.26953125,24095.240234375,300,23907.83984375
2021-11-25,24072.41015625,24103.140625,23811.4609375,23940.94921875,200,24072.41015625
2021-11-26,23359.669921875,23871.51953125,23318.6796875,23871.359375,300,23359.669921875
2021-11-29,23284.19921875,23433.990234375,22881.9296875,23237.109375,300,23284.19921875
2021-11-30,23276.880859375,23688.279296875,23211.4296875,23294.900390625,200,23276.880859375
2021-12-01,23488.720703125,23544.650390625,23345.55078125,23403.349609375,400,23488.720703125
2021-12-02,23786.0,23807.140625,23503.66015625,23541.150390625,300,23786.0
2021-12-03,23595.310546875,23909.5703125,23579.48046875,23830.51953125,400,23595.310546875
2021-12-06,23212.630859375,23633.490234375,23189.33984375,23632.44921875,400,23212.630859375
2021-12-07,23556.16015625,23628.359375,23317.69921875,23368.080078125,200,23556.16015625
2021-12-08,23934.890625,23955.69921875,23742.66015625,23753.23046875,200,23934.890625
2021-12-09,24017.4296875,24043.099609375,23858.189453125,24031.029296875,500,24017.4296875
2021-12-10,24061.349609375,24083.119140625,23930.740234375,23995.640625,400,24061.349609375
2021-12-13,23918.75,24257.44921875,23906.130859375,24204.76953125,300,23918.75
2021-12-14,23875.890625,23920.599609375,23724.58984375,23847.58984375,200,23875.890625
2021-12-15,23732.189453125,23921.869140625,23706.099609375,23892.509765625,200,23732.189453125
2021-12-16,23712.240234375,23928.310546875,23637.2890625,23901.109375,200,23712.240234375
2021-12-17,23295.51953125,23749.689453125,23273.9609375,23742.2890625,200,23295.51953125
2021-12-20,22704.349609375,23092.73046875,22428.01953125,23090.080078125,300,22704.349609375
2021-12-21,22955.33984375,23151.73046875,22837.9296875,22881.6796875,200,22955.33984375
2021-12-22,23244.26953125,23263.1796875,23059.650390625,23077.66015625,200,23244.26953125
2021-12-23,23415.859375,23463.83984375,23356.630859375,23389.76953125,200,23415.859375
2021-12-24,23285.08984375,23530.69921875,23194.58984375,23518.890625,200,23285.08984375
2021-12-27,23386.669921875,23414.009765625,23052.80078125,23238.44921875,200,23386.669921875
2021-12-28,23607.189453125,23629.08984375,23511.029296875,23519.25,200,23607.189453125
2021-12-29,23598.810546875,23696.7109375,23559.69921875,23626.310546875,300,23598.810546875
2021-12-30,23565.310546875,23654.580078125,23534.51953125,23596.9609375,300,23565.310546875
2021-12-31,23811.0,23853.119140625,23609.130859375,23614.419921875,300,23811.0
2022-01-03,24140.23046875,24168.0,23861.640625,23866.029296875,300,24140.23046875
2022-01-04,24315.7890625,24339.05078125,24084.05078125,24232.119140625,300,24315.7890625
2022-01-05,24441.2109375,24467.609375,24239.439453125,24342.55078125,200,24441.2109375
2022-01-06,24281.9296875,24319.720703125,24133.140625,24275.009765625,300,24281.9296875
2022-01-07,24374.890625,24485.490234375,24230.869140625,24364.619140625,300,24374.890625
2022-01-10,24613.740234375,24624.619140625,24461.900390625,24494.349609375,300,24613.740234375
2022-01-11,24674.810546875,24715.630859375,24563.66015625,24611.9609375,600,24674.810546875
2022-01-12,24890.259765625,24907.30078125,24780.810546875,24836.69921875,400,24890.259765625
2022-01-13,24971.3203125,24989.26953125,24831.650390625,24952.609375,200,24971.3203125
2022-01-14,24984.66015625,25023.580078125,24815.720703125,24917.580078125,0,24984.66015625
2022-01-17,25063.830078125,25091.259765625,24967.080078125,25015.94921875,300,25063.830078125
2022-01-18,24741.119140625,25150.529296875,24698.140625,25136.16015625,200,24741.119140625
2022-01-19,24577.970703125,24757.220703125,24470.9609375,24752.560546875,200,24577.970703125
2022-01-20,24403.0703125,24600.75,24274.41015625,24579.009765625,200,24403.0703125
2022-01-21,24115.310546875,24296.330078125,23944.150390625,24268.630859375,200,24115.310546875
2022-01-24,23373.130859375,24111.119140625,23165.23046875,24111.119140625,200,23373.130859375
2022-01-25,23568.150390625,23600.259765625,22900.33984375,23210.73046875,200,23568.150390625
2022-01-27,23326.650390625,23415.26953125,23023.580078125,23392.759765625,200,23326.650390625
2022-01-28,23393.900390625,23756.0703125,23365.0390625,23520.26953125,200,23393.900390625
2022-01-31,23715.2890625,23796.810546875,23618.349609375,23668.130859375,200,23715.2890625
2022-02-01,24023.94921875,24054.75,23600.970703125,23960.01953125,300,24023.94921875
2022-02-02,24297.75,24315.94921875,24156.619140625,24185.2890625,200,24297.75
2022-02-03,24045.740234375,24309.279296875,23996.58984375,24308.44921875,200,24045.740234375
2022-02-04,23966.560546875,24127.560546875,23906.060546875,24091.859375,200,23966.560546875
2022-02-07,23630.029296875,24032.26953125,23513.2109375,23975.150390625,200,23630.029296875
2022-02-08,23605.060546875,23760.640625,23343.83984375,23716.19921875,200,23605.060546875
2022-02-09,23861.2890625,23873.73046875,23720.189453125,23736.779296875,200,23861.2890625
2022-02-10,24009.279296875,24047.58984375,23790.83984375,23978.75,200,24009.279296875
2022-02-11,23662.94921875,23834.0703125,23620.5390625,23834.0703125,200,23662.94921875
2022-02-14,22889.3203125,23264.6796875,22844.169921875,23124.1796875,200,22889.3203125
2022-02-15,23531.369140625,23555.869140625,22808.470703125,23001.1796875,300,23531.369140625
2022-02-16,23510.58984375,23738.8203125,23453.240234375,23648.939453125,200,23510.58984375
2022-02-17,23477.58984375,23674.1796875,23406.3203125,23613.720703125,200,23477.58984375
2022-02-18,23386.330078125,23549.740234375,23346.509765625,23346.630859375,200,23386.330078125
2022-02-21,23204.189453125,23417.4296875,23047.009765625,23262.5390625,400,23204.189453125
2022-02-22,23036.009765625,23092.44921875,22675.0703125,22689.23046875,300,23036.009765625
2022-02-23,23064.73046875,23257.94921875,23027.5390625,23163.849609375,200,23064.73046875
2022-02-24,21896.830078125,22541.619140625,21857.130859375,22370.880859375,400,21896.830078125
2022-02-25,22551.9296875,22648.880859375,22217.4609375,22217.4609375,300,22551.9296875
2022-02-28,22741.640625,22763.310546875,22142.640625,22376.880859375,200,22741.640625
2022-03-02,22566.75,22672.25,22421.9296875,22556.669921875,200,22566.75
2022-03-03,22465.91015625,22831.80078125,22404.630859375,22788.259765625,200,22465.91015625
2022-03-04,22087.9296875,22371.259765625,21982.369140625,22320.26953125,300,22087.9296875
2022-03-07,21557.4609375,21685.19921875,21361.689453125,21685.080078125,300,21557.4609375
2022-03-08,21782.619140625,21808.30078125,21339.779296875,21477.330078125,200,21782.619140625
2022-03-09,22222.240234375,22311.580078125,21816.529296875,21965.330078125,200,22222.240234375
2022-03-10,22547.080078125,22775.970703125,22377.939453125,22775.900390625,200,22547.080078125
2022-03-11,22624.44921875,22668.25,22412.48046875,22499.16015625,200,22624.44921875
2022-03-14,22839.2109375,22863.109375,22544.630859375,22657.08984375,200,22839.2109375
2022-03-15,22588.0703125,22937.1796875,22455.109375,22904.609375,200,22588.0703125
2022-03-16,23009.720703125,23026.169921875,22835.490234375,22870.140625,200,23009.720703125
2022-03-17,23394.9609375,23449.8203125,23272.490234375,23287.9609375,200,23394.9609375
2022-03-21,23206.19921875,23509.83984375,23191.33984375,23495.9296875,200,23206.19921875
2022-03-22,23402.099609375,23421.990234375,23036.140625,23234.029296875,200,23402.099609375
2022-03-23,23351.650390625,23574.51953125,23304.880859375,23509.91015625,200,23351.650390625
2022-03-24,23365.23046875,23435.98046875,23214.80078125,23233.130859375,300,23365.23046875
2022-03-25,23296.05078125,23470.69921875,23200.01953125,23458.51953125,200,23296.05078125
2022-03-28,23338.41015625,23356.69921875,23083.970703125,23347.359375,200,23338.41015625
2022-03-29,23483.279296875,23497.75,23369.220703125,23430.73046875,300,23483.279296875
2022-03-30,23701.75,23740.1796875,23582.189453125,23631.5390625,200,23701.75
2022-03-31,23695.009765625,23803.16015625,23658.630859375,23757.919921875,300,23695.009765625
2022-04-01,24003.83984375,24040.2109375,23689.91015625,23718.5390625,300,24003.83984375
2022-04-04,24476.5703125,24493.5,24177.48046875,24178.98046875,300,24476.5703125
2022-04-05,24490.810546875,24628.560546875,24443.830078125,24585.630859375,300,24490.810546875
2022-04-06,24389.259765625,24485.6796875,24340.259765625,24409.130859375,400,24389.259765625
2022-04-07,24185.859375,24440.939453125,24160.94921875,24368.380859375,500,24185.859375
2022-04-08,24412.7890625,24475.9296875,24189.529296875,24301.44921875,400,24412.7890625
2022-04-11,24387.619140625,24482.390625,24336.189453125,24434.76953125,200,24387.619140625
2022-04-12,24134.5,24354.369140625,23999.310546875,24354.369140625,200,24134.5
2022-04-13,24092.759765625,24325.19921875,24076.140625,24275.48046875,200,24092.759765625
2022-04-18,23757.849609375,23826.08984375,23591.8203125,23812.150390625,200,23757.849609375
2022-04-19,23443.900390625,23939.439453125,23272.390625,23879.75,200,23443.900390625
2022-04-20,23644.3203125,23729.4296875,23480.990234375,23574.990234375,200,23644.3203125
2022-04-21,23966.48046875,23987.650390625,23768.4609375,23809.810546875,200,23966.48046875
2022-04-22,23715.1796875,23903.98046875,23687.94921875,23845.029296875,100,23715.1796875
2022-04-25,23370.5,23525.5390625,23290.779296875,23525.51953125,200,23370.5
2022-04-26,23729.0,23755.48046875,23550.740234375,23568.140625,100,23729.0
2022-04-27,23509.359375,23615.58984375,23388.0703125,23597.369140625,200,23509.359375
2022-04-28,23759.490234375,23840.3203125,23526.25,23707.73046875,200,23759.490234375
2022-04-29,23551.650390625,23914.560546875,23490.029296875,23874.58984375,200,23551.650390625
2022-05-02,23475.810546875,23499.009765625,23287.109375,23334.66015625,100,23475.810546875
2022-05-04,22928.9609375,23575.05078125,22855.26953125,23551.7109375,300,22928.9609375
2022-05-05,22942.0703125,23269.01953125,22894.0390625,23162.91015625,100,22942.0703125
2022-05-06,22542.220703125,22635.66015625,22426.669921875,22602.849609375,200,22542.220703125
2022-05-09,22299.33984375,22451.240234375,22120.140625,22331.189453125,100,22299.33984375
2022-05-10,22081.75,22421.4296875,22032.44921875,22252.75,100,22081.75
2022-05-11,21950.01953125,22234.609375,21663.599609375,22143.900390625,200,21950.01953125
2022-05-12,21457.69921875,21790.849609375,21343.16015625,21790.630859375,200,21457.69921875
2022-05-13,21458.890625,21883.060546875,21402.169921875,21708.73046875,200,21458.890625
2022-05-16,21614.970703125,21734.490234375,21406.400390625,21572.609375,200,21614.970703125
2022-05-17,22181.669921875,22211.310546875,21715.220703125,21767.509765625,200,22181.669921875
2022-05-18,22168.08984375,22399.619140625,22136.330078125,22308.16015625,200,22168.08984375
2022-05-19,21589.009765625,21790.900390625,21539.849609375,21698.099609375,200,21589.009765625
2022-05-20,22137.189453125,22155.3203125,21874.900390625,21891.509765625,100,22137.189453125
2022-05-23,22043.779296875,22315.400390625,22012.98046875,22209.51953125,200,22043.779296875
2022-05-24,21902.529296875,22120.419921875,21842.91015625,22083.140625,100,21902.529296875
2022-05-25,21653.369140625,22018.599609375,21632.189453125,21989.16015625,100,21653.369140625
2022-05-26,21873.560546875,21923.01953125,21432.19921875,21745.640625,200,21873.560546875
2022-05-27,22112.990234375,22130.140625,21948.939453125,22070.73046875,100,22112.990234375
2022-05-30,22559.2109375,22573.25,22339.890625,22345.7109375,200,22559.2109375
2022-05-31,22497.640625,22643.94921875,22417.509765625,22495.970703125,200,22497.640625
2022-06-01,22429.560546875,22593.509765625,22312.5390625,22513.779296875,200,22429.560546875
2022-06-02,22563.51953125,22579.880859375,22343.23046875,22439.51953125,100,22563.51953125
2022-06-03,22416.380859375,22770.94921875,22402.240234375,22732.01953125,100,22416.380859375
2022-06-06,22380.33984375,22423.869140625,22190.259765625,22375.119140625,100,22380.33984375
2022-06-07,22196.83984375,22295.0390625,22117.2890625,22292.0390625,100,22196.83984375
2022-06-08,22121.609375,22331.080078125,22036.33984375,22282.900390625,100,22121.609375
2022-06-09,22266.060546875,22281.6796875,21969.599609375,22012.640625,100,22266.060546875
2022-06-10,21953.509765625,22079.130859375,21916.55078125,22078.44921875,100,21953.509765625
2022-06-13,21373.990234375,21553.3203125,21279.220703125,21553.279296875,100,21373.990234375
2022-06-14,21321.369140625,21515.439453125,21229.1796875,21256.55078125,100,21321.369140625
2022-06-15,21314.779296875,21426.55078125,21295.359375,21359.990234375,100,21314.779296875
2022-06-16,20851.330078125,21549.509765625,20816.05078125,21505.08984375,100,20851.330078125
2022-06-17,20710.009765625,20888.91015625,20563.810546875,20739.970703125,200,20710.009765625
2022-06-20,20630.51953125,20790.150390625,20482.98046875,20748.619140625,200,20630.51953125
2022-06-21,21097.669921875,21151.5703125,20744.720703125,20760.810546875,200,21097.669921875
2022-06-22,20785.240234375,21009.94921875,20758.44921875,21006.2890625,100,20785.240234375
2022-06-23,20998.55078125,21080.30078125,20746.19921875,20846.9609375,100,20998.55078125
2022-06-24,21223.98046875,21247.140625,21106.6796875,21150.349609375,100,21223.98046875
2022-06-27,21415.970703125,21514.689453125,21401.529296875,21496.83984375,100,21415.970703125
2022-06-28,21453.259765625,21482.33984375,21243.25,21334.91015625,100,21453.259765625
2022-06-29,21380.990234375,21447.880859375,21238.91015625,21265.44921875,100,21380.990234375
2022-06-30,21324.5390625,21500.25,21281.669921875,21359.029296875,100,21324.5390625
2022-07-01,21340.25,21385.400390625,21018.580078125,21284.3203125,100,21340.25
2022-07-04,21464.119140625,21484.369140625,21252.05078125,21348.259765625,100,21464.119140625
2022-07-05,21445.919921875,21714.720703125,21414.310546875,21570.689453125,100,21445.919921875
2022-07-06,21719.58984375,21746.80078125,21422.310546875,21473.490234375,100,21719.58984375
2022-07-07,21929.419921875,21947.6796875,21807.009765625,21869.939453125,100,21929.419921875
2022-07-08,22028.140625,22090.599609375,21940.109375,22077.130859375,100,22028.140625
2022-07-11,22123.359375,22159.029296875,21925.060546875,21973.419921875,100,22123.359375
2022-07-12,21955.5703125,22099.66015625,21928.439453125,22066.900390625,100,21955.5703125
2022-07-13,21869.740234375,22088.470703125,21851.08984375,22074.5,100,21869.740234375
2022-07-14,21830.490234375,21979.26953125,21695.130859375,21939.810546875,100,21830.490234375
2022-07-15,21971.44921875,21990.279296875,21822.58984375,21922.080078125,100,21971.44921875
2022-07-18,22277.58984375,22289.48046875,22100.140625,22103.140625,200,22277.58984375
2022-07-19,22383.94921875,22407.529296875,22187.75,22201.2109375,100,22383.94921875
2022-07-20,22558.19921875,22667.5703125,22522.8203125,22632.060546875,100,22558.19921875
2022-07-21,22734.0703125,22755.310546875,22527.390625,22574.9609375,200,22734.0703125
2022-07-22,22828.470703125,22864.55078125,22719.849609375,22804.060546875,100,22828.470703125
2022-07-25,22739.169921875,22828.109375,22665.109375,22795.73046875,200,22739.169921875
2022-07-26,22514.58984375,22761.150390625,22490.630859375,22761.150390625,100,22514.58984375
2022-07-27,22718.330078125,22730.279296875,22459.0390625,22515.919921875,200,22718.330078125
2022-07-28,23047.5,23066.41015625,22831.990234375,22865.0390625,200,23047.5
2022-07-29,23359.640625,23376.5,23185.720703125,23208.9609375,200,23359.640625
2022-08-01,23649.80078125,23667.4609375,23362.490234375,23472.330078125,400,23649.80078125
2022-08-02,23685.509765625,23739.2109375,23523.599609375,23636.119140625,400,23685.509765625
2022-08-03,23696.30078125,23746.44921875,23499.529296875,23707.5390625,900,23696.30078125
2022-08-04,23721.330078125,23856.48046875,23403.310546875,23790.0703125,200,23721.330078125
2022-08-05,23731.669921875,23853.58984375,23699.419921875,23773.08984375,200,23731.669921875
2022-08-08,23888.76953125,23918.060546875,23688.130859375,23755.05078125,200,23888.76953125
2022-08-10,23885.7109375,23954.609375,23783.859375,23947.619140625,200,23885.7109375
2022-08-11,24063.880859375,24117.119140625,24027.2109375,24069.66015625,100,24063.880859375
2022-08-12,24136.400390625,24171.130859375,24013.66015625,24060.580078125,200,24136.400390625
2022-08-16,24357.7890625,24367.169921875,24224.4296875,24224.859375,0,24357.7890625
2022-08-17,24520.6796875,24547.900390625,24402.880859375,24410.880859375,200,24520.6796875
2022-08-18,24560.740234375,24578.0390625,24437.619140625,24483.4296875,300,24560.740234375
2022-08-19,24299.19921875,24629.689453125,24253.9609375,24593.779296875,200,24299.19921875
2022-08-22,23925.669921875,24204.30078125,23895.33984375,24200.419921875,200,23925.669921875
2022-08-23,24065.7890625,24126.9296875,23705.44921875,23713.23046875,200,24065.7890625
2022-08-24,24135.990234375,24160.26953125,23976.5,24022.359375,200,24135.990234375
2022-08-25,24074.380859375,24319.01953125,24036.5,24215.48046875,300,24074.380859375
2022-08-26,24141.169921875,24299.859375,24097.7109375,24185.30078125,200,24141.169921875
2022-08-29,23872.060546875,23941.060546875,23474.66015625,23474.939453125,200,23872.060546875
2022-08-30,24437.220703125,24457.48046875,23988.599609375,23992.119140625,200,24437.220703125
2022-09-01,24249.5390625,24410.30078125,24145.6796875,24183.9609375,200,24249.5390625
2022-09-02,24232.240234375,24397.130859375,24207.900390625,24337.109375,200,24232.240234375
2022-09-05,24376.099609375,24405.2890625,24246.3203125,24246.3203125,300,24376.099609375
2022-09-06,24411.2109375,24521.390625,24306.609375,24416.0703125,300,24411.2109375
2022-09-07,24418.890625,24444.130859375,24253.810546875,24281.630859375,300,24418.890625
2022-09-08,24608.470703125,24624.66015625,24491.220703125,24554.630859375,200,24608.470703125
2022-09-09,24652.609375,24780.849609375,24590.380859375,24734.4296875,200,24652.609375
2022-09-12,24829.359375,24865.640625,24704.349609375,24704.359375,200,24829.359375
2022-09-13,24977.9609375,25005.83984375,24926.650390625,24943.720703125,200,24977.9609375
2022-09-14,24914.380859375,25006.0,24535.869140625,24540.470703125,200,24914.380859375
2022-09-15,24837.169921875,25066.4609375,24783.650390625,24976.869140625,200,24837.169921875
2022-09-16,24304.609375,24773.890625,24226.390625,24740.75,200,24304.609375
2022-09-19,24375.51953125,24462.009765625,24125.099609375,24290.369140625,400,24375.51953125
2022-09-20,24653.69921875,24795.009765625,24536.169921875,24536.169921875,200,24653.69921875
2022-09-21,24485.2890625,24734.16015625,24421.080078125,24598.380859375,200,24485.2890625
2022-09-22,24448.880859375,24531.0390625,24271.44921875,24351.330078125,200,24448.880859375
2022-09-23,24005.3203125,24487.259765625,23969.30078125,24419.0,200,24005.3203125
2022-09-26,23472.279296875,23801.880859375,23390.19921875,23771.560546875,200,23472.279296875
2022-09-27,23475.470703125,23710.849609375,23357.650390625,23546.01953125,200,23475.470703125
2022-09-28,23303.44921875,23540.650390625,23240.130859375,23323.119140625,200,23303.44921875
2022-09-29,23278.08984375,23567.33984375,23223.75,23475.900390625,200,23278.08984375
2022-09-30,23642.4609375,23720.189453125,23141.619140625,23211.25,200,23642.4609375
2022-10-03,23337.1796875,23682.25,23252.98046875,23631.2890625,200,23337.1796875
2022-10-04,23857.669921875,23869.01953125,23640.4296875,23640.529296875,200,23857.669921875
2022-10-06,23996.94921875,24102.2890625,23968.9296875,23968.9296875,200,23996.94921875
2022-10-07,23966.560546875,23995.859375,23819.109375,23955.470703125,200,23966.560546875
2022-10-10,23833.5703125,23890.33984375,23618.05078125,23665.55078125,200,23833.5703125
2022-10-11,23465.25,23870.05078125,23427.689453125,23860.109375,400,23465.25
2022-10-12,23638.83984375,23662.080078125,23396.55078125,23515.2890625,200,23638.83984375
2022-10-13,23481.48046875,23643.490234375,23407.91015625,23611.970703125,200,23481.48046875
2022-10-14,23619.490234375,23886.470703125,23601.41015625,23816.51953125,100,23619.490234375
2022-10-17,23767.060546875,23786.029296875,23461.849609375,23545.599609375,400,23767.060546875
2022-10-18,24001.19921875,24025.509765625,23889.23046875,23889.23046875,200,24001.19921875
2022-10-19,24018.560546875,24155.140625,23974.109375,24078.2890625,300,24018.560546875
2022-10-20,24088.669921875,24116.529296875,23877.900390625,23914.5703125,200,24088.669921875
2022-10-21,24048.580078125,24201.2890625,23976.779296875,24143.240234375,200,24048.580078125
2022-10-24,24233.630859375,24312.94921875,24212.939453125,24243.560546875,100,24233.630859375
2022-10-25,24169.6796875,24301.080078125,24151.470703125,24276.150390625,300,24169.6796875
2022-10-27,24302.80078125,24350.75,24193.169921875,24251.9296875,200,24302.80078125
2022-10-28,24300.48046875,24380.16015625,24223.880859375,24303.880859375,200,24300.48046875
2022-10-31,24589.55078125,24606.029296875,24390.939453125,24390.939453125,100,24589.55078125
2022-11-01,24778.23046875,24790.439453125,24656.109375,24675.48046875,200,24778.23046875
2022-11-02,24713.330078125,24808.1796875,24674.01953125,24780.859375,100,24713.330078125
2022-11-03,24699.029296875,24751.939453125,24553.369140625,24560.080078125,200,24699.029296875
2022-11-04,24768.890625,24787.80078125,24648.7109375,24669.48046875,200,24768.890625
2022-11-07,24902.619140625,24951.939453125,24729.380859375,24854.330078125,200,24902.619140625
2022-11-09,24830.419921875,24998.369140625,24780.330078125,24947.119140625,200,24830.419921875
2022-11-10,24630.73046875,24758.720703125,24545.330078125,24673.5703125,200,24630.73046875
2022-11-11,24959.5703125,24978.279296875,24890.30078125,24890.30078125,300,24959.5703125
2022-11-14,24956.890625,25010.05078125,24925.3203125,24952.900390625,200,24956.890625
2022-11-15,25021.619140625,25045.130859375,24886.4296875,24951.650390625,200,25021.619140625
2022-11-16,24966.66015625,25045.19921875,24880.869140625,24976.650390625,200,24966.66015625
2022-11-17,24860.83984375,24963.16015625,24826.48046875,24905.2109375,200,24860.83984375
2022-11-18,24788.609375,24936.91015625,24667.400390625,24898.439453125,200,24788.609375
2022-11-21,24627.76953125,24721.759765625,24595.009765625,24715.390625,200,24627.76953125
2022-11-22,24715.509765625,24727.099609375,24604.08984375,24623.380859375,200,24715.509765625
2022-11-23,24760.119140625,24816.890625,24737.01953125,24814.130859375,200,24760.119140625
2022-11-24,24990.94921875,25026.8203125,24807.619140625,24807.619140625,200,24990.94921875
2022-11-25,25054.439453125,25083.3203125,24971.140625,25011.490234375,200,25054.439453125
2022-11-28,25150.51953125,25202.109375,24963.439453125,24974.169921875,200,25150.51953125
2022-11-29,25191.26953125,25266.349609375,25108.75,25108.810546875,200,25191.26953125
2022-11-30,25406.759765625,25479.8203125,25205.119140625,25215.8203125,300,25406.759765625
2022-12-01,25497.08984375,25554.25,25449.44921875,25503.75,200,25497.08984375
2022-12-02,25429.029296875,25464.80078125,25344.240234375,25420.740234375,200,25429.029296875
2022-12-05,25433.609375,25470.75,25300.58984375,25443.650390625,300,25433.609375
2022-12-06,25362.51953125,25387.849609375,25301.900390625,25308.599609375,300,25362.51953125
2022-12-07,25268.599609375,25415.3203125,25232.55078125,25365.0703125,200,25268.599609375
2022-12-08,25343.580078125,25359.279296875,25268.330078125,25304.75,200,25343.580078125
2022-12-09,25184.099609375,25431.80078125,25047.880859375,25401.310546875,500,25184.099609375
2022-12-12,25201.0703125,25218.0703125,24986.169921875,25066.029296875,300,25201.0703125
2022-12-13,25318.9609375,25334.970703125,25209.240234375,25270.740234375,400,25318.9609375
2022-12-14,25416.4296875,25457.880859375,25376.3203125,25376.599609375,700,25416.4296875
2022-12-15,25127.880859375,25425.779296875,25094.009765625,25378.08984375,500,25127.880859375
2022-12-16,24894.880859375,25155.23046875,24883.279296875,25007.400390625,300,24894.880859375
2022-12-19,25084.560546875,25098.19921875,24853.689453125,24911.919921875,400,25084.560546875
2022-12-20,25036.009765625,25062.279296875,24811.58984375,25022.609375,300,25036.009765625
2022-12-21,24723.7109375,25177.08984375,24680.2109375,25127.2109375,400,24723.7109375
2022-12-22,24566.740234375,24891.009765625,24475.259765625,24778.3203125,500,24566.740234375
2022-12-23,23955.55078125,24433.33984375,23913.810546875,24301.76953125,400,23955.55078125
2022-12-26,24353.5703125,24440.0,23865.880859375,23882.48046875,300,24353.5703125
2022-12-27,24547.30078125,24570.80078125,24331.05078125,24492.529296875,300,24547.30078125
2022-12-28,24576.490234375,24630.880859375,24467.30078125,24518.759765625,300,24576.490234375
2022-12-29,24660.880859375,24699.859375,24376.599609375,24477.7109375,200,24660.880859375
2022-12-30,24605.779296875,24815.720703125,24571.720703125,24756.73046875,300,24605.779296875
2023-01-02,24722.0390625,24740.759765625,24580.080078125,24643.05078125,300,24722.0390625
2023-01-03,24775.919921875,24801.939453125,24685.390625,24708.0,300,24775.919921875
2023-01-04,24511.439453125,24797.01953125,24486.990234375,24777.419921875,300,24511.439453125
2023-01-05,24496.75,24617.26953125,24342.220703125,24585.25,500,24496.75
2023-01-06,24317.560546875,24547.73046875,24239.2109375,24503.8203125,300,24317.560546875
2023-01-09,24602.369140625,24637.08984375,24431.869140625,24431.869140625,300,24602.369140625
2023-01-10,24401.130859375,24627.009765625,24305.75,24625.5390625,200,24401.130859375
2023-01-11,24368.16015625,24481.310546875,24296.330078125,24418.900390625,300,24368.16015625
2023-01-12,24331.330078125,24437.98046875,24212.73046875,24386.240234375,200,24331.330078125
2023-01-13,24436.73046875,24477.30078125,24232.2109375,24363.009765625,500,24436.73046875
2023-01-16,24373.279296875,24555.55078125,24327.51953125,24510.08984375,400,24373.279296875
2023-01-17,24518.73046875,24536.9609375,24356.060546875,24391.400390625,1000,24518.73046875
2023-01-18,24631.7890625,24652.390625,24492.9296875,24546.08984375,200,24631.7890625
2023-01-19,24560.650390625,24614.470703125,24508.380859375,24568.55078125,900,24560.650390625
2023-01-20,24444.810546875,24597.390625,24429.779296875,24559.919921875,200,24444.810546875
2023-01-23,24532.98046875,24576.599609375,24480.390625,24518.900390625,200,24532.98046875
2023-01-24,24505.220703125,24624.419921875,24473.05078125,24588.140625,200,24505.220703125
2023-01-25,24164.16015625,24467.94921875,24127.580078125,24448.66015625,200,24164.16015625
2023-01-27,23688.98046875,24137.25,23541.009765625,24127.1796875,200,23688.98046875
2023-01-30,23647.140625,23816.0,23369.490234375,23541.48046875,200,23647.140625
2023-01-31,23778.4609375,23821.16015625,23551.94921875,23724.470703125,200,23778.4609375
2023-02-01,23629.76953125,24124.76953125,23284.330078125,23936.900390625,300,23629.76953125
2023-02-02,23620.08984375,23697.400390625,23406.630859375,23532.869140625,200,23620.08984375
2023-02-03,23812.75,23826.48046875,23469.69921875,23706.66015625,300,23812.75
2023-02-06,23765.51953125,23794.259765625,23668.650390625,23793.41015625,300,23765.51953125
2023-02-07,23710.990234375,23823.16015625,23628.240234375,23754.30078125,200,23710.990234375
2023-02-08,23908.580078125,23938.16015625,23733.44921875,23735.830078125,200,23908.580078125
2023-02-09,23908.859375,23948.33984375,23796.01953125,23921.0,200,23908.859375
2023-02-10,23880.0,23910.640625,23812.69921875,23854.220703125,200,23880.0
2023-02-13,23700.0,23892.0703125,23665.619140625,23861.4609375,100,23700.0
2023-02-14,23807.94921875,23839.890625,23670.26953125,23721.26953125,100,23807.94921875
2023-02-15,23916.380859375,23941.23046875,23740.509765625,23782.9609375,100,23916.380859375
2023-02-16,23991.919921875,24074.560546875,23955.279296875,24003.80078125,200,23991.919921875
2023-02-17,23863.439453125,23980.609375,23809.830078125,23889.94921875,100,23863.439453125
2023-02-20,23761.2890625,23918.76953125,23734.1796875,23881.0703125,200,23761.2890625
2023-02-21,23724.189453125,23849.5703125,23695.5703125,23790.720703125,100,23724.189453125
2023-02-22,23382.9609375,23640.23046875,23345.759765625,23616.890625,200,23382.9609375
2023-02-23,23333.0390625,23446.259765625,23222.970703125,23384.55078125,200,23333.0390625
2023-02-24,23268.44921875,23442.490234375,23219.640625,23405.5390625,300,23268.44921875
2023-02-27,23135.150390625,23215.330078125,23004.169921875,23210.630859375,200,23135.150390625
2023-02-28,23084.7890625,23190.2890625,23021.0703125,23140.2109375,200,23084.7890625
2023-03-01,23316.0390625,23333.41015625,23127.169921875,23129.009765625,200,23316.0390625
2023-03-02,23196.44921875,23324.44921875,23181.169921875,23286.619140625,200,23196.44921875
2023-03-03,23496.19921875,23555.779296875,23319.560546875,23319.640625,200,23496.19921875
2023-03-06,23665.3203125,23762.119140625,23570.3203125,23571.439453125,200,23665.3203125
2023-03-08,23734.5390625,23752.25,23525.869140625,23566.279296875,100,23734.5390625
2023-03-09,23554.349609375,23785.16015625,23531.19921875,23782.130859375,200,23554.349609375
2023-03-10,23353.349609375,23373.41015625,23218.650390625,23367.98046875,200,23353.349609375
2023-03-13,22998.150390625,23473.220703125,22948.380859375,23299.08984375,400,22998.150390625
2023-03-14,22848.2109375,23067.529296875,22767.009765625,22968.5703125,200,22848.2109375
2023-03-15,22781.169921875,23058.580078125,22750.0,22979.560546875,200,22781.169921875
2023-03-16,22805.759765625,22891.439453125,22578.58984375,22751.7890625,200,22805.759765625
2023-03-17,22944.859375,23015.91015625,22801.220703125,22952.69921875,200,22944.859375
2023-03-20,22778.7890625,22867.08984375,22592.369140625,22842.400390625,200,22778.7890625
2023-03-21,22928.880859375,22954.6796875,22816.419921875,22878.66015625,100,22928.880859375
2023-03-22,23003.849609375,23064.73046875,22963.16015625,22995.900390625,0,23003.849609375
2023-03-23,22913.80078125,23055.220703125,22893.900390625,22949.189453125,100,22913.80078125
2023-03-24,22716.650390625,22961.01953125,22679.529296875,22910.33984375,200,22716.650390625
2023-03-27,22686.98046875,22825.0390625,22648.640625,22717.73046875,200,22686.98046875
2023-03-28,22608.390625,22749.7890625,22556.390625,22712.98046875,200,22608.390625
2023-03-29,22822.890625,22869.509765625,22573.310546875,22574.029296875,200,22822.890625
2023-03-31,23160.009765625,23190.4296875,22915.720703125,22915.720703125,300,23160.009765625
2023-04-03,23226.810546875,23244.349609375,23134.130859375,23225.169921875,200,23226.810546875
2023-04-05,23397.109375,23413.630859375,23214.150390625,23214.150390625,100,23397.109375
2023-04-06,23475.05078125,23515.5,23337.939453125,23371.9609375,100,23475.05078125
2023-04-10,23526.359375,23592.7890625,23491.19921875,23494.48046875,100,23526.359375
2023-04-11,23652.44921875,23691.330078125,23564.75,23589.33984375,100,23652.44921875
2023-04-12,23768.470703125,23781.140625,23659.26953125,23665.439453125,100,23768.470703125
2023-04-13,23789.4609375,23805.919921875,23679.650390625,23762.580078125,100,23789.4609375
2023-04-17,23706.0,23761.189453125,23533.060546875,23753.369140625,200,23706.0
2023-04-18,23693.7109375,23778.8203125,23626.669921875,23726.869140625,200,23693.7109375
2023-04-19,23629.609375,23707.16015625,23596.150390625,23696.359375,200,23629.609375
2023-04-20,23638.119140625,23710.25,23599.0,23631.060546875,100,23638.119140625
2023-04-21,23611.55078125,23685.490234375,23526.560546875,23615.369140625,200,23611.55078125
2023-04-24,23745.869140625,23758.880859375,23610.970703125,23663.51953125,200,23745.869140625
2023-04-25,23787.080078125,23830.4609375,23729.330078125,23781.060546875,200,23787.080078125
2023-04-26,23851.41015625,23868.689453125,23734.650390625,23762.259765625,200,23851.41015625
2023-04-27,23983.880859375,23998.400390625,23849.490234375,23855.44921875,300,23983.880859375
2023-04-28,24209.369140625,24239.640625,23987.720703125,24011.349609375,300,24209.369140625
2023-05-02,24344.140625,24388.669921875,24269.609375,24273.810546875,200,24344.140625
2023-05-03,24304.650390625,24351.26953125,24250.390625,24295.16015625,200,24304.650390625
2023-05-04,24506.330078125,24524.2109375,24288.9296875,24327.2109375,300,24506.330078125
2023-05-05,24306.419921875,24491.830078125,24287.400390625,24368.060546875,200,24306.419921875
2023-05-08,24543.580078125,24563.5703125,24334.66015625,24334.75,200,24543.580078125
2023-05-09,24528.8203125,24660.759765625,24490.8203125,24575.140625,200,24528.8203125
2023-05-10,24603.759765625,24614.19921875,24454.5,24558.5,200,24603.759765625
2023-05-11,24631.349609375,24688.830078125,24598.91015625,24672.439453125,200,24631.349609375
2023-05-12,24622.4609375,24667.4609375,24502.970703125,24618.849609375,100,24622.4609375
2023-05-15,24733.55078125,24801.8203125,24600.509765625,24641.259765625,100,24733.55078125
2023-05-16,24639.779296875,24802.8203125,24612.169921875,24781.630859375,200,24639.779296875
2023-05-17,24536.51953125,24665.369140625,24444.810546875,24642.51953125,200,24536.51953125
2023-05-18,24429.349609375,24673.55078125,24410.919921875,24650.25,200,24429.349609375
2023-05-19,24504.0703125,24522.890625,24302.279296875,24456.859375,100,24504.0703125
2023-05-22,24655.580078125,24678.060546875,24468.01953125,24468.0703125,200,24655.580078125
2023-05-23,24716.44921875,24802.3203125,24696.279296875,24714.830078125,200,24716.44921875
2023-05-24,24673.2890625,24795.7890625,24641.390625,24681.150390625,200,24673.2890625
2023-05-25,24739.669921875,24758.939453125,24610.2890625,24647.119140625,200,24739.669921875
2023-05-26,24962.810546875,24975.9609375,24760.720703125,24763.41015625,200,24962.810546875
2023-05-29,25080.8203125,25134.580078125,25055.109375,25055.109375,200,25080.8203125
2023-05-30,25109.51953125,25150.3203125,25049.669921875,25074.05078125,200,25109.51953125
2023-05-31,25059.669921875,25093.58984375,24963.55078125,25068.470703125,300,25059.669921875
2023-06-01,25042.419921875,25146.900390625,25020.919921875,25090.69921875,200,25042.419921875
2023-06-02,25122.990234375,25168.970703125,25070.689453125,25110.94921875,200,25122.990234375
2023-06-05,25201.19921875,25262.9296875,25193.029296875,25196.66015625,200,25201.19921875
2023-06-06,25233.58984375,25256.349609375,25134.19921875,25200.44921875,200,25233.58984375
2023-06-07,25431.099609375,25447.94921875,25283.970703125,25283.98046875,500,25431.099609375
2023-06-08,25296.5703125,25500.810546875,25278.109375,25451.1796875,300,25296.5703125
2023-06-09,25224.55078125,25359.400390625,25210.970703125,25302.5390625,300,25224.55078125
2023-06-12,25302.890625,25329.4296875,25221.349609375,25242.509765625,200,25302.890625
2023-06-13,25496.650390625,25506.740234375,25329.01953125,25329.029296875,200,25496.650390625
2023-06-14,25549.0390625,25562.859375,25472.880859375,25504.369140625,300,25549.0390625
2023-06-15,25502.55078125,25635.23046875,25476.7890625,25536.109375,200,25502.55078125
2023-06-16,25698.7890625,25744.310546875,25527.890625,25528.41015625,200,25698.7890625
2023-06-19,25631.66015625,25800.279296875,25598.08984375,25738.400390625,200,25631.66015625
2023-06-20,25716.359375,25749.759765625,25538.529296875,25634.740234375,200,25716.359375
2023-06-21,25789.55078125,25846.240234375,25728.740234375,25776.390625,200,25789.55078125
2023-06-22,25621.849609375,25817.830078125,25605.119140625,25813.0,200,25621.849609375
2023-06-23,25419.560546875,25596.1796875,25398.630859375,25585.6796875,200,25419.560546875
2023-06-26,25506.619140625,25527.69921875,25392.2890625,25392.2890625,200,25506.619140625
2023-06-27,25660.640625,25673.970703125,25564.830078125,25564.830078125,100,25660.640625
2023-06-28,25841.240234375,25866.109375,25736.26953125,25747.060546875,200,25841.240234375
2023-06-30,26078.650390625,26092.650390625,25877.859375,25878.0390625,200,26078.650390625
2023-07-03,26230.369140625,26255.73046875,26132.029296875,26132.029296875,200,26230.369140625
2023-07-04,26278.330078125,26350.0,26194.2890625,26315.380859375,300,26278.330078125
2023-07-05,26343.66015625,26365.1796875,26254.76953125,26293.529296875,200,26343.66015625
2023-07-06,26497.119140625,26509.619140625,26323.1796875,26341.470703125,300,26497.119140625
2023-07-07,26294.330078125,26533.7109375,26261.44921875,26429.91015625,200,26294.330078125
2023-07-10,26276.810546875,26378.9296875,26239.060546875,26357.609375,200,26276.810546875
2023-07-11,26422.7890625,26503.029296875,26348.9296875,26349.560546875,200,26422.7890625
2023-07-12,26408.0,26506.23046875,26389.6796875,26472.01953125,200,26408.0
2023-07-13,26391.970703125,26624.55078125,26346.759765625,26495.2109375,200,26391.970703125
2023-07-14,26612.58984375,26642.919921875,26438.119140625,26476.16015625,100,26612.58984375
2023-07-17,26780.1796875,26799.94921875,26638.9296875,26639.0,200,26780.1796875
2023-07-18,26786.23046875,26889.890625,26702.130859375,26846.380859375,200,26786.23046875
2023-07-19,26910.76953125,26928.279296875,26795.9609375,26823.970703125,200,26910.76953125
2023-07-20,27045.08984375,27061.060546875,26849.9296875,26920.0,200,27045.08984375
2023-07-21,26816.7109375,26958.810546875,26775.48046875,26858.119140625,300,26816.7109375
2023-07-24,26758.330078125,26892.259765625,26737.1796875,26810.189453125,400,26758.330078125
2023-07-25,26808.310546875,26837.0390625,26712.220703125,26810.140625,300,26808.310546875
2023-07-26,26934.869140625,26993.900390625,26849.169921875,26850.259765625,300,26934.869140625
2023-07-27,26851.509765625,27066.390625,26775.05078125,26994.220703125,200,26851.509765625
2023-07-28,26893.169921875,26912.880859375,26786.099609375,26865.080078125,200,26893.169921875
2023-07-31,27069.009765625,27091.33984375,26881.220703125,26907.48046875,200,27069.009765625
2023-08-01,27054.599609375,27137.4296875,27019.310546875,27082.0703125,300,27054.599609375
2023-08-02,26752.7109375,26991.5,26592.810546875,26961.26953125,200,26752.7109375
2023-08-03,26617.01953125,26782.33984375,26489.349609375,26671.5703125,200,26617.01953125
2023-08-04,26800.55078125,26839.66015625,26711.529296875,26711.6796875,300,26800.55078125
2023-08-07,26901.0390625,26927.5390625,26813.759765625,26833.310546875,300,26901.0390625
2023-08-08,26888.2890625,26956.169921875,26795.689453125,26942.1796875,300,26888.2890625
2023-08-09,26969.849609375,26987.7890625,26781.439453125,26889.4609375,300,26969.849609375
2023-08-10,26875.849609375,26991.58984375,26814.9609375,26971.359375,200,26875.849609375
2023-08-11,26747.060546875,26916.94921875,26726.109375,26915.0390625,200,26747.060546875
2023-08-14,26692.0390625,26739.55078125,26436.80078125,26669.849609375,200,26692.0390625
2023-08-16,26740.3203125,26767.08984375,26552.310546875,26615.990234375,0,26740.3203125
2023-08-17,26655.58984375,26768.939453125,26627.740234375,26730.33984375,200,26655.58984375
2023-08-18,26584.58984375,26661.51953125,26533.25,26613.029296875,200,26584.58984375
2023-08-21,26735.619140625,26769.5390625,26563.720703125,26563.740234375,200,26735.619140625
2023-08-22,26821.650390625,26855.919921875,26768.580078125,26778.099609375,300,26821.650390625
2023-08-23,26892.810546875,26943.58984375,26835.380859375,26875.400390625,300,26892.810546875
2023-08-24,26858.2890625,27093.19921875,26833.2890625,27008.150390625,400,26858.2890625
2023-08-25,26690.6796875,26821.080078125,26632.51953125,26784.439453125,300,26690.6796875
2023-08-28,26774.4296875,26842.650390625,26695.6796875,26720.7109375,500,26774.4296875
2023-08-29,26859.94921875,26878.5390625,26815.369140625,26842.470703125,300,26859.94921875
2023-08-30,26923.169921875,27033.75,26912.130859375,26953.669921875,300,26923.169921875
2023-08-31,26848.759765625,26994.119140625,26819.26953125,26954.9609375,300,26848.759765625
2023-09-01,27079.48046875,27099.26953125,26851.189453125,26858.220703125,800,27079.48046875
2023-09-04,27237.140625,27254.470703125,27127.400390625,27151.76953125,400,27237.140625
2023-09-05,27353.849609375,27373.009765625,27276.609375,27277.939453125,300,27353.849609375
2023-09-06,27401.7890625,27423.75,27268.41015625,27366.4609375,400,27401.7890625
2023-09-07,27558.080078125,27572.439453125,27380.740234375,27407.7109375,300,27558.080078125
2023-09-08,27718.990234375,27768.599609375,27602.0,27614.390625,300,27718.990234375
2023-09-11,27976.630859375,27987.7890625,27806.30078125,27813.0703125,400,27976.630859375
2023-09-12,27677.58984375,28128.900390625,27622.330078125,28116.140625,500,27677.58984375
2023-09-13,27781.83984375,27803.529296875,27527.810546875,27646.359375,400,27781.83984375
2023-09-14,27904.05078125,27976.9609375,27816.640625,27875.490234375,300,27904.05078125
2023-09-15,28008.55078125,28043.3203125,27937.779296875,27975.529296875,500,28008.55078125
2023-09-18,27917.970703125,28014.80078125,27899.900390625,27985.580078125,400,27917.970703125
2023-09-20,27661.220703125,27856.470703125,27617.130859375,27766.720703125,300,27661.220703125
2023-09-21,27428.9609375,27620.890625,27382.470703125,27591.830078125,300,27428.9609375
2023-09-22,27356.119140625,27521.650390625,27309.0,27426.279296875,300,27356.119140625
2023-09-25,27373.48046875,27427.470703125,27261.740234375,27381.83984375,200,27373.48046875
2023-09-26,27374.01953125,27438.109375,27338.490234375,27402.94921875,300,27374.01953125
2023-09-27,27479.01953125,27495.509765625,27284.970703125,27397.33984375,200,27479.01953125
2023-09-28,27213.529296875,27596.400390625,27179.98046875,27596.400390625,200,27213.529296875
2023-09-29,27407.75,27509.720703125,27270.73046875,27320.349609375,200,27407.75
2023-10-03,27341.580078125,27423.0390625,27265.7890625,27423.01953125,300,27341.580078125
2023-10-04,27138.619140625,27294.130859375,26997.76953125,27294.0390625,300,27138.619140625
2023-10-05,27251.23046875,27310.66015625,27188.330078125,27295.330078125,300,27251.23046875
2023-10-06,27401.69921875,27429.669921875,27316.1796875,27352.060546875,200,27401.69921875
2023-10-09,27133.98046875,27266.720703125,27092.75,27140.490234375,200,27133.98046875
2023-10-10,27414.76953125,27441.58984375,27188.310546875,27188.310546875,200,27414.76953125
2023-10-11,27579.169921875,27646.169921875,27527.73046875,27537.990234375,300,27579.169921875
2023-10-12,27603.169921875,27665.900390625,27582.359375,27650.939453125,200,27603.169921875
2023-10-13,27560.740234375,27631.890625,27437.119140625,27493.650390625,200,27560.740234375
2023-10-16,27556.580078125,27618.25,27500.9609375,27564.189453125,200,27556.580078125
2023-10-17,27677.66015625,27720.529296875,27635.0,27710.509765625,200,27677.66015625
2023-10-18,27478.0390625,27719.119140625,27462.310546875,27719.119140625,200,27478.0390625
2023-10-19,27417.669921875,27478.970703125,27259.4609375,27357.2109375,200,27417.669921875
2023-10-20,27261.48046875,27399.73046875,27240.51953125,27370.439453125,300,27261.48046875
2023-10-23,26746.23046875,27285.630859375,26706.7890625,27278.599609375,200,26746.23046875
2023-10-25,26550.01953125,26879.890625,26423.44921875,26792.060546875,200,26550.01953125
2023-10-26,26221.400390625,26433.33984375,26091.16015625,26433.23046875,200,26221.400390625
2023-10-27,26548.44921875,26601.849609375,26353.419921875,26377.91015625,200,26548.44921875
2023-10-30,26644.349609375,26664.44921875,26391.150390625,26613.810546875,200,26644.349609375
2023-10-31,26605.189453125,26791.30078125,26583.23046875,26788.19921875,200,26605.189453125
2023-11-01,26494.41015625,26650.189453125,26476.669921875,26627.080078125,400,26494.41015625
2023-11-02,26745.390625,26766.9296875,26639.509765625,26681.599609375,300,26745.390625
2023-11-03,26917.849609375,26962.75,26887.509765625,26902.740234375,300,26917.849609375
2023-11-06,27168.9609375,27182.25,27050.41015625,27101.869140625,200,27168.9609375
2023-11-07,27210.69921875,27224.359375,27108.990234375,27212.0390625,200,27210.69921875
2023-11-08,27315.130859375,27334.150390625,27249.83984375,27315.26953125,300,27315.130859375
2023-11-09,27262.44921875,27369.439453125,27248.7890625,27369.439453125,200,27262.44921875
2023-11-10,27307.150390625,27337.919921875,27155.7109375,27251.630859375,200,27307.150390625
2023-11-13,27397.029296875,27451.41015625,27340.810546875,27451.05078125,200,27397.029296875
2023-11-15,27696.69921875,27715.91015625,27604.619140625,27614.98046875,300,27696.69921875
2023-11-16,27830.55078125,27950.880859375,27668.119140625,27732.279296875,200,27830.55078125
2023-11-17,27841.9609375,27918.650390625,27741.099609375,27786.41015625,300,27841.9609375
2023-11-20,27803.0703125,27897.669921875,27779.560546875,27882.44921875,300,27803.0703125
2023-11-21,27878.73046875,27938.259765625,27865.919921875,27883.55078125,200,27878.73046875
2023-11-22,27880.7109375,27924.189453125,27738.6796875,27880.5,200,27880.7109375
2023-11-23,27900.9296875,27985.41015625,27884.75,27924.01953125,200,27900.9296875
2023-11-24,27903.66015625,27972.259765625,27888.310546875,27935.150390625,200,27903.66015625
2023-11-28,28057.76953125,28083.76953125,27937.580078125,27975.189453125,200,28057.76953125
2023-11-29,28305.33984375,28320.310546875,28177.369140625,28177.369140625,500,28305.33984375
2023-11-30,28442.4296875,28467.880859375,28221.7109375,28364.33984375,300,28442.4296875
2023-12-01,28639.220703125,28681.7109375,28542.41015625,28553.41015625,200,28639.220703125
2023-12-04,29164.880859375,29182.919921875,28960.83984375,29083.869140625,300,29164.880859375
2023-12-05,29393.890625,29405.48046875,29184.08984375,29286.41015625,300,29393.890625
2023-12-06,29540.16015625,29574.3203125,29411.69921875,29518.76953125,300,29540.16015625
2023-12-07,29584.41015625,29608.05078125,29448.919921875,29585.109375,500,29584.41015625
2023-12-08,29581.0,29711.7109375,29399.5390625,29674.330078125,1200,29581.0
2023-12-11,29686.169921875,29702.91015625,29610.279296875,29649.849609375,300,29686.169921875
2023-12-12,29547.240234375,29758.80078125,29469.130859375,29758.439453125,400,29547.240234375
2023-12-13,29646.189453125,29674.279296875,29409.51953125,29613.349609375,300,29646.189453125
2023-12-14,29999.0703125,30030.310546875,29872.349609375,29872.349609375,400,29999.0703125
2023-12-15,30266.810546875,30295.599609375,30072.73046875,30131.359375,400,30266.810546875
2023-12-18,30279.669921875,30355.490234375,30155.470703125,30289.669921875,300,30279.669921875
2023-12-19,30303.94921875,30385.16015625,30144.970703125,30366.0703125,300,30303.94921875
2023-12-20,29685.119140625,30518.109375,29613.880859375,30439.33984375,500,29685.119140625
2023-12-21,29949.130859375,29985.55078125,29379.7890625,29411.6796875,400,29949.130859375
2023-12-22,30123.529296875,30181.009765625,29932.099609375,30088.6796875,300,30123.529296875
2023-12-26,30277.189453125,30316.55078125,30141.1796875,30191.2109375,200,30277.189453125
2023-12-27,30502.30078125,30529.8203125,30340.25,30386.130859375,200,30502.30078125
2023-12-28,30671.720703125,30692.80078125,30533.5390625,30607.740234375,300,30671.720703125
2023-12-29,30720.279296875,30755.419921875,30582.259765625,30695.810546875,600,30720.279296875
2024-01-02,30702.0703125,30859.80078125,30475.3203125,30859.720703125,300,30702.0703125
2024-01-03,30621.23046875,30739.76953125,30592.640625,30733.619140625,400,30621.23046875
2024-01-04,30891.80078125,30922.830078125,30733.359375,30771.25,300,30891.80078125
2024-01-05,30971.0390625,31047.4609375,30816.609375,31002.4296875,500,30971.0390625
2024-01-08,30694.41015625,31056.0703125,30673.130859375,31055.94921875,400,30694.41015625
2024-01-09,30761.380859375,30977.919921875,30731.0390625,30904.98046875,500,30761.380859375
2024-01-10,30858.599609375,30881.220703125,30606.19921875,30797.060546875,300,30858.599609375
2024-01-11,30961.0390625,31032.869140625,30882.5,30989.80078125,300,30961.0390625
2024-01-12,31215.689453125,31274.580078125,31047.75,31134.98046875,300,31215.689453125
2024-01-15,31440.69921875,31459.220703125,31253.650390625,31418.779296875,400,31440.69921875
2024-01-16,31346.189453125,31500.80078125,31207.650390625,31473.619140625,400,31346.189453125
2024-01-17,30808.23046875,31159.259765625,30784.44921875,30991.830078125,400,30808.23046875
2024-01-18,30693.109375,30778.23046875,30264.470703125,30668.720703125,400,30693.109375
2024-01-19,31000.470703125,31024.05078125,30886.560546875,30950.26953125,400,31000.470703125
2024-01-23,30370.48046875,31237.609375,30298.08984375,31198.900390625,400,30370.48046875
2024-01-24,30756.6796875,30787.83984375,30176.349609375,30365.490234375,400,30756.6796875
2024-01-25,30669.26953125,30809.150390625,30501.640625,30804.30078125,500,30669.26953125
2024-01-29,31175.720703125,31198.5390625,30774.16015625,30804.55078125,400,31175.720703125
2024-01-30,30948.5390625,31308.01953125,30928.5390625,31273.140625,400,30948.5390625
2024-01-31,31303.349609375,31317.810546875,30910.44921875,30979.73046875,300,31303.349609375
2024-02-01,31254.330078125,31437.119140625,31147.880859375,31437.08984375,600,31254.330078125
2024-02-02,31471.5703125,31768.369140625,31416.869140625,31417.1796875,400,31471.5703125
2024-02-05,31374.1796875,31671.83984375,31303.720703125,31597.98046875,500,31374.1796875
2024-02-06,31661.80078125,31680.919921875,31335.33984375,31505.48046875,500,31661.80078125
2024-02-07,31776.400390625,31868.880859375,31628.0703125,31855.609375,700,31776.400390625
2024-02-08,31590.01953125,31938.810546875,31525.869140625,31936.400390625,600,31590.01953125
2024-02-09,31540.01953125,31658.349609375,31195.76953125,31631.740234375,600,31540.01953125
2024-02-12,31097.1796875,31624.279296875,31038.099609375,31623.310546875,400,31097.1796875
2024-02-13,31273.509765625,31292.19921875,30845.830078125,31138.080078125,400,31273.509765625
2024-02-14,31494.220703125,31523.150390625,30956.23046875,31049.720703125,300,31494.220703125
2024-02-15,31678.9296875,31723.05078125,31547.099609375,31638.369140625,800,31678.9296875
2024-02-16,31880.94921875,31923.560546875,31777.7109375,31842.83984375,2873600,31880.94921875
2024-02-19,31997.650390625,32095.009765625,31896.169921875,32021.25,0,31997.650390625
2024-02-20,32046.8203125,32071.640625,31925.109375,32041.1796875,2755800,32046.8203125
2024-02-21,31818.69921875,32160.5390625,31743.779296875,32148.48046875,3094000,31818.69921875
2024-02-22,32072.099609375,32104.939453125,31634.140625,31895.990234375,3306300,32072.099609375
2024-02-23,32115.369140625,32200.7109375,32064.119140625,32196.349609375,4240400,32115.369140625
2024-02-26,32025.05078125,32152.69921875,31957.619140625,32123.05078125,2925600,32025.05078125
2024-02-27,32079.150390625,32136.8203125,31988.80078125,32041.91015625,2913400,32079.150390625
2024-02-28,31639.80078125,32148.0,31601.939453125,32147.48046875,4396400,31639.80078125
2024-02-29,31777.01953125,31877.8203125,31470.279296875,31637.080078125,3461300,31777.01953125
2024-03-01,32180.25,32199.66015625,31890.4296875,31900.970703125,2994400,32180.25
2024-03-04,32299.060546875,32370.080078125,32233.44921875,32348.7890625,1940900,32299.060546875
2024-03-05,32226.640625,32317.23046875,32148.30078125,32300.310546875,2667700,32226.640625
2024-03-06,32220.890625,32241.939453125,31848.94921875,32214.130859375,4987000,32220.890625
2024-03-07,32311.5390625,32368.5,32236.4296875,32305.419921875,2028900,32311.5390625
2024-03-11,32079.330078125,32383.0,32049.69921875,32380.640625,2373200,32079.330078125
2024-03-12,31899.189453125,32148.810546875,31852.08984375,32109.970703125,2536700,31899.189453125
2024-03-13,31073.5390625,32018.73046875,30927.55078125,31988.9609375,8221800,31073.5390625
2024-03-14,31509.4609375,31535.240234375,30878.94921875,30910.880859375,3657800,31509.4609375
2024-03-15,31360.669921875,31543.80078125,31123.5703125,31473.01953125,2982000,31360.669921875
2024-03-18,31387.33984375,31471.009765625,31187.919921875,31335.490234375,1859400,31387.33984375
2024-03-19,31023.130859375,31339.880859375,31002.5,31339.880859375,1965100,31023.130859375
2024-03-20,31058.150390625,31160.580078125,30800.76953125,31091.939453125,1943300,31058.150390625
2024-03-21,31469.619140625,31497.189453125,31292.380859375,31292.380859375,1735800,31469.619140625
2024-03-22,31622.69921875,31707.19921875,31327.150390625,31385.2890625,2458100,31622.69921875
2024-03-26,31635.970703125,31694.419921875,31490.75,31513.76953125,2472800,31635.970703125
2024-03-27,31765.51953125,31895.140625,31731.130859375,31758.439453125,2791400,31765.51953125
2024-03-28,32043.19921875,32227.970703125,31857.439453125,31882.4296875,4295500,32043.19921875
2024-04-01,32393.58984375,32413.640625,32231.470703125,32231.470703125,0,32393.58984375
2024-04-02,32513.2890625,32534.529296875,32379.740234375,32454.2890625,2286400,32513.2890625
2024-04-03,32567.8203125,32654.66015625,32399.25,32492.220703125,2751800,32567.8203125
2024-04-04,32655.6796875,32832.3984375,32459.779296875,32810.5390625,3442300,32655.6796875
2024-04-05,32723.970703125,32751.6796875,32571.640625,32685.900390625,2833700,32723.970703125
2024-04-08,32890.83984375,32965.87109375,32815.58984375,32894.51171875,3581300,32890.83984375
2024-04-09,32848.16015625,33061.96875,32780.171875,33061.94921875,2461700,32848.16015625
2024-04-10,33045.80078125,33075.62890625,32907.26953125,32980.4609375,2284700,33045.80078125
2024-04-12,32772.26171875,33070.8515625,32755.4296875,33018.8203125,3133200,32772.26171875
2024-04-15,32365.109375,32588.119140625,32074.4609375,32074.4609375,3684800,32365.109375
2024-04-16,32269.58984375,32378.44921875,32114.08984375,32168.830078125,2850500,32269.58984375
2024-04-18,32097.359375,32559.19921875,32043.560546875,32434.25,2535400,32097.359375
2024-04-19,32199.48046875,32263.259765625,31654.7109375,31862.720703125,2637800,32199.48046875
2024-04-22,32489.880859375,32528.990234375,32327.01953125,32464.05078125,4232200,32489.880859375
2024-04-23,32589.5,32671.16015625,32552.76953125,32669.609375,5315000,32589.5
2024-04-24,32716.26953125,32785.96875,32679.140625,32710.640625,4587200,32716.26953125
2024-04-25,32929.33984375,32970.5703125,32644.94921875,32671.609375,22520400,32929.33984375
2024-04-26,32877.25,33047.8515625,32849.23828125,33023.05859375,7709800,32877.25
2024-04-29,33139.16015625,33156.76171875,32912.05078125,33034.9609375,5526900,33139.16015625
2024-04-30,33142.5703125,33381.6796875,33104.01171875,33245.62109375,3933300,33142.5703125
2024-05-02,33282.08984375,33349.76171875,33165.140625,33179.3984375,3506600,33282.08984375
2024-05-03,33078.62890625,33476.109375,32885.2890625,33462.6796875,4125800,33078.62890625
2024-05-06,32940.9296875,33244.5703125,32849.44921875,33242.19140625,3324400,32940.9296875
2024-05-07,32590.0703125,33011.19921875,32459.119140625,33007.73046875,4953200,32590.0703125
2024-05-08,32701.869140625,32798.51953125,32404.169921875,32504.1796875,4836900,32701.869140625
2024-05-09,32131.880859375,32762.609375,32095.859375,32762.609375,2656900,32131.880859375
2024-05-10,32334.650390625,32357.609375,32080.19921875,32215.140625,2507900,32334.650390625
2024-05-13,32412.119140625,32452.4609375,31897.0,32328.19921875,2195400,32412.119140625
2024-05-14,32674.669921875,32714.7890625,32406.08984375,32462.169921875,2629000,32674.669921875
2024-05-15,32755.08984375,32867.53125,32669.109375,32779.3515625,2013500,32755.08984375
2024-05-16,33056.87890625,33088.12890625,32643.150390625,32913.12109375,2260800,33056.87890625
2024-05-17,33267.48828125,33289.640625,33059.890625,33121.26171875,2940900,33267.48828125
2024-05-21,33456.671875,33520.5390625,33275.03125,33390.16015625,2886900,33456.671875
2024-05-22,33547.23046875,33598.109375,33326.87109375,33598.109375,3000600,33547.23046875
2024-05-23,33941.03125,33964.2109375,33562.859375,33615.51953125,4445900,33941.03125
2024-05-24,33931.48046875,34068.19140625,33873.48046875,33929.640625,8158000,33931.48046875
2024-05-27,33947.66015625,34136.87109375,33866.609375,34089.609375,4701600,33947.66015625
2024-05-28,33782.890625,34057.62109375,33724.30078125,34057.62109375,2796700,33782.890625
2024-05-29,33584.03125,33743.0703125,33572.19921875,33670.3515625,2538900,33584.03125
2024-05-30,33247.26953125,33590.421875,33165.46875,33558.12109375,6754200,33247.26953125
2024-05-31,33344.28125,33475.80078125,33206.0703125,33408.12109375,4647700,33344.28125
2024-06-03,34449.55078125,34634.55078125,34179.859375,34568.16015625,5802500,34449.55078125
2024-06-04,32132.9609375,34444.7890625,31041.5390625,34442.87890625,9051800,32132.9609375
2024-06-05,33289.71875,33345.55078125,31812.9609375,32560.060546875,5727300,33289.71875
2024-06-06,33779.98828125,33921.44921875,33515.62109375,33646.87109375,3949200,33779.98828125
2024-06-07,34402.69921875,34427.3984375,33726.109375,33828.109375,4287900,34402.69921875
2024-06-10,34463.5,34663.91015625,34395.8515625,34603.73828125,3659600,34463.5
2024-06-11,34539.4609375,34713.828125,34433.7890625,34586.1484375,3574300,34539.4609375
2024-06-12,34704.05078125,34810.62109375,34629.12890625,34669.1015625,3053000,34704.05078125
2024-06-13,34884.01171875,34959.05859375,34758.671875,34951.0390625,3408700,34884.01171875
2024-06-14,35099.19140625,35122.01953125,34852.1796875,34972.30859375,3157200,35099.19140625
2024-06-18,35276.03125,35287.62890625,35161.2890625,35248.66015625,2463200,35276.03125
2024-06-19,35111.44921875,35399.33984375,34965.05078125,35394.8203125,3879800,35111.44921875
2024-06-20,35240.94140625,35280.05859375,35047.51953125,35223.328125,2547700,35240.94140625
2024-06-21,35112.5703125,35380.28125,35046.1015625,35369.1484375,3867700,35112.5703125
2024-06-24,35206.4296875,35236.0,34870.6015625,35010.0390625,2551800,35206.4296875
2024-06-25,35334.23828125,35366.1484375,35201.5,35323.5390625,2235500,35334.23828125
2024-06-26,35440.26171875,35484.6796875,35243.12109375,35371.5390625,4298300,35440.26171875
2024-06-27,35601.6484375,35655.41015625,35383.0390625,35503.69921875,3893800,35601.6484375
2024-06-28,35633.91015625,35814.5390625,35596.94921875,35706.0703125,3284600,35633.91015625
2024-07-01,35894.3984375,35914.69921875,35648.75,35695.48046875,0,35894.3984375
2024-07-02,35821.12890625,36050.2109375,35689.03125,36046.87890625,0,35821.12890625
2024-07-03,36096.0703125,36128.78125,35960.078125,36049.44140625,0,36096.0703125
2024-07-04,36195.71875,36267.69921875,36125.75,36238.578125,2219600,36195.71875
2024-07-05,36315.80859375,36355.66015625,36079.109375,36160.3203125,3804800,36315.80859375
2024-07-08,36281.8203125,36394.140625,36176.6015625,36363.359375,3432400,36281.8203125
2024-07-09,36444.2890625,36464.80859375,36300.51953125,36414.51171875,2926200,36444.2890625
2024-07-10,36308.37109375,36544.1796875,35848.5390625,36544.140625,3242500,36308.37109375
2024-07-11,36357.55859375,36443.98046875,36200.359375,36443.98046875,3145000,36357.55859375
2024-07-12,36485.9296875,36644.171875,36372.26171875,36472.5390625,2587600,36485.9296875
2024-07-15,36662.6015625,36703.80859375,36470.76171875,36611.5,2438900,36662.6015625
2024-07-16,36656.1015625,36790.9296875,36624.87109375,36753.58984375,2552900,36656.1015625
2024-07-18,36662.75,36703.12890625,36335.21875,36619.359375,2430400,36662.75
2024-07-19,36100.96875,36708.0703125,36067.01171875,36708.0703125,2560600,36100.96875
2024-07-22,36241.359375,36338.73046875,35817.53125,35958.5,2185000,36241.359375
2024-07-23,36120.05078125,36386.08984375,35251.609375,36378.828125,3563500,36120.05078125
2024-07-24,36204.55078125,36277.41015625,36054.609375,36139.05859375,2020700,36204.55078125
2024-07-25,36199.7890625,36235.30078125,35910.37109375,35966.98046875,2769800,36199.7890625
2024-07-26,36795.890625,36822.66015625,36281.359375,36307.23046875,2746200,36795.890625
2024-07-29,36963.28125,37120.76171875,36852.33984375,37006.19921875,2932300,36963.28125
2024-07-30,37033.62109375,37171.51953125,36939.01953125,37017.921875,2353500,37033.62109375
2024-07-31,37172.80859375,37202.609375,37064.71875,37178.12890625,2195900,37172.80859375
2024-08-01,37132.83984375,37338.48046875,37006.8984375,37296.23046875,1919300,37132.83984375
2024-08-02,36747.98046875,36950.23828125,36695.19140625,36802.66015625,2517600,36747.98046875
2024-08-05,35615.94921875,36134.37109375,35394.26953125,35566.26171875,3647100,35615.94921875
2024-08-06,35461.87109375,36202.6015625,35410.94921875,35740.4609375,2313200,35461.87109375
2024-08-07,36117.83984375,36143.01171875,35798.3203125,35968.46875,1573800,36117.83984375
2024-08-08,35872.01171875,36188.76171875,35838.73046875,36154.859375,2037900,35872.01171875
2024-08-09,36210.76171875,36310.62109375,36129.98046875,36306.91015625,1843800,36210.76171875
2024-08-12,36201.6796875,36320.51953125,35949.62890625,35994.98046875,2077700,36201.6796875
2024-08-13,35861.5703125,36269.640625,35835.30859375,36259.5703125,2070700,35861.5703125
2024-08-14,35810.03125,35963.87890625,35711.08984375,35963.87890625,1658200,35810.03125
2024-08-16,36416.03125,36439.03125,35941.76171875,36086.58984375,1664000,36416.03125
2024-08-19,36543.640625,36630.109375,36489.171875,36579.828125,1566200,36543.640625
2024-08-20,36766.359375,36782.44140625,36602.66015625,36691.609375,3608200,36766.359375
2024-08-21,36903.2109375,36922.87890625,36730.01953125,36777.26171875,1608200,36903.2109375
2024-08-22,37012.51953125,37068.73046875,36974.25,37066.921875,1606100,37012.51953125
2024-08-23,36972.80078125,37107.6015625,36943.0,37095.640625,1999300,36972.80078125
2024-08-26,37195.12109375,37223.58984375,37055.6015625,37142.3203125,1506000,37195.12109375
2024-08-27,37257.8515625,37310.8515625,37195.05078125,37257.48046875,1521300,37257.8515625
2024-08-28,37276.16015625,37376.3203125,37175.01171875,37338.7890625,1478700,37276.16015625
2024-08-29,37302.5,37352.51953125,37097.26171875,37309.078125,1909700,37302.5
2024-08-30,37459.05859375,37517.83984375,37373.890625,37489.0,1791000,37459.05859375
2024-09-02,37502.58984375,37621.51171875,37402.87890625,37621.5,1853500,37502.58984375
2024-09-03,37548.28125,37601.0390625,37524.640625,37596.8515625,1298300,37548.28125
2024-09-04,37487.01953125,37507.69140625,37156.48828125,37157.609375,1401800,37487.01953125
2024-09-05,37496.80078125,37635.71875,37476.5390625,37601.7109375,1449900,37496.80078125
2024-09-06,37054.23828125,37548.671875,36983.30859375,37528.9609375,3143800,37054.23828125
2024-09-09,37097.46875,37139.62109375,36766.44140625,36974.83984375,1961700,37097.46875
2024-09-10,37313.25,37417.12890625,37138.37109375,37237.0390625,1581500,37313.25
2024-09-11,37140.1796875,37436.05859375,37091.1796875,37366.21875,1634200,37140.1796875
2024-09-12,37720.890625,37764.109375,37242.73046875,37355.8515625,1711400,37720.890625
2024-09-13,37757.2890625,37820.0703125,37696.80078125,37820.0703125,1394400,37757.2890625
2024-09-16,37804.1796875,37905.30859375,37736.4609375,37878.5,1350800,37804.1796875
2024-09-17,37806.44140625,37867.859375,37716.578125,37854.76953125,1097400,37806.44140625
2024-09-18,37668.2890625,37847.21875,37526.3515625,37827.08984375,1433100,37668.2890625
2024-09-19,37616.671875,37964.37109375,37380.078125,37860.51953125,3547900,37616.671875
2024-09-20,38157.5,38213.8515625,37665.08984375,37794.30859375,3165200,38157.5
2024-09-23,38433.921875,38451.51171875,38248.6484375,38262.66015625,1222600,38433.921875
2024-09-24,38445.640625,38502.83984375,38390.9296875,38471.78125,1057400,38445.640625
2024-09-25,38415.6484375,38458.1484375,38257.421875,38458.1484375,1755100,38415.6484375
2024-09-26,38620.05078125,38639.98046875,38370.96875,38459.19921875,1607800,38620.05078125
2024-09-27,38614.94921875,38740.078125,38579.01953125,38673.7890625,1544100,38614.94921875
2024-09-30,38227.640625,38553.109375,38190.2890625,38516.41015625,1431300,38227.640625
2024-10-01,38265.16015625,38362.94921875,38145.23046875,38255.48828125,1207600,38265.16015625
2024-10-03,37452.2890625,38023.1796875,37386.921875,37670.2890625,1368200,37452.2890625
2024-10-04,37092.328125,37705.98828125,37025.98828125,37360.8515625,1503300,37092.328125
2024-10-07,36550.05078125,37293.51171875,36405.55859375,37202.828125,1667400,36550.05078125
2024-10-08,37066.19140625,37111.91015625,36339.6015625,36341.01953125,1108400,37066.19140625
2024-10-09,37200.98828125,37505.12890625,37158.69140625,37273.73828125,1139200,37200.98828125
2024-10-10,37190.94140625,37439.671875,37168.41015625,37374.26171875,790800,37190.94140625
2024-10-11,37203.51953125,37277.19921875,37110.1796875,37199.94140625,830400,37203.51953125
2024-10-14,37374.44140625,37389.66015625,37258.55078125,37302.55859375,856400,37374.44140625
2024-10-15,37392.359375,37512.7109375,37279.2890625,37478.01953125,754500,37392.359375
2024-10-16,37290.9609375,37448.44140625,37170.0703125,37361.51953125,782600,37290.9609375
2024-10-17,36841.12109375,37385.23046875,36821.5703125,37381.80078125,851800,36841.12109375
2024-10-18,36927.0,36982.94140625,36446.58984375,36720.421875,993100,36927.0
2024-10-21,36661.7890625,37123.359375,36610.1484375,37095.03125,963300,36661.7890625
2024-10-22,35961.328125,36722.359375,35926.890625,36673.73046875,1266500,35961.328125
2024-10-23,35994.44921875,36225.71875,35748.0703125,35838.98828125,1387300,35994.44921875
2024-10-24,35917.1484375,36076.75,35856.6796875,36037.23828125,891300,35917.1484375
2024-10-25,35458.87890625,35991.8984375,35260.1484375,35969.16015625,1199400,35458.87890625
2024-10-28,35698.12890625,35860.421875,35321.87109375,35475.1484375,1649800,35698.12890625
2024-10-29,35921.51171875,35944.0,35387.8984375,35767.1796875,1173800,35921.51171875
2024-10-30,35845.26953125,36075.1484375,35752.5703125,35901.91015625,1115700,35845.26953125
2024-10-31,35738.109375,35921.33984375,35639.921875,35921.33984375,959100,35738.109375
2024-11-01,35951.71875,36041.640625,35921.140625,36036.98046875,320400,35951.71875
2024-11-04,35474.12890625,35972.19140625,35229.66015625,35972.19140625,1020000,35474.12890625
2024-11-05,35712.44140625,35743.5,35194.5,35382.8984375,935200,35712.44140625
2024-11-06,36271.19921875,36303.94921875,35781.76171875,35885.1015625,1106400,36271.19921875
2024-11-07,35903.62890625,36405.71875,35889.1015625,36405.71875,898000,35903.62890625
2024-11-08,35663.87109375,35981.51171875,35596.37109375,35967.26171875,922700,35663.87109375
2024-11-11,35580.37890625,35857.19140625,35412.109375,35598.58984375,1155200,35580.37890625
2024-11-12,35161.5703125,35786.23828125,35103.9296875,35670.48046875,827600,35161.5703125
2024-11-13,34533.578125,35138.33984375,34457.48828125,35053.26953125,1469800,34533.578125
2024-11-14,34600.01171875,34807.3515625,34519.5703125,34531.76171875,1089000,34600.01171875
2024-11-18,34497.01171875,34728.1015625,34321.03125,34721.76953125,1157200,34497.01171875
2024-11-19,34650.828125,35013.23046875,34573.37890625,34618.83984375,1097300,34650.828125
2024-11-21,34361.41015625,34615.76171875,34166.5390625,34615.76171875,1225900,34361.41015625
2024-11-22,35009.76953125,35051.26953125,34370.26953125,34418.96875,1129500,35009.76953125
2024-11-25,35528.25,35711.7890625,35454.48828125,35535.1484375,1178800,35528.25
2024-11-26,35530.26953125,35702.94921875,35468.25,35666.140625,1064700,35530.26953125
2024-11-27,35732.5703125,35800.76171875,35486.9296875,35625.69921875,1007800,35732.5703125
2024-11-28,35453.7890625,35930.1484375,35394.5390625,35804.859375,1157900,35453.7890625
2024-11-29,35726.109375,35790.2109375,35482.46875,35504.5703125,1085800,35726.109375
2024-12-02,35957.3984375,35967.578125,35593.78125,35735.1484375,1118900,35957.3984375
2024-12-03,36246.75,36264.8515625,36024.44140625,36098.890625,1176800,36246.75
2024-12-04,36370.69140625,36448.3203125,36191.66015625,36380.37890625,1236200,36370.69140625
2024-12-05,36619.23828125,36755.28125,36201.359375,36504.58984375,1040400,36619.23828125
2024-12-06,36681.01171875,36754.23046875,36546.3984375,36707.44921875,1126600,36681.01171875
2024-12-09,36639.05078125,36737.41015625,36564.51171875,36681.390625,1123800,36639.05078125
2024-12-10,36675.8203125,36722.87890625,36529.08984375,36713.6484375,1008700,36675.8203125
2024-12-11,36736.37109375,36797.6484375,36660.62890625,36717.16015625,867200,36736.37109375
2024-12-12,36579.30078125,36781.640625,36555.91015625,36760.05078125,1115000,36579.30078125
2024-12-13,36746.91015625,36771.51171875,35999.6796875,36529.8984375,1061500,36746.91015625
2024-12-16,36720.33984375,36829.3515625,36619.73828125,36750.6015625,854700,36720.33984375
2024-12-17,36304.87890625,36718.12109375,36277.0390625,36679.23828125,1096400,36304.87890625
2024-12-18,36061.25,36360.25,35979.25,36340.2890625,819600,36061.25
2024-12-19,35762.671875,35813.12890625,35492.05078125,35497.75,763300,35762.671875
2024-12-20,35082.25,35921.69921875,35025.80859375,35844.21875,939100,35082.25
2024-12-23,35231.44140625,35426.26953125,35116.96875,35281.30859375,786500,35231.44140625
2024-12-24,35222.6484375,35398.0390625,35131.5390625,35304.44140625,631200,35222.6484375
2024-12-26,35265.03125,35361.19921875,35111.80078125,35289.3515625,664800,35265.03125
2024-12-27,35291.421875,35461.578125,35273.71875,35329.30859375,648700,35291.421875
2024-12-30,35178.37109375,35412.19140625,35025.01953125,35295.62109375,952300,35178.37109375
2024-12-31,35189.03125,35250.01953125,34854.3203125,35058.51171875,984200,35189.03125
2025-01-02,35878.66015625,35896.328125,35357.1796875,35431.05859375,823200,35878.66015625
2025-01-03,35702.0703125,35956.421875,35667.46875,35956.421875,973400,35702.0703125
2025-01-06,34951.0703125,35791.08984375,34862.05078125,35758.0390625,1366500,34951.0703125
2025-01-07,35135.640625,35281.23046875,34974.01171875,34974.01171875,926100,35135.640625
2025-01-08,34958.8515625,35198.2109375,34707.109375,35198.171875,888500,34958.8515625
2025-01-09,34678.19921875,34979.5,34652.80859375,34979.5,715700,34678.19921875
2025-01-10,34287.66015625,34718.55078125,34194.6484375,34684.80859375,1110100,34287.66015625
2025-01-13,33413.4609375,34025.30859375,33344.62890625,33931.6484375,1478700,33413.4609375
2025-01-14,33776.55078125,33854.26171875,33435.41015625,33435.41015625,1420000,33776.55078125
2025-01-15,33877.55078125,34004.21875,33720.94140625,33979.140625,1025500,33877.55078125
2025-01-16,34136.78125,34226.8203125,34095.05078125,34190.44140625,976200,34136.78125
2025-01-17,34083.33984375,34177.2890625,33908.51171875,34177.2890625,892900,34083.33984375
2025-01-20,34279.0703125,34344.859375,34000.71875,34249.48046875,1105700,34279.0703125
2025-01-21,33693.46875,34384.1484375,33664.1796875,34384.1484375,1030000,33693.46875
2025-01-22,33650.8203125,33802.01171875,33318.55859375,33798.01953125,979000,33650.8203125
2025-01-23,33870.03125,33960.73046875,33573.7890625,33659.08984375,831100,33870.03125
2025-01-24,33525.19140625,33983.2109375,33472.30859375,33882.87109375,850900,33525.19140625
2025-01-27,32903.26953125,33293.62890625,32832.921875,33293.62890625,1333000,32903.26953125
2025-01-28,32930.8515625,33202.3203125,32677.75,33003.05078125,1331900,32930.8515625
2025-01-29,33434.58984375,33455.16015625,33018.2890625,33020.3984375,885900,33434.58984375
2025-01-30,33520.73046875,33679.01171875,33384.25,33538.171875,929000,33520.73046875
2025-01-31,33962.66015625,34005.30078125,33542.2109375,33595.48046875,1160100,33962.66015625
2025-02-03,33685.0390625,33765.578125,33505.7109375,33765.4296875,1116200,33685.0390625
2025-02-04,34197.5703125,34216.9609375,33796.16015625,33917.7109375,886900,34197.5703125
2025-02-05,34267.23046875,34405.58984375,34235.8984375,34311.37109375,907000,34267.23046875
2025-02-06,34100.23046875,34403.58984375,34020.16015625,34399.078125,653400,34100.23046875
2025-02-07,34049.01953125,34233.05859375,33861.8515625,34125.828125,805900,34049.01953125
2025-02-10,33615.46875,34059.37890625,33518.44140625,34051.69921875,737000,33615.46875
2025-02-11,32969.921875,33610.3984375,32834.98046875,33608.76953125,902200,32969.921875
2025-02-12,32902.921875,33036.5703125,32342.8203125,32933.23828125,1265000,32902.921875
2025-02-13,32894.16015625,33226.66015625,32845.328125,32933.51171875,805900,32894.16015625
2025-02-14,32465.880859375,33026.98828125,32233.330078125,33014.609375,1018000,32465.880859375
2025-02-17,32504.98046875,32524.169921875,32018.359375,32303.3203125,967100,32504.98046875
2025-02-18,32433.140625,32552.509765625,32219.48046875,32552.509765625,909700,32433.140625
2025-02-19,32607.76953125,32723.66015625,32210.880859375,32333.0703125,832400,32607.76953125
2025-02-20,32757.5703125,32772.48828125,32461.25,32516.0703125,797100,32757.5703125
2025-02-21,32535.939453125,32869.0,32430.41015625,32740.990234375,900000,32535.939453125
2025-02-24,32193.810546875,32340.349609375,32144.0390625,32340.349609375,601700,32193.810546875
2025-02-25,32122.7109375,32322.630859375,32077.990234375,32214.73046875,715600,32122.7109375
2025-02-27,31964.7890625,32205.890625,31918.2109375,32197.810546875,674100,31964.7890625
2025-02-28,31296.849609375,31780.900390625,31197.560546875,31767.119140625,1151000,31296.849609375
2025-03-03,31335.9609375,31490.08984375,30967.740234375,31368.640625,1523000,31335.9609375
2025-03-04,31369.650390625,31422.990234375,31006.01953125,31147.05078125,944200,31369.650390625
2025-03-05,31906.5703125,31917.849609375,31354.5703125,31383.630859375,1121700,31906.5703125
2025-03-06,32200.419921875,32235.259765625,31923.900390625,32200.01953125,1119900,32200.419921875
2025-03-07,32198.9296875,32363.509765625,32105.869140625,32233.029296875,1016700,32198.9296875
2025-03-10,31922.7890625,32355.05078125,31868.029296875,32290.5703125,986600,31922.7890625
2025-03-11,31991.599609375,32039.1796875,31632.720703125,31695.599609375,961700,31991.599609375
2025-03-12,31919.619140625,32131.859375,31688.009765625,32077.08984375,912900,31919.619140625
2025-03-13,31785.900390625,32080.23046875,31762.44921875,32080.23046875,747500,31785.900390625
2025-03-17,31966.2109375,32070.630859375,31811.779296875,31823.599609375,786600,31966.2109375
2025-03-18,32543.4296875,32567.939453125,32102.689453125,32163.58984375,1078300,32543.4296875
2025-03-19,32852.8203125,32898.8203125,32548.109375,32655.109375,1282200,32852.8203125
2025-03-20,33171.19140625,33211.8515625,32877.7109375,33085.25,992100,33171.19140625
2025-03-21,33487.78125,33524.828125,33117.80078125,33178.4296875,1300700,33487.78125
2025-03-24,33913.4609375,33996.12890625,33606.41015625,33745.87890625,1296600,33913.4609375
2025-03-25,33761.03125,34122.5,33672.80859375,34110.19921875,1337100,33761.03125
2025-03-26,33495.53125,33890.19921875,33472.23828125,33802.44140625,1223000,33495.53125
2025-03-27,33711.609375,33753.9609375,33378.73828125,33396.328125,1762700,33711.609375
2025-03-28,33579.21875,33852.71875,33491.390625,33760.078125,1439200,33579.21875
2025-04-01,33153.98828125,33671.4609375,33111.21875,33445.859375,939100,33153.98828125
2025-04-02,33459.6484375,33481.80078125,33063.55078125,33217.98828125,905900,33459.6484375
2025-04-03,33420.859375,33445.25,33148.71875,33150.03125,1137800,33420.859375
2025-04-04,32739.880859375,33370.80078125,32635.33984375,33354.4296875,1215500,32739.880859375
2025-04-07,31664.359375,31784.330078125,30571.609375,30571.619140625,1855800,31664.359375
2025-04-08,32233.69921875,32400.3203125,31845.310546875,32141.689453125,1068600,32233.69921875
2025-04-09,32044.580078125,32176.439453125,31885.939453125,32176.439453125,810500,32044.580078125
2025-04-11,32666.109375,32762.859375,32485.689453125,32617.869140625,1186200,32666.109375
2025-04-15,33482.62109375,33516.23828125,33156.48828125,33306.30078125,992400,33482.62109375
2025-04-16,33670.30859375,33688.01953125,33436.80859375,33573.578125,1176200,33670.30859375
2025-04-17,34109.671875,34145.8203125,33505.921875,33642.9609375,1207500,34109.671875
2025-04-21,34609.69921875,34648.98046875,34189.94140625,34281.9296875,1610100,34609.69921875
2025-04-22,34730.2890625,34842.640625,34526.23828125,34739.44921875,1562400,34730.2890625
2025-04-23,34962.78125,34999.828125,34586.890625,34948.421875,1280900,34962.78125
2025-04-24,34880.671875,35013.3515625,34844.94140625,34957.171875,1095200,34880.671875
2025-04-25,34359.01953125,35021.23828125,34081.01953125,34907.48046875,1469100,34359.01953125
2025-04-28,34765.7890625,34798.62109375,34327.73046875,34328.3984375,1154700,34765.7890625
2025-04-29,34785.55078125,35001.5390625,34741.76171875,34849.4609375,1234500,34785.55078125
2025-04-30,34640.3515625,34880.05078125,34505.3984375,34796.609375,1012500,34640.3515625
2025-05-02,34623.5,34985.8515625,34498.51171875,34646.73828125,1006000,34623.5
2025-05-05,34918.7109375,34942.73828125,34719.1796875,34719.55859375,1158400,34918.7109375
2025-05-06,34548.62890625,34987.828125,34490.1796875,34957.76171875,1504800,34548.62890625
2025-05-07,34722.19921875,34740.08984375,34072.109375,34074.109375,1165800,34722.19921875
2025-05-08,34339.69921875,34830.71875,34187.69140625,34794.4609375,1160400,34339.69921875
2025-05-09,34105.30078125,34164.7890625,33582.25,33582.25,1562100,34105.30078125
2025-05-12,35412.3984375,35431.30078125,34776.55078125,34821.8515625,1475600,35412.3984375
2025-05-13,35144.23046875,35502.421875,35095.80078125,35397.6015625,1555900,35144.23046875
2025-05-14,35374.46875,35445.25,35179.19140625,35230.390625,1479800,35374.46875
2025-05-15,35836.62890625,35872.76171875,35244.41015625,35439.23828125,1531200,35836.62890625
2025-05-16,35957.62890625,35984.76953125,35791.4296875,35867.30859375,1866000,35957.62890625
2025-05-19,35953.26953125,36108.78125,35901.53125,36031.4609375,1518800,35953.26953125
2025-05-20,35513.5703125,36083.76171875,35489.21875,36041.66015625,1321400,35513.5703125
2025-05-21,35742.33984375,35868.80078125,35508.55078125,35570.76953125,1375300,35742.33984375
2025-05-22,35542.53125,35659.16015625,35338.05859375,35659.16015625,1300200,35542.53125
2025-05-23,35813.4296875,35860.2890625,35518.671875,35550.8203125,1453000,35813.4296875
2025-05-26,36008.30078125,36108.48828125,35906.73046875,35927.0703125,1247700,36008.30078125
2025-05-27,35874.96875,36098.55078125,35728.48828125,35996.2109375,1201700,35874.96875
2025-05-28,35804.7109375,35950.41015625,35788.78125,35885.05859375,1749600,35804.7109375
2025-05-29,35933.41015625,35994.671875,35770.921875,35934.078125,1506400,35933.41015625
2025-05-30,35815.16015625,35998.26171875,35758.6796875,35920.96875,2506400,35815.16015625
2025-06-02,35857.8984375,35892.328125,35594.859375,35758.421875,1904000,35857.8984375
2025-06-03,35647.66015625,36016.75,35617.859375,35943.30078125,7045700,35647.66015625
2025-06-04,35791.48828125,35817.73828125,35587.4296875,35698.8203125,1925300,35791.48828125
2025-06-05,35984.21875,36125.03125,35824.109375,35895.41015625,1329000,35984.21875
2025-06-06,36338.96875,36359.37109375,35905.26171875,36028.19140625,1836200,36338.96875
2025-06-09,36596.55859375,36602.4609375,36482.8515625,36511.76953125,1529000,36596.55859375
2025-06-10,36608.828125,36729.80859375,36536.51171875,36717.8203125,1555100,36608.828125
2025-06-11,36606.01953125,36741.37890625,36510.19140625,36666.7890625,1583600,36606.01953125
2025-06-12,36153.5,36664.51171875,36108.16015625,36658.91015625,1087400,36153.5
2025-06-13,35946.69140625,35980.98828125,35518.4609375,35544.55078125,1181900,35946.69140625
2025-06-16,36241.28125,36260.0390625,35766.328125,35883.26953125,1046800,36241.28125
2025-06-17,36071.37109375,36292.16015625,36037.46875,36287.4296875,1012300,36071.37109375
2025-06-18,35982.578125,36206.51953125,35899.171875,36007.7890625,775800,35982.578125
2025-06-19,35733.890625,36062.9609375,35671.859375,35974.58984375,810200,35733.890625
2025-06-20,36157.55859375,36191.5,35732.53125,35743.12890625,753100,36157.55859375
2025-06-23,36088.23046875,36177.48046875,35821.9296875,35822.578125,1378800,36088.23046875
2025-06-24,36254.8984375,36559.62890625,36201.0390625,36377.94921875,2150300,36254.8984375
2025-06-25,36545.01953125,36554.078125,36383.33984375,36418.23046875,1161500,36545.01953125
2025-06-26,36895.94921875,36915.80078125,36592.890625,36629.05078125,1204500,36895.94921875
2025-06-27,37060.9296875,37083.96875,36928.109375,36947.0390625,1285800,37060.9296875
2025-06-30,37043.16015625,37136.76953125,36959.73046875,37124.76953125,878500,37043.16015625
2025-07-01,37042.94921875,37138.8515625,36958.51953125,37107.1484375,1161300,37042.94921875
2025-07-02,36936.0,37125.58984375,36813.62890625,37084.80859375,1374200,36936.0
2025-07-03,36890.96875,37096.33984375,36874.078125,36999.55078125,1655400,36890.96875
2025-07-04,36967.25,36981.80078125,36797.9609375,36933.421875,905500,36967.25
2025-07-07,36948.19921875,37015.87890625,36886.01171875,36958.48828125,671300,36948.19921875
2025-07-08,36999.01953125,37030.171875,36841.98828125,36948.55859375,1280200,36999.01953125
2025-07-09,36963.7890625,37054.69921875,36903.8203125,36986.8984375,1069300,36963.7890625
2025-07-10,36838.75,37040.5703125,36800.1484375,37017.62890625,797600,36838.75
2025-07-11,36545.578125,36818.25,36510.8984375,36749.12890625,850400,36545.578125
2025-07-14,36582.53125,36613.66015625,36427.37890625,36567.87109375,1888500,36582.53125
2025-07-15,36799.23046875,36826.46875,36605.078125,36605.62890625,1657600,36799.23046875
2025-07-16,36827.23828125,36877.0390625,36728.3984375,36799.2109375,1344000,36827.23828125
2025-07-17,36752.94921875,36892.328125,36740.91015625,36885.078125,1333400,36752.94921875
2025-07-18,36532.5390625,36802.62109375,36484.55859375,36773.33984375,2351600,36532.5390625
2025-07-21,36688.19921875,36712.2109375,36390.078125,36576.46875,973300,36688.19921875
2025-07-22,36600.0703125,36796.26953125,36576.171875,36785.26171875,1106000,36600.0703125
2025-07-23,36765.359375,36778.7109375,36567.921875,36690.98046875,1736200,36765.359375
2025-07-24,36563.2109375,36789.96875,36501.3203125,36785.80078125,1245300,36563.2109375
2025-07-25,36129.890625,36511.6796875,36108.3515625,36511.6796875,1277200,36129.890625
2025-07-28,35869.96875,36255.12109375,35832.05859375,36071.48046875,898000,35869.96875
2025-07-29,36126.51953125,36152.62890625,35770.30078125,35787.66015625,963800,36126.51953125
2025-07-30,36167.1484375,36217.05078125,36055.91015625,36208.4296875,856200,36167.1484375
2025-07-31,35981.73828125,36222.26171875,35722.140625,35722.19921875,1213300,35981.73828125
2025-08-01,35598.0703125,35972.7109375,35562.0390625,35944.30078125,1261700,35598.0703125
2025-08-04,35889.7890625,35909.30859375,35570.03125,35670.51953125,974200,35889.7890625
2025-08-05,35792.76171875,35917.6796875,35698.05078125,35901.41015625,1221000,35792.76171875
2025-08-06,35587.671875,35823.76953125,35535.91015625,35800.05078125,838600,35587.671875
2025-08-07,35634.05859375,35680.26953125,35211.3984375,35444.87109375,1138900,35634.05859375
2025-08-08,35228.640625,35617.1484375,35197.3984375,35617.1484375,901600,35228.640625
2025-08-11,35539.328125,35560.359375,35178.2890625,35251.08984375,758000,35539.328125
2025-08-12,35437.05859375,35689.0,35421.53125,35549.01953125,888900,35437.05859375
2025-08-13,35631.91015625,35683.9609375,35521.2890625,35561.0703125,1098200,35631.91015625
2025-08-14,35604.48828125,35717.5,35565.3515625,35696.2109375,1025600,35604.48828125
2025-08-18,36001.359375,36167.1796875,35951.08984375,35951.26171875,1236500,36001.359375
2025-08-19,36211.328125,36233.7890625,35968.98046875,36048.48046875,1540800,36211.328125
2025-08-20,36323.55859375,36367.16015625,36145.98046875,36229.5,1617500,36323.55859375
2025-08-21,36328.7109375,36462.0390625,36311.640625,36445.7109375,2290300,36328.7109375
2025-08-22,36089.640625,36342.19921875,36080.5703125,36342.1796875,1077500,36089.640625
2025-08-25,36194.33984375,36273.2109375,36149.26953125,36199.6015625,1155400,36194.33984375
2025-08-26,35755.98828125,36126.7890625,35723.3203125,36106.12890625,1530000,35755.98828125
2025-08-28,35409.71875,35729.0703125,35392.48828125,35713.2109375,1518400,35409.71875
2025-08-29,35287.7109375,35541.28125,35262.1015625,35407.62109375,1795300,35287.7109375
2025-09-01,35679.51953125,35690.21875,35338.30859375,35341.62109375,1702600,35679.51953125
2025-09-02,35693.62109375,35899.16015625,35627.19140625,35752.578125,1680600,35693.62109375
2025-09-03,35905.1484375,35929.03125,35676.51171875,35750.5703125,2097200,35905.1484375
2025-09-04,35845.4609375,36308.51953125,35804.01171875,36305.25,1731200,35845.4609375
2025-09-05,35842.33984375,35984.12890625,35676.9609375,35964.1015625,1399500,35842.33984375
2025-09-08,35916.19140625,36069.0,35856.46875,35921.7890625,1103800,35916.19140625
2025-09-09,36032.5,36054.9609375,35949.8515625,36019.640625,735600,36032.5
2025-09-10,36235.4609375,36299.8984375,36163.55859375,36180.87109375,1165700,36235.4609375
2025-09-11,36287.91015625,36318.76953125,36207.140625,36207.33984375,1502900,36287.91015625
2025-09-12,36418.62109375,36452.6015625,36334.76953125,36385.26953125,1006200,36418.62109375
2025-09-15,36452.98046875,36500.5,36409.3515625,36455.48828125,1089300,36452.98046875
2025-09-16,36697.390625,36722.08984375,36469.171875,36499.23046875,1085600,36697.390625
2025-09-17,36813.12890625,36849.390625,36741.21875,36774.94921875,1185800,36813.12890625
2025-09-18,36930.41015625,36961.73828125,36798.0,36937.9609375,1282900,36930.41015625
2025-09-19,36878.83984375,36958.48046875,36817.23828125,36954.55859375,1282600,36878.83984375
2025-09-22,36707.87109375,36926.23828125,36637.33984375,36703.8515625,1281700,36707.87109375
2025-09-23,36631.8984375,36787.5703125,36516.3515625,36737.23046875,2249200,36631.8984375
2025-09-24,36398.48046875,36613.44140625,36381.55859375,36580.0,1849500,36398.48046875
2025-09-25,36156.0703125,36489.01953125,36138.01171875,36370.23046875,1817100,36156.0703125
2025-09-26,35673.23828125,36110.76171875,35644.19140625,36074.80859375,2449400,35673.23828125
2025-09-29,35717.078125,35904.7890625,35613.25,35747.5703125,1560500,35717.078125
2025-09-30,35714.1015625,35855.0390625,35615.578125,35801.37109375,1452000,35714.1015625
2025-10-01,36014.3203125,36035.44921875,35693.0390625,35697.01953125,1772700,36014.3203125
2025-10-03,36164.94140625,36179.76953125,35934.05859375,35976.4296875,1875400,36164.94140625
2025-10-06,36376.26171875,36386.66015625,36132.46875,36167.33984375,1988700,36376.26171875
2025-10-07,36437.078125,36539.0703125,36385.6796875,36416.578125,2702500,36437.078125
2025-10-08,36278.0,36519.3203125,36256.98828125,36446.6015625,2249000,36278.0
2025-10-09,36486.6484375,36508.75,36276.421875,36337.6015625,1725700,36486.6484375
2025-10-10,36630.26953125,36687.23046875,36460.44140625,36473.01953125,2223500,36630.26953125
2025-10-13,36560.05078125,36590.37109375,36417.66015625,36450.19140625,2118300,36560.05078125
2025-10-14,36381.71875,36676.69921875,36294.078125,36616.41015625,1752900,36381.71875
2025-10-15,36693.62109375,36724.98828125,36433.8203125,36453.26953125,1457400,36693.62109375
2025-10-16,36984.53125,37026.26953125,36769.05078125,36779.73828125,2677700,36984.53125
2025-10-17,37039.140625,37165.75,36911.3515625,36952.6015625,1617300,37039.140625
2025-10-20,37223.3984375,37298.0703125,37135.5,37166.359375,1677600,37223.3984375
2025-10-21,37286.12890625,37382.78125,37236.640625,37299.37109375,639600,37286.12890625
2025-10-23,37285.19140625,37550.6796875,37240.26953125,37492.94921875,2681700,37285.19140625
2025-10-24,37171.91015625,37353.4609375,37074.6796875,37337.1484375,1764400,37171.91015625
2025-10-27,37421.12109375,37444.6796875,37229.671875,37229.671875,3431800,37421.12109375
2025-10-28,37380.76171875,37519.30859375,37234.0703125,37402.94921875,2427000,37380.76171875
2025-10-29,37598.6484375,37625.73046875,37394.23828125,37411.23046875,2203200,37598.6484375
2025-10-30,37420.19140625,37583.73828125,37363.76953125,37569.44921875,3300300,37420.19140625
2025-10-31,37214.0390625,37536.2109375,37195.078125,37416.26171875,2241700,37214.0390625
2025-11-03,37361.9609375,37404.01953125,37182.359375,37218.48046875,360300,37361.9609375
2025-11-04,37147.33984375,37386.078125,37129.66015625,37373.53125,2267900,37147.33984375
2025-11-06,36900.23828125,37216.4609375,36878.96875,37153.4296875,1895200,36900.23828125
2025-11-07,36900.76171875,36973.0703125,36555.4609375,36811.62890625,2136900,36900.76171875
2025-11-10,37024.12109375,37116.55859375,36911.1015625,36911.140625,1360100,37024.12109375
2025-11-11,37157.16015625,37172.328125,36835.2109375,37096.25,2748600,37157.16015625
2025-11-12,37385.62890625,37443.8984375,37276.6015625,37289.30859375,1932300,37385.62890625
2025-11-13,37354.828125,37538.83984375,37321.96875,37434.1796875,2081900,37354.828125
2025-11-14,37369.12890625,37412.83984375,37197.30859375,37245.3515625,2538000,37369.12890625
2025-11-17,37570.78125,37583.2109375,37426.62109375,37440.94921875,1643800,37570.78125
2025-11-18,37360.859375,37606.26171875,37330.48828125,37602.51171875,1823300,37360.859375
2025-11-19,37485.8203125,37511.8203125,37277.55859375,37348.46875,1379700,37485.8203125
2025-11-20,37596.7109375,37679.5703125,37501.44921875,37610.05078125,1789200,37596.7109375
2025-11-21,37312.98828125,37535.328125,37299.0703125,37502.71875,1998400,37312.98828125
2025-11-24,37140.828125,37383.390625,37087.58984375,37336.76171875,1380500,37140.828125
2025-11-25,37102.421875,37245.08984375,37079.94921875,37172.80078125,1357100,37102.421875
2025-11-26,37569.640625,37583.21875,37107.8515625,37115.01171875,1276100,37569.640625
2025-11-27,37554.390625,37685.2890625,37451.51171875,37638.73828125,1856400,37554.390625
2025-11-28,37535.83984375,37609.19921875,37506.578125,37574.87109375,1402000,37535.83984375
2025-12-01,37524.58984375,37691.421875,37449.44140625,37660.671875,1307500,37524.58984375
2025-12-02,37370.6484375,37532.96875,37316.2109375,37450.26171875,1708100,37370.6484375
2025-12-03,37210.19921875,37410.359375,37093.48046875,37376.9296875,1984300,37210.19921875
2025-12-04,37250.58984375,37374.16015625,37159.25,37188.37109375,1747900,37250.58984375
2025-12-05,37394.44140625,37415.46875,37146.55078125,37212.91015625,1581800,37394.44140625
2025-12-08,36907.62890625,37384.2109375,36815.109375,37344.62109375,1878400,36907.62890625
2025-12-09,36899.80859375,36958.23828125,36510.91015625,36776.609375,2156700,36899.80859375
2025-12-10,36743.25,37083.69921875,36712.8203125,36902.21875,1317800,36743.25
2025-12-11,36963.1015625,36980.71875,36650.55859375,36766.44140625,2391100,36963.1015625
2025-12-12,37228.8203125,37250.12890625,37055.609375,37060.78125,2400800,37228.8203125
2025-12-15,37232.37890625,37248.3984375,37029.2109375,37118.828125,1755500,37232.37890625
2025-12-16,36986.1015625,37164.890625,36946.62890625,37162.91015625,1353300,36986.1015625
2025-12-17,36870.69921875,37087.1015625,36803.01953125,37024.3515625,1482000,36870.69921875
2025-12-18,36853.5,36952.5703125,36662.640625,36859.76953125,1651600,36853.5
2025-12-19,37143.9609375,37156.2109375,36928.55859375,36928.66015625,2321100,37143.9609375
2025-12-22,37430.94140625,37447.55078125,37228.30859375,37240.921875,1818700,37430.94140625
2025-12-23,37471.83984375,37525.5390625,37366.0703125,37492.23828125,2148600,37471.83984375
2025-12-24,37408.0703125,37575.078125,37384.19140625,37490.859375,1677600,37408.0703125
2025-12-26,37294.671875,37460.8515625,37256.1796875,37358.328125,1720200,37294.671875
2025-12-29,37140.23046875,37368.98828125,37108.7109375,37301.8515625,2335800,37140.23046875
2025-12-30,37135.828125,37187.3515625,37020.94140625,37097.48046875,1727100,37135.828125
2025-12-31,37443.41015625,37520.21875,37182.51953125,37184.73828125,4373400,37443.41015625
2026-01-02,37799.5703125,37815.41015625,37495.25,37539.53125,2969100,37799.5703125
2026-01-05,37730.94921875,37874.4609375,37646.1796875,37789.921875,2761300,37730.94921875
2026-01-06,37657.69921875,37777.16015625,37553.76171875,37723.23828125,2206100,37657.69921875
2026-01-07,37669.62890625,37718.3515625,37552.46875,37555.4609375,2069200,37669.62890625
2026-01-08,37137.328125,37656.05859375,37100.7890625,37613.53125,2428200,37137.328125
2026-01-09,36807.62109375,37234.828125,36714.80859375,37058.30078125,3774300,36807.62109375
2026-01-12,36864.26953125,36899.98828125,36379.671875,36744.75,2824800,36864.26953125
2026-01-13,36806.2109375,37042.9609375,36588.62890625,36954.421875,2251100,36806.2109375
2026-01-14,36805.05859375,36938.37109375,36684.62109375,36711.66015625,2039500,36805.05859375
2026-01-16,36829.9296875,37092.58984375,36787.0703125,36863.78125,2373600,36829.9296875
2026-01-19,36650.96875,36760.44921875,36581.76953125,36749.359375,2240500,36650.96875
2026-01-20,35984.6484375,36639.859375,35913.171875,36628.171875,2789600,35984.6484375
2026-01-21,35815.26171875,36052.28125,35438.26953125,35819.87890625,2597500,35815.26171875
2026-01-22,36088.66015625,36298.05078125,35899.62109375,36041.01953125,1712100,36088.66015625
2026-01-23,35609.8984375,36180.51953125,35572.03125,36141.4609375,1908700,35609.8984375
2026-01-27,35786.83984375,35880.5390625,35385.48046875,35637.55859375,2205000,35786.83984375
2026-01-28,36188.16015625,36217.5703125,35836.7109375,35837.96875,2345100,36188.16015625
2026-01-29,36266.58984375,36305.140625,35937.0703125,36236.328125,2481600,36266.58984375
2026-01-30,36185.03125,36225.01953125,35933.44921875,36040.25,3269200,36185.03125
2026-02-02,35814.08984375,35858.16015625,35150.44921875,35426.328125,1842000,35814.08984375
2026-02-03,36755.9609375,37473.62890625,36624.7890625,37250.12109375,2692100,36755.9609375
2026-02-04,36890.2109375,36931.6015625,36498.4296875,36659.87890625,3100600,36890.2109375
2026-02-05,36695.109375,36851.5703125,36588.87109375,36845.78125,2003600,36695.109375
2026-02-06,36730.19921875,36751.078125,36388.83984375,36624.80078125,1738300,36730.19921875
2026-02-09,37113.23046875,37126.890625,36889.078125,36951.4609375,2265800,37113.23046875
2026-02-10,37207.33984375,37278.359375,37117.33984375,37208.19140625,2050400,37207.33984375
2026-02-11,37256.71875,37303.9296875,37143.44140625,37272.2890625,2124100,37256.71875
2026-02-12,37049.3984375,37204.7890625,36951.4296875,37199.6796875,1863800,37049.3984375
2026-02-13,36532.48046875,36748.98046875,36484.73046875,36724.30078125,1709400,36532.48046875
2026-02-16,36787.890625,36810.21875,36340.37109375,36426.51171875,1589400,36787.890625
2026-02-17,36904.37890625,36936.37109375,36680.71875,36746.75,1556800,36904.37890625
2026-02-18,37062.3515625,37081.5390625,36824.7109375,36933.53125,1719400,37062.3515625
2026-02-19,36523.87890625,37148.23828125,36434.609375,37142.0703125,1385900,36523.87890625
2026-02-20,36674.3203125,36787.87890625,36408.359375,36456.94140625,1499100,36674.3203125
2026-02-23,36817.859375,36946.390625,36682.69140625,36756.1796875,1858800,36817.859375
2026-02-24,36530.08984375,36710.28125,36318.26953125,36704.62109375,1574500,36530.08984375
2026-02-25,36679.75,36835.5,36565.41015625,36629.390625,1885600,36679.75
2026-02-26,36748.48828125,36837.671875,36587.48828125,36740.96875,2833300,36748.48828125
2026-02-27,36322.55859375,36723.2890625,36273.1484375,36716.12109375,1889000,36322.55859375
2026-03-02,35812.01953125,36038.1796875,34697.30078125,34697.30078125,3048800,35812.01953125
2026-03-04,35125.640625,35298.609375,34944.69921875,35119.26171875,2669200,35125.640625
2026-03-05,35579.03125,35672.78125,35215.3203125,35287.66015625,1917300,35579.03125
2026-03-06,35232.05078125,35576.3984375,35198.96875,35464.12109375,1632900,35232.05078125
2026-03-09,34557.390625,34607.51171875,34083.359375,34515.94140625,1738400,34557.390625
2026-03-10,35005.19921875,35065.25,34697.98046875,34920.69140625,1542100,35005.19921875
2026-03-11,34529.78125,35153.71875,34487.08984375,35046.37890625,1538400,34529.78125
2026-03-12,34300.48828125,34554.78125,34003.98046875,34341.1796875,1898700,34300.48828125
2026-03-13,33516.4296875,34116.859375,33454.69140625,34093.37109375,2059900,33516.4296875
2026-03-16,33673.109375,33815.23828125,33076.55078125,33420.8203125,1918700,33673.109375
2026-03-17,33940.1796875,34032.96875,33599.8984375,33799.53125,1691200,33940.1796875
2026-03-18,34329.12890625,34443.51953125,34006.8203125,34053.98046875,1678000,34329.12890625
2026-03-19,33255.16015625,33766.94140625,33145.03125,33659.890625,2048800,33255.16015625
2026-03-20,33423.609375,33775.859375,33372.0,33451.94140625,2017400,33423.609375
2026-03-23,32377.869140625,33074.4296875,32306.130859375,33072.73828125,2279000,32377.869140625
2026-03-24,33009.5703125,33188.1015625,32506.51953125,33067.30078125,2070200,33009.5703125
2026-03-25,33645.890625,33859.37109375,33275.5,33294.5,2282100,33645.890625
2026-03-27,32935.19140625,33471.0390625,32917.26171875,33465.08984375,2550200,32935.19140625
2026-03-30,32182.380859375,32741.390625,32121.509765625,32490.0703125,3093600,32182.380859375
2026-04-01,32814.96875,33149.421875,32710.869140625,33012.26953125,1980600,32814.96875
2026-04-02,32839.6484375,32920.03125,31965.509765625,32444.2890625,2043400,32839.6484375
2026-04-06,33229.9296875,33265.91015625,32605.900390625,32914.7890625,1986800,33229.9296875
2026-04-07,33395.05078125,33418.55859375,32870.98828125,33105.87890625,1572700,33395.05078125
2026-04-08,34690.58984375,34722.94921875,34422.859375,34583.58984375,2976300,34690.58984375
2026-04-09,34521.98828125,34765.66015625,34379.58984375,34646.890625,2299500,34521.98828125
2026-04-10,35004.9609375,35027.91015625,34663.05859375,34745.44921875,2444300,35004.9609375
2026-04-13,34738.75,34838.71875,34174.75,34290.51171875,2089200,34738.75
2026-04-15,35394.87109375,35439.2109375,35241.6484375,35271.5703125,2311000,35394.87109375
2026-04-16,35485.91015625,35703.9609375,35290.87890625,35668.0390625,2331700,35485.91015625
2026-04-17,35820.1484375,35836.640625,35420.0,35540.3203125,2198700,35820.1484375
2026-04-20,35814.6796875,36012.44921875,35583.94140625,35896.6796875,1994900,35814.6796875
2026-04-21,36091.30078125,36132.12890625,35853.921875,35899.62890625,1743400,36091.30078125
2026-04-22,36009.58984375,36103.890625,35909.55078125,36024.94140625,2019500,36009.58984375
2026-04-23,35729.7109375,35959.1796875,35697.91015625,35860.73046875,1732400,35729.7109375
2026-04-24,35349.66015625,35807.37109375,35201.7109375,35725.62109375,1733800,35349.66015625
2026-04-27,35751.08984375,35797.69921875,35473.26171875,35504.0390625,1933400,35751.08984375
2026-04-28,35650.26953125,35868.87890625,35603.44921875,35749.80859375,1914800,35650.26953125
2026-04-29,35811.6015625,36058.08984375,35743.1484375,35838.80859375,2146400,35811.6015625
2026-04-30,35515.94921875,35653.53125,35237.9609375,35653.53125,2016400,35515.94921875
2026-05-04,35741.671875,35936.5,35559.9609375,35710.19140625,2759100,35741.671875
2026-05-05,35711.23046875,35752.05078125,35494.19140625,35712.98828125,2178400,35711.23046875
2026-05-06,36211.890625,36235.33984375,35767.23828125,35981.6015625,2772300,36211.890625
2026-05-07,36333.7890625,36476.08984375,36226.859375,36400.83984375,2313800,36333.7890625
2026-05-08,36187.2890625,36302.671875,36132.48828125,36302.671875,1930900,36187.2890625
2026-05-11,35679.5390625,35958.890625,35651.0390625,35952.08984375,3242600,35679.5390625
2026-05-12,34899.08984375,35627.5703125,34855.609375,35557.26953125,2342100,34899.08984375
2026-05-13,35010.26171875,35250.75,34749.921875,34854.328125,2467100,35010.26171875
2026-05-14,35364.44140625,35457.44921875,34936.76953125,35213.33984375,2328400,35364.44140625
2026-05-15,35236.5,35520.01171875,35194.98828125,35447.390625,2314500,35236.5
2026-05-18,35114.859375,35165.140625,34630.23828125,35037.08984375,2161800,35114.859375
2026-05-19,35201.48046875,35397.08984375,35159.21875,35174.80859375,2479600,35201.48046875
2026-05-20,35299.19921875,35323.44921875,34887.73828125,35030.2109375,2223000,35299.19921875
2026-05-21,35340.30859375,35615.30859375,35272.359375,35539.28125,1976700,35340.30859375
2026-05-22,35413.94140625,35534.80859375,35350.16015625,35427.7890625,1966800,35413.94140625
2026-05-25,35849.1015625,35880.87109375,35725.30078125,35732.0703125,2069200,35849.1015625
2026-05-26,35787.98828125,35975.87109375,35726.94140625,35823.33984375,2038200,35787.98828125
2026-05-27,35899.16015625,35953.19140625,35768.75,35775.80078125,3562200,35899.16015625
2026-05-29,35417.640625,36072.3515625,35331.8515625,36001.01953125,3273000,35417.640625
2026-06-01,35077.62109375,35657.3515625,35045.5,35596.30859375,2162900,35077.62109375
2026-06-02,35227.640625,35285.078125,34794.19921875,34913.4296875,1862700,35227.640625
2026-06-03,35107.328125,35212.3203125,34727.390625,35212.3203125,2529600,35107.328125
2026-06-04,35175.609375,35276.51953125,34919.05078125,34989.05078125,2101100,35175.609375
2026-06-05,35141.94921875,35358.1796875,35013.26171875,35293.5703125,2200400,35141.94921875
2026-06-08,34673.8984375,34957.828125,34592.96875,34755.78125,2181900,34673.8984375
2026-06-09,34979.26171875,35009.48828125,34768.9609375,34894.3515625,1990100,34979.26171875
2026-06-10,34766.58984375,35116.8515625,34722.5703125,35007.73046875,1719800,34766.58984375
2026-06-11,34580.94921875,34806.0390625,34509.76171875,34618.08984375,1788200,34580.94921875
2026-06-12,35342.5,35371.26171875,34870.37109375,35010.76953125,2386300,35342.5
2026-06-15,35764.671875,35965.66015625,35715.55078125,35916.69921875,2351600,35764.671875
2026-06-16,35939.94140625,35956.98828125,35799.0703125,35905.9296875,2115300,35939.94140625
2026-06-17,36125.8203125,36143.33984375,35941.16015625,36067.62890625,2477800,36125.8203125
2026-06-18,36284.69140625,36305.66015625,36096.73828125,36180.25,1995500,36284.69140625
2026-06-19,36174.5390625,36216.28125,35986.62890625,36120.05859375,2033900,36174.5390625
2026-06-22,36342.26171875,36382.921875,36280.94921875,36323.609375,1884600,36342.26171875
2026-06-23,35959.96875,36414.87890625,35916.62890625,36375.30859375,1956200,35959.96875
2026-06-24,36151.6796875,36238.62109375,35858.4296875,35972.25,3190900,36151.6796875
2026-06-25,36133.3203125,36409.2890625,36105.62890625,36315.73046875,2496400,36133.3203125
2026-06-29,35960.98046875,36186.1015625,35872.828125,36138.9296875,1896300,35960.98046875
2026-06-30,35958.7109375,36088.171875,35847.19921875,36062.37109375,1935000,35958.7109375
2026-07-01,36119.01171875,36168.73046875,36007.2890625,36008.73828125,2271100,36119.01171875
2026-07-02,36376.01953125,36393.08984375,36216.71875,36237.8984375,2094000,36376.01953125
2026-07-03,36431.44921875,36617.8515625,36410.171875,36617.01171875,1766000,36431.44921875
2026-07-06,36640.890625,36660.328125,36480.71875,36500.8515625,1653600,36640.890625
2026-07-07,36542.3515625,36724.44140625,36486.33984375,36715.19921875,2028300,36542.3515625
2026-07-08,35821.44140625,36446.48828125,35693.12890625,36379.01171875,2067700,35821.44140625
2026-07-09,36086.55078125,36222.08984375,35884.05859375,35884.05859375,1665600,36086.55078125
2026-07-10,36506.1015625,36520.078125,36344.2109375,36354.8515625,2060100,36506.1015625
2026-07-13,36508.75,36555.44921875,36176.359375,36267.3203125,1768400,36508.75
2026-07-14,36265.5703125,36400.6015625,36223.3203125,36378.48828125,2076900,36265.5703125
2026-07-15,36378.33984375,36542.7109375,36295.91015625,36366.12109375,1589000,36378.33984375
2026-07-16,36331.8203125,36516.30859375,36308.390625,36496.33984375,1777800,36331.8203125
2026-07-17,36505.3984375,36536.73046875,36348.3515625,36401.94921875,1485400,36505.3984375
2026-07-20,36504.94140625,36542.921875,36340.71875,36505.3984375,1457300,36504.94140625
2026-07-21,36518.28125,36572.0703125,36419.0,36509.8203125,1491700,36518.28125
2026-07-22,36196.4296875,36514.03125,36154.359375,36513.6796875,1505800,36196.4296875
2026-07-23,35944.66015625,36198.9609375,35867.12109375,36095.3203125,1481800,35944.66015625
2026-07-24,35829.4609375,35892.66015625,35518.390625,35688.98046875,1414600,35829.4609375
2026-07-27,36207.16015625,36220.2890625,36064.96875,36075.0703125,1454400,36207.16015625
2026-07-28,36155.3203125,36242.30859375,36116.9296875,36240.9296875,1549500,36155.3203125
2026-07-29,36524.94921875,36562.80859375,36343.94921875,36383.328125,2058900,36524.94921875
2026-07-30,36541.9609375,36572.23828125,36404.5703125,36518.83984375,1712700,36541.9609375
2026-07-31,36684.828125,36762.4296875,36571.51953125,36617.69921875,1701200,36684.828125
2026-08-03,36985.171875,37067.62890625,36876.83984375,36992.6015625,1819600,36985.171875
2026-08-04,36933.46875,37225.609375,36876.6484375,37223.30078125,1415500,36933.46875
2026-08-05,37074.66015625,37235.4296875,36995.2109375,37235.4296875,1594800,37074.66015625
2026-08-06,37177.5703125,37218.87890625,37097.8984375,37198.078125,1629400,37177.5703125
2026-08-07,37099.5703125,37170.0,37032.37890625,37053.28125,1747700,37099.5703125
2026-08-10,37131.96875,37199.37109375,37036.5703125,37130.37109375,1597600,37131.96875
2026-08-11,37029.8203125,37176.80859375,36984.69921875,37176.80859375,1479700,37029.8203125
2026-08-12,36967.1484375,37092.078125,36812.5,37092.0703125,2069400,36967.1484375
2026-08-13,37024.44921875,37081.640625,36908.640625,37081.640625,1747100,37024.44921875
2026-08-14,36962.9296875,37008.30078125,36882.76171875,37004.1796875,1734500,36962.9296875
2026-08-17,36907.4609375,36967.578125,36774.2109375,36914.4296875,1365800,36907.4609375
2026-08-18,36749.23046875,36871.890625,36743.578125,36832.94921875,2203100,36749.23046875
2026-08-19,36577.1484375,36776.8984375,36549.171875,36740.76171875,1306700,36577.1484375
2026-08-20,36808.421875,36882.671875,36774.8203125,36822.83984375,1356800,36808.421875
2026-08-21,36814.21875,36897.62109375,36756.71875,36890.91015625,1455000,36814.21875
2026-08-24,36770.2109375,36919.01953125,36711.359375,36884.140625,1776500,36770.2109375
2026-08-25,36901.03125,36905.23828125,36659.2109375,36788.171875,1668100,36901.03125
2026-08-26,36890.30859375,37064.73046875,36887.53125,37035.37890625,1584500,36890.30859375
2026-08-27,36700.1796875,36993.69140625,36698.859375,36926.83984375,1802100,36700.1796875
2026-08-31,36615.94921875,36759.71875,36472.76953125,36752.6484375,1519300,36615.94921875
2026-09-01,36506.609375,36701.98046875,36378.55859375,36701.98046875,1279700,36506.609375
2026-09-02,36351.73828125,36352.3984375,36087.83984375,36328.421875,0,36351.73828125
