date,close,high,low,open,volume,adj_close,daily_return,return_zscore,sma_20,sma_50,sma_200,ema_20,ema_50,ratio_close_sma20,ratio_close_sma50,ratio_close_sma200,rsi_14,macd_line,macd_signal,macd_hist,bb_upper,bb_lower,bb_width,bb_pct_b,volatility_20d,volatility_50d,return_1d,return_5d,return_20d,lag_close_1,lag_close_2,lag_close_5,volume_sma_20,volume_ratio,target_close,target_return
2022-06-22,13047.732421875,13184.882627728932,13028.332057386498,13176.081858335476,12845000,13047.732421875,-0.0146618417768904,-1.6499173599906007,13667.2169921875,14074.16548828125,14760.350610351563,13530.474224542928,13927.997614583104,0.9546736858962135,0.9270697031905086,0.8839717135665132,20.253297829925444,-277.57915037398016,-218.036111064795,-59.54303930918516,14531.220039014186,12803.213945360812,0.12643437904300603,0.14150324898280991,0.19723230895954164,0.20262976980282552,-0.0146618417768904,-0.024893789010808076,-0.039741730498802696,13241.8828125,12950.7333984375,13380.83203125,13607745.0,0.9439477297671288,13178.7822265625,0.010043875859056639
2022-06-23,13178.7822265625,13231.882741673464,13021.23263201782,13081.882941746217,12346900,13178.7822265625,0.0100438758590566,1.0536893994404977,13640.0294921875,14031.23154296875,14752.82287109375,13496.979748544793,13898.616618974454,0.9661842911784623,0.9392462939695821,0.8933057992843269,26.633368357275728,-271.11973565885455,-228.6528359836069,-42.466899675247646,14530.518009846233,12749.540974528765,0.13056988156348304,0.24101447886270996,0.19733111415391988,0.20474448195658626,0.0100438758590566,0.006845317388829653,-0.039624610897066925,13047.732421875,13241.8828125,13089.1826171875,13384470.0,0.9224795602664878,13322.482421875,0.01090390544756592
2022-06-24,13322.482421875,13337.682597131885,13247.932715550854,13269.182687512935,11934800,13322.482421875,0.0109039054475659,1.1478045287019636,13612.497021484374,13994.387578125,14745.638881835937,13480.360955528622,13876.023121048986,0.9786949742467052,0.9519875269640042,0.9034862801560929,32.101964452986664,-251.50599361314016,-233.22346750951357,-18.282526103626594,14506.682360889281,12718.311682079468,0.13137712177179003,0.33783306053601764,0.19726985150689896,0.2063099555119509,0.0109039054475659,0.02522168122948254,-0.039691788456596155,13178.7822265625,13047.732421875,12994.7333984375,13355435.0,0.8936286987282704,13444.5322265625,0.009161190896908034
2022-06-27,13444.5322265625,13510.7821399437,13432.632828057933,13506.331950449625,12031200,13444.5322265625,0.009161190896908,0.9570950375491084,13576.9845703125,13960.5076171875,14738.832392578124,13476.948695627087,13859.101909500496,0.9902443474790699,0.963040356069162,0.91218434869594,38.007671899618074,-223.53676977190298,-231.28612796199147,7.749358190088486,14436.22077395083,12717.748366674168,0.12657246521691978,0.42292436981264936,0.1841290884858521,0.20796232550694785,0.009161190896908,0.0381290242747625,-0.05017732248158202,13322.482421875,13178.7822265625,12950.7333984375,13259055.0,0.9073949840316673,13464.232421875,0.0014652942163044802
2022-06-28,13464.232421875,13487.48239152118,13330.73259616467,13389.83212838273,12423600,13464.232421875,0.0014652942163044,0.1149143491691369,13544.217138671875,13931.27166015625,14732.23240234375,13475.737621936412,13843.616831554398,0.9940945485458513,0.9664754769216802,0.9139302214464778,39.52981124781281,-197.50460708193896,-224.529823785981,27.025216704042037,14365.472988978434,12722.961288365315,0.12127033137435801,0.4513034112527362,0.18466833851403,0.2063635098671817,0.0014652942163044,0.016791389300402804,-0.046414169816669903,13444.5322265625,13322.482421875,13241.8828125,12586740.0,0.9870387407700484,13417.83203125,-0.0034461964983324433
2022-06-29,13417.83203125,13462.0321686578,13328.18273463319,13337.632917565412,14134000,13417.83203125,-0.0034461964983324,-0.4225620233307556,13510.9646484375,13905.09568359375,14725.303662109374,13470.222803775801,13826.919388405206,0.9931068861764603,0.9649579072714574,0.9112091905972904,35.83855481129541,-178.55972893217222,-215.33580481521926,36.77607588304704,14293.321350306936,12728.607946568065,0.11581063561732505,0.4404794405381832,0.18471046346130068,0.2047451034542422,-0.0034461964983324,0.02836505205720763,-0.047223985291873105,13464.232421875,13444.5322265625,13047.732421875,12608285.0,1.1210089238940901,13387.5322265625,-0.002258174391878809
2022-06-30,13387.5322265625,13492.132675157303,13352.382858651896,13410.782196034776,12962500,13387.5322265625,-0.0022581743918788,-0.292553875229516,13471.944677734375,13875.84072265625,14718.059169921875,13462.347510707867,13809.688519313335,0.9937342044381027,0.9648087272076821,0.909599021990721,39.10749808650715,-164.099085411759,-205.08846093452723,40.98937552276823,14191.676837599225,12752.212517869524,0.1068490373263375,0.4413584275654941,0.1820402898473387,0.2034150343632328,-0.0022581743918788,0.015839855034500472,-0.055082099057055744,13417.83203125,13464.232421875,13178.7822265625,12617575.0,1.0273368694063636,13394.4326171875,0.0005154341000432883
2022-07-01,13394.4326171875,13422.432580441871,13192.883077002656,13335.232499566016,12922700,13394.4326171875,0.0005154341000432,0.0109688468089371,13437.772216796875,13842.65076171875,14710.7704296875,13455.879425610688,13793.40397413193,0.9967747928071587,0.96762049752994,0.9105187713456852,49.226681879816155,-150.3489878412165,-194.1405663158651,43.79157847464859,14098.88156396565,12776.6628696281,0.09839567697722326,0.46722206409919503,0.18187710526299147,0.20030883758618517,0.0005154341000432,0.005400659804539076,-0.0485477308813117,13387.5322265625,13417.83203125,13322.482421875,12661010.0,1.020668967167706,13472.6328125,0.005838261130385991
2022-07-04,13472.6328125,13483.682602770528,13337.182793912967,13378.38293547048,10897700,13472.6328125,0.0058382611303859,0.5934587526102678,13408.6998046875,13814.20681640625,14703.611943359376,13457.474986266812,13780.824712891463,1.0047680243978727,0.9752737157879681,0.9162804938268705,52.8095333193529,-131.62454837678888,-181.63736272804988,50.012814351261,14003.508226192791,12813.891383182208,0.08871977599160062,0.5537425207011615,0.18422728864806093,0.2001933571303899,0.0058382611303859,0.0020901125798917786,-0.04137219928680913,13394.4326171875,13387.5322265625,13444.5322265625,12646825.0,0.8616945359803744,13461.83203125,-0.0008016830414897536
2022-07-05,13461.83203125,13628.43239964489,13439.382841813593,13533.732327989384,11431600,13461.83203125,-0.0008016830414897,-0.1331664849099866,13385.012353515625,13789.98384765625,14695.818452148438,13457.889942931877,13768.315195964347,1.0057392309925062,0.9762036112564393,0.9160314599070162,52.69192422682772,-116.31600942743171,-168.57309206792627,52.25708264049456,13926.848083512752,12843.176623518499,0.08096155844858387,0.5708883463021266,0.1827041981028632,0.19798658614675735,-0.0008016830414897,-0.00017827905444500747,-0.033995641916785724,13472.6328125,13394.4326171875,13464.232421875,12660845.0,0.9029097189010685,13631.2822265625,0.012587454286990152
2022-07-06,13631.2822265625,13647.18259668329,13443.332273619551,13472.782430954809,11623700,13631.2822265625,0.0125874542869901,1.3320393721973425,13372.232373046874,13764.642890625,14688.450458984375,13474.40349375384,13762.94135402702,1.019372221951345,0.9903113604092605,0.9280272459389858,69.60859809633091,-89.47920681337564,-152.75431501701615,63.275108203640514,13874.865988045378,12869.59875804837,0.07517572249366176,0.7576925277029465,0.18936461371956936,0.19685733262433458,0.0125874542869901,0.015907949571538627,-0.018405831661470695,13461.83203125,13472.6328125,13417.83203125,12626355.0,0.9205903049613288,13765.58203125,0.009852323681318609
2022-07-07,13765.58203125,13777.732406359431,13687.532326229008,13736.932653771666,12224500,13765.58203125,0.0098523236813186,1.0327273788205114,13361.657421875,13744.834921875,14682.142216796876,13502.134783039188,13763.04490999655,1.0302301276422277,1.0015094476938373,0.9375731298598716,77.10149744170239,-56.7201410658854,-133.54748022679001,76.82733916090461,13817.424687270992,12905.890156479007,0.06822016925082967,0.9431259548918113,0.1914575540063937,0.1976948340640828,0.0098523236813186,0.028238946378586816,-0.01513184495460651,13631.2822265625,13461.83203125,13387.5322265625,12680700.0,0.9640240680719517,13828.2314453125,0.00455116346844453
2022-07-08,13828.2314453125,13874.681578298325,13770.881912888965,13873.731384260793,10898100,13828.2314453125,0.0045511634684445,0.4526085255434069,13363.982421875,13723.12193359375,14677.149721679687,13533.191608017598,13765.601244714824,1.0347388232625618,1.0076593002836656,0.94216054939378,80.45174802345609,-25.410148933198798,-111.92001396807179,86.50986503487299,13829.14998029053,12898.81486345947,0.06961511078525201,0.9990126837497472,0.18561438040974837,0.19624976705026465,0.0045511634684445,0.032386502700260555,0.0033740317887136495,13765.58203125,13631.2822265625,13394.4326171875,12709205.0,0.8574965940041095,13886.8310546875,0.00423767924385321
2022-07-11,13886.8310546875,13905.931615104064,13755.731620479104,13771.38199019309,12512900,13886.8310546875,0.0042376792438532,0.4183031845260331,13387.479833984375,13705.191953125,14671.852475585938,13566.871555319492,13770.35535490983,1.037299867256234,1.013253305913828,0.9464947304912779,76.6893325425202,4.084658744068292,-88.71907942564377,92.80373816971206,13908.074382078363,12866.885285890387,0.077773345625875,0.9795970516118361,0.15677926345839327,0.19592525958296111,0.0042376792438532,0.030743674822281575,0.03502663388769167,13828.2314453125,13765.58203125,13472.6328125,12681890.0,0.9866746991181913,13778.9814453125,-0.007766322564901951
2022-07-12,13778.9814453125,13866.631717908209,13757.281279221304,13823.580994630034,12288000,13778.9814453125,-0.0077663225649019,-0.8953239243320603,13407.014794921875,13686.0459765625,14665.794731445312,13587.072497223588,13770.693632964838,1.0277441813916333,1.0067905272939426,0.9395318629251388,82.58830144464204,18.54318983743724,-67.26662557302757,85.80981541046481,13956.26870428423,12857.76088555952,0.08193530293863066,0.8386108355802268,0.15988379093376923,0.19643630031633805,-0.0077663225649019,0.02355915697999178,0.029182176782533542,13886.8310546875,13828.2314453125,13461.83203125,12677280.0,0.9692930975729808,13726.9326171875,-0.003777407519676035
2022-07-13,13726.9326171875,13861.282054520336,13714.182633514589,13842.782078210616,11008700,13726.9326171875,-0.003777407519676,-0.4588072508241558,13424.31982421875,13672.7180078125,14658.402241210937,13600.392508648722,13768.977514699061,1.0225421322593051,1.003965166936378,0.9364549008346432,76.27886289903039,25.50773714178831,-48.71175303006439,74.2194901718527,13991.612919470608,12857.026728966892,0.0845172198934601,0.766716442964667,0.1608358715966634,0.18997430106020421,-0.003777407519676,0.007016976762362903,0.025865400980238373,13778.9814453125,13886.8310546875,13631.2822265625,12741045.0,0.8640343080179058,13702.6328125,-0.0017702283070198943
2022-07-14,13702.6328125,13797.581909446611,13617.132922181678,13771.182529249983,10796000,13702.6328125,-0.0017702283070198,-0.2391567485926021,13454.992333984375,13658.86103515625,14650.955751953124,13610.12968044408,13766.375761671648,1.0184050999338097,1.0032046432884183,0.9352722815146921,70.58095787837354,28.73515887648682,-33.22237064875415,61.95752952524097,14012.236876433613,12897.747791535137,0.08283089705546966,0.7222009007270459,0.13652207660966317,0.1899698198795221,-0.0017702283070198,-0.004572942764577315,0.0468669597830329,13726.9326171875,13778.9814453125,13765.58203125,12588470.0,0.8576101782027521,13790.181640625,0.006389197559547366
2022-07-15,13790.181640625,13804.031231365378,13695.181768447314,13761.081093842282,10832100,13790.181640625,0.0063891975595473,0.6537490658019909,13494.76474609375,13651.7500390625,14643.961508789063,13627.277486175597,13767.309325552173,1.0218912222694925,1.0101402092161371,0.941697479356823,69.4393031508697,37.92025155180272,-18.993846208642776,56.9140977604455,14026.663770674137,12962.865721513363,0.07883042566330226,0.7777001657067578,0.13238700155279368,0.18685865673381802,0.0063891975595473,-0.0027516031126596507,0.061213125179093275,13702.6328125,13726.9326171875,13828.2314453125,12307860.0,0.8800961336901784,13984.3818359375,0.01408249727040567
2022-07-18,13984.3818359375,13993.381823996182,13877.58119639219,13883.78138347819,11714500,13984.3818359375,0.0140824972704056,1.4956455614675164,13546.44716796875,13651.603046875,14638.405517578125,13661.28742424816,13775.821973018265,1.032328378248451,1.02437653570206,0.9553213851839766,74.45350311589088,60.1761630852925,-3.159844349855721,63.33600743514822,14056.181268203994,13036.713067733506,0.07525723813997491,0.9295716803777809,0.13567751835860273,0.18808427260839303,0.0140824972704056,0.007024697057653961,0.07981389205531086,13790.181640625,13702.6328125,13886.8310546875,12117230.0,0.9667638560958237,14051.6318359375,0.004808936196749158
2022-07-19,14051.6318359375,14067.731424053558,13922.331225424425,13922.531420472576,12817300,14051.6318359375,0.0048089361967491,0.4808172220447936,13586.934619140626,13655.51705078125,14633.2290234375,13698.463082504286,13786.63804607392,1.0342017702905724,1.029007673871535,0.9602550341713044,79.22359317022814,82.29203493534624,13.930531507184673,68.36150342816157,14122.777188235652,13051.0920500456,0.07887615332160608,0.9336135682358706,0.11672276725122963,0.18702884680636414,0.0048089361967491,0.01978741256798444,0.06115059579541948,13984.3818359375,13790.181640625,13778.9814453125,12032290.0,1.0652419448002,14164.3818359375,0.008023979087727007
2022-07-20,14164.3818359375,14230.88174882568,14139.981477275844,14220.181567529924,13558800,14164.3818359375,0.008023979087727,0.8326471838371744,13642.76708984375,13663.36904296875,14628.787778320313,13742.836297116972,13801.451528029354,1.0382337939699977,1.0366683203383555,0.9682539695414095,83.28839052770215,107.67578598669388,32.67958240308651,74.99620358360737,14174.737698947249,13110.796480740251,0.07798573494661225,0.9902665083056083,0.0973740442807747,0.18721707822780723,0.008023979087727,0.03186795119852692,0.08558187568212205,14051.6318359375,13984.3818359375,13726.9326171875,12067980.0,1.123535173243575,14271.78125,0.007582358009440959
2022-07-21,14271.78125,14288.581032846168,14141.632005144029,14172.78137870935,13814800,14271.78125,0.0075823580094409,0.7843195153211152,13697.417041015626,13679.50001953125,14625.07703125,13793.212006915355,13819.895830851734,1.0419323006129182,1.0432969940146282,0.9758431507406696,84.61360047927624,134.90374037109177,53.124413996687565,81.7793263744042,14252.747190248527,13142.086891782725,0.08108538238559528,1.0171376070403781,0.09577075076933968,0.1803125410930074,0.0075823580094409,0.04153569940083357,0.08293626866634951,14164.3818359375,14051.6318359375,13702.6328125,12141375.0,1.137828293747619,14336.5810546875,0.004540414651289515
2022-07-22,14336.5810546875,14359.731415350843,14265.23153765446,14325.031264947967,12466000,14336.5810546875,0.0045404146512895,0.4514322563435232,13748.12197265625,13696.8019921875,14620.854282226563,13844.961440036512,13840.157996492353,1.0428028703266992,1.046710105239524,0.9805570028910943,84.44917257220706,159.8680338909653,74.47313797554311,85.3948959154222,14343.082359743235,13153.161585569265,0.08655151420248718,0.9945363546903002,0.09229517124510196,0.18045596882210638,0.0045404146512895,0.03962235076388265,0.07611934478122406,14271.78125,14164.3818359375,13790.181640625,12167935.0,1.0244959395328788,14279.4814453125,-0.0039827912357340844
2022-07-25,14279.4814453125,14335.080982441736,14228.131902660842,14307.88179903422,13890600,14279.4814453125,-0.003982791235734,-0.4812828903175695,13789.86943359375,13710.96796875,14615.851293945312,13886.344297681844,13857.38636703432,1.0355051956130923,1.0414641386267005,0.9769859557361428,81.44212592039244,173.050140785268,94.1885385374881,78.86160224777991,14411.702714824,13168.036152363502,0.09018697156266677,0.8936843093611815,0.0937438910947873,0.18028915301295384,-0.003982791235734,0.02110208465680219,0.06210325541117623,14336.5810546875,14271.78125,13984.3818359375,12260905.0,1.1329180023823688,14141.431640625,-0.009667704336197569
2022-07-26,14141.431640625,14286.481254995824,14122.53127479879,14284.681452669807,14923400,14141.431640625,-0.0096677043361975,-1.1033967552808888,13823.72939453125,13715.2759765625,14610.88580078125,13910.638330343098,13868.52539737121,1.0229823831924425,1.0310716069287078,0.967869562013061,70.10290949566959,170.39340090362384,109.42951101071526,60.96388989290858,14444.652404206408,13202.806384856092,0.08983436986559559,0.7558306272618266,0.10398441244004901,0.17243889297917026,-0.0096677043361975,0.006390702925893166,0.05029616227136513,14279.4814453125,14336.5810546875,14051.6318359375,12385895.0,1.2048705402395223,14262.53125,0.008563461780425996
2022-07-27,14262.53125,14272.181628070444,14099.882047534242,14131.781420097594,15076700,14262.53125,0.0085634617804259,0.8916840867950092,13865.96435546875,13722.16296875,14605.747807617188,13944.151941738994,13883.97660727822,1.0286000226428422,1.039379235072532,0.9765012677106342,69.78861080355856,176.0304721042903,122.74970322943028,53.28076887486003,14485.549808403644,13246.378902533856,0.08936781273211403,0.8200259888704173,0.10364906306851222,0.17340083686052785,0.0085634617804259,0.0069293115082140755,0.06295347987534083,14141.431640625,14279.4814453125,14164.3818359375,12433030.0,1.2126328014973018,14469.0810546875,0.01448198787908006
2022-07-28,14469.0810546875,14481.431624787025,14330.28142799221,14365.031383429976,17419500,14469.0810546875,0.01448198787908,1.539362790242519,13920.041796875,13740.52693359375,14601.267314453125,13994.145190591233,13906.921879725644,1.0394423569860083,1.053022283978974,0.990946932419025,72.89492817765469,194.91784311003357,137.18333120555093,57.734511904482645,14552.46806744296,13287.615526307041,0.09086557063498062,0.9340737279291804,0.10910892747015839,0.16481158446307784,0.01448198787908,0.013824469506040105,0.0807877665443879,14262.53125,14141.431640625,14271.78125,12655880.0,1.376395793891851,14665.630859375,0.013584124931266706
2022-07-29,14665.630859375,14677.730452636122,14553.631008533062,14588.130962587053,19163900,14665.630859375,0.0135841249312667,1.4411074644705235,13983.601708984375,13755.93892578125,14597.455571289063,14058.096206665878,13936.675173045227,1.0487734965986928,1.066130849991549,1.0046703542102247,75.32690334948987,223.173541643906,154.38137329322194,68.79216835068405,14648.300292577711,13318.90312539104,0.09506829462487099,1.0130364102045981,0.11348305261188775,0.15794375715572817,0.0135841249312667,0.02295176258776932,0.09490497123083208,14469.0810546875,14262.53125,14336.5810546875,12967940.0,1.4777906128498433,14846.830078125,0.01235536476319865
2022-08-01,14846.830078125,14858.280258374598,14666.180901709473,14741.380998095005,21202300,14846.830078125,0.0123553647631986,1.3066412512213763,14052.311572265626,13776.15990234375,14594.280322265626,14133.213718233414,13972.367522264043,1.0565400576106978,1.0777190583857186,1.0173047077541792,83.14561034904898,257.2225474992865,174.94960813443487,82.27293936485165,14776.090846742289,13328.532297788963,0.1030121301758068,1.048867958696946,0.11676118544703683,0.15942539251202087,0.0123553647631986,0.03973173920813089,0.10199916265438569,14665.630859375,14469.0810546875,14279.4814453125,13483170.0,1.5725011254771688,14876.580078125,0.0020037947389075494
2022-08-02,14876.580078125,14905.980430150696,14765.280419561235,14831.88091805989,32645700,14876.580078125,0.0020037947389075,0.1738437708649672,14123.048974609375,13798.74685546875,14590.506323242187,14204.010514413563,14007.826838180159,1.0533547044176037,1.0781109497801302,1.0196068421852575,86.18552860336506,283.3410273290101,196.62789197334993,86.71313535566017,14879.63339934939,13366.46454986936,0.10714179722808574,0.9979821675377225,0.11536246212651294,0.15840738295502044,0.0020037947389075,0.05198543232271424,0.10509327731848339,14846.830078125,14665.630859375,14141.431640625,14543875.0,2.244635628400271,14878.0302734375,9.748176697099709e-05
2022-08-03,14878.0302734375,14906.680626451523,14750.730635863589,14880.630855961064,24019400,14878.0302734375,9.748176697099709e-05,-0.0347686933615257,14185.386376953125,13824.5528125,14586.050327148438,14268.202872415843,14041.952463092213,1.0488279894589059,1.0762033662300423,1.020017752560857,87.53593430360587,300.6909512965558,217.44050383799112,83.25044745856468,14976.047413292821,13394.72534061343,0.1114754318746256,0.9380157011973033,0.11301122826559873,0.1555330061385044,9.748176697099709e-05,0.043154964055731604,0.09146227230520787,14876.580078125,14846.830078125,14262.53125,15163660.0,1.5840107203669824,14892.4306640625,0.0009678963115642425
2022-08-04,14892.4306640625,14974.68055619272,14687.980736883706,14944.93059520945,23193600,14892.4306640625,0.0009678963115642,0.0604828868979937,14241.72880859375,13847.95078125,14581.081831054687,14327.653138286953,14075.304549404773,1.0456898080432555,1.0754248696656776,1.0213529309152292,86.92508157307158,312.0062681723066,236.35365670485422,75.65261146745237,15066.30202471436,13417.155592473142,0.11579678664053573,0.8945688768119517,0.11172905360705795,0.1544425321687868,0.0009678963115642,0.029258914769701105,0.08185986108356191,14878.0302734375,14876.580078125,14469.0810546875,15712115.0,1.4761602750489031,14900.380859375,0.0005338413514783813
2022-08-05,14900.380859375,14972.0799841426,14874.230503027591,14933.180621068945,21526200,14900.380859375,0.0005338413514783,0.0129831970956115,14295.336279296875,13868.49576171875,14576.79458984375,14382.198635533434,14107.660483129097,1.0423246133044368,1.074404976241516,1.0221987260324505,85.0608791983402,317.9501215537657,252.67294967463653,65.27717187912918,15145.722189561102,13444.950369032647,0.11897389381398932,0.8557470630535691,0.11235790249592609,0.1529842626701175,0.0005338413514783,0.01600681227087719,0.07753337209480526,14892.4306640625,14878.0302734375,14665.630859375,16243520.0,1.3252176868068004,14993.330078125,0.0062380431498512134
2022-08-08,14993.330078125,15009.880837814944,14867.180828392406,14910.580185920187,14420200,14993.330078125,0.0062380431498512,0.6372078711767545,14350.66123046875,13885.26673828125,14573.918090820312,14440.401630065964,14142.392624109329,1.0447832219948,1.0798013722551583,1.028778258851946,85.34911086338464,326.39837602295665,267.4180349443006,58.98034107865607,15232.536475615381,13468.785985322118,0.1229037785763081,0.8643762829222674,0.1126935152697191,0.14723340367038645,0.0062380431498512,0.009867426193275408,0.07967973536078987,14900.380859375,14892.4306640625,14846.830078125,16338885.0,0.882569404215771,14985.7802734375,-0.0005035442192068418
2022-08-10,14985.7802734375,15033.280211529936,14919.180750862914,15033.280211529936,16945800,14985.7802734375,-0.0005035442192068,-0.1005404285836528,14411.001171875,13902.59072265625,14571.408842773437,14492.342453244206,14175.46664957318,1.039884744627199,1.0779127841989937,1.0284372935476014,83.47736101286638,328.6954755776187,279.6735230709642,49.021952506654486,15293.32275120494,13528.679592545059,0.12245111478470325,0.8257197347469265,0.10546909338675095,0.14704561836296667,-0.0005035442192068,0.007340409875054021,0.08758258605069424,14993.330078125,14900.380859375,14876.580078125,16571775.0,1.0225700023081412,15095.130859375,0.0072969564441915935
2022-08-11,15095.130859375,15130.030228281992,15069.880892045365,15123.63082249954,14965900,15095.130859375,0.0072969564441915,0.7530873280059937,14479.411083984374,13922.835703125,14569.886098632813,14549.75087287571,14211.531912702663,1.0425238134216432,1.0841994534193116,1.036050025181149,83.50359788752438,335.4725037299577,290.83331920276294,44.63918452719474,15350.504688807636,13608.317479161113,0.12032168984921147,0.8534176878239723,0.10157484803834049,0.14739694954161642,0.0072969564441915,0.014592024747059451,0.09967254013284643,14985.7802734375,14993.330078125,14878.0302734375,16769635.0,0.892440413879014,15140.5302734375,0.0030075535273881293
2022-08-12,15140.5302734375,15162.280245380083,15060.730571691434,15102.780322134851,17364300,15140.5302734375,0.0030075535273881,0.2836875359951046,14551.30595703125,13942.28767578125,14568.917104492188,14606.015577691118,14247.963220966774,1.040492882092245,1.0859430407348203,1.0392351171226764,83.23896212027297,340.5806983758939,300.7827950373891,39.797903338504796,15389.177441829836,13713.434472232666,0.11516100166853604,0.8516197454476212,0.09886734203701761,0.1470663213804874,0.0030075535273881,0.016659443644327254,0.10493585288411156,15095.130859375,14985.7802734375,14892.4306640625,17098050.0,1.0155719511874162,15280.4794921875,0.009243349884219487
2022-08-16,15280.4794921875,15287.42967817221,15203.47959552846,15222.879960116385,0,15280.4794921875,0.0092433498842194,0.96608589532205,14625.820849609376,13966.33962890625,14567.821352539062,14670.250236214582,14288.454055132293,1.044760471860669,1.0940933629138851,1.0489200219032222,88.73240075175363,351.86562390047766,310.9993608100068,40.86626309047085,15443.515993414534,13808.125705804217,0.11181528233021414,0.9003072829384547,0.0999051591902981,0.14702093295397162,0.0092433498842194,0.025509323311917242,0.10806948671163097,15140.5302734375,15095.130859375,14900.380859375,16556445.0,0.0,15379.029296875,0.006449392163242473
2022-08-17,15379.029296875,15398.429661629769,15306.52939355304,15325.329173171183,18814700,15379.029296875,0.0064493921632424,0.6603363076635499,14695.55322265625,13992.83859375,14567.294853515625,14737.753003896527,14331.221711671224,1.0465090401064336,1.099064295913779,1.055723073605768,99.39731610273383,364.558747988538,321.71123824571305,42.84750974282497,15520.760983892173,13870.345461420327,0.1123071379121185,0.9141236342676821,0.09438827967182936,0.14719596100452806,0.0064493921632424,0.025724720041528926,0.09972893169675134,15280.4794921875,15140.5302734375,14993.330078125,16911455.0,1.1125417653300678,15404.5791015625,0.0016613405302954298
2022-08-18,15404.5791015625,15415.229478008863,15325.179793202731,15355.579166795147,17490400,15404.5791015625,0.0016613405302954,0.136368174047969,14763.2005859375,14022.2185546875,14568.363598632812,14801.260251293286,14373.314158333627,1.0434444084053114,1.098583583010328,1.0573994119015648,99.34755033768195,372.3871487392844,331.8464203444273,40.54072839485707,15587.969378193324,13938.431793681677,0.11173306051824435,0.8888232203050977,0.09503508820993636,0.14530358039522576,0.0016613405302954,0.027946414566569322,0.0962839961523041,15379.029296875,15280.4794921875,14985.7802734375,17145110.0,1.0201392700309302,15236.630859375,-0.010902488219912798
2022-08-19,15236.630859375,15445.480201034075,15205.530313304092,15426.18042108622,19251200,15236.630859375,-0.0109024882199127,-1.2385221583815749,14816.813037109376,14049.21353515625,14569.112348632812,14842.72411872964,14407.16971523721,1.0283338813288776,1.084518419571843,1.0458173768427854,84.3101613324981,360.8792023867154,337.6529767528849,23.226225633830495,15616.710838906352,14016.9152353124,0.10797164002725047,0.7624196624379627,0.10880304818171455,0.14768885656214406,-0.0109024882199127,0.009373883626329738,0.0757003754810548,15404.5791015625,15379.029296875,15095.130859375,17429730.0,1.1045036268490676,15001.73046875,-0.015416819688879424
2022-08-22,15001.73046875,15186.130619298334,14980.380887170728,15183.079842020245,16482400,15001.73046875,-0.0154168196888794,-1.732536428829332,14853.310498046874,14069.7065234375,14567.607602539063,14857.86758063634,14430.485823218105,1.0099923832281459,1.0662433110285507,1.0298005601232196,64.52591540800242,329.0119288995247,335.9247671822129,-6.912838282688199,15614.157236571304,14092.463759522445,0.10244810254581632,0.5975360497636955,0.1269675662697422,0.15230259992878867,-0.0154168196888794,-0.00916743351657967,0.0511463289664702,15236.630859375,15404.5791015625,15140.5302734375,17563110.0,0.9384670482619536,15090.48046875,0.00591598417161765
2022-08-23,15090.48046875,15128.230419891135,14879.881131948714,14886.98073213487,18442000,15090.48046875,0.0059159841716176,0.6019641740165138,14891.00546875,14095.88150390625,14566.48685546875,14880.021189028117,14456.36796618014,1.0133956703204907,1.0705595435495203,1.035972545644012,61.444925384102234,307.37504022552093,330.2148217908745,-22.839781565353576,15618.009257747311,14164.001679752688,0.09764334457104865,0.6371897939311157,0.12735010914337866,0.14843112498462926,0.0059159841716176,-0.012434100875868603,0.052585718393159286,15001.73046875,15236.630859375,15280.4794921875,17861910.0,1.032476370108236,15140.380859375,0.0033067463112481654
2022-08-24,15140.380859375,15152.430648518146,15037.13099256841,15062.43076461894,17547700,15140.380859375,0.0033067463112481,0.3164289298998113,14934.050439453125,14130.35146484375,14565.775112304687,14904.817348108772,14483.19200120739,1.013816105734904,1.0714794247718606,1.0394490332742337,62.16122770100237,290.90087040001526,322.35203151270264,-31.451161112687373,15608.658783204426,14259.442095701825,0.0903449933407295,0.652926080615812,0.12496161800605773,0.1335030544223713,0.0033067463112481,-0.015517782877784936,0.06028926311922245,15090.48046875,15001.73046875,15379.029296875,18044765.0,0.9724537836874019,15100.630859375,-0.0026254293316133603
2022-08-25,15100.630859375,15252.780076646754,15075.080111172496,15208.829938179637,21575500,15100.630859375,-0.0026254293316133,-0.3327434763628218,14982.010400390625,14164.5984375,14564.3938671875,14923.46625394365,14507.405289762983,1.0079175261406361,1.066082524400897,1.0368183528320805,59.91188392815836,271.5077074837336,312.1831667069088,-40.67545922317521,15546.803665206719,14417.217135574532,0.07539619179563907,0.6050122818146517,0.11781851811554217,0.13359485690802364,-0.0026254293316133,-0.019731031934307808,0.06782900367700018,15140.380859375,15090.48046875,15404.5791015625,18377370.0,1.1740254454255423,15147.5302734375,0.0031057917049461814
2022-08-26,15147.5302734375,15242.63073675231,15116.180704484685,15187.080027129485,17144700,15147.5302734375,0.0031057917049461,0.2944379786575632,15026.2603515625,14199.93240234375,14562.530869140624,14944.805684371635,14532.508230299238,1.0080705324570254,1.066732562116799,1.040171547758676,61.03948353693938,256.96079284509506,301.13869193454605,-44.17789908945099,15481.821247917072,14570.699455207927,0.06063529922894903,0.6330995733443946,0.11617393286076114,0.13342462314436615,0.0031057917049461,-0.005847787923711323,0.062050628175661204,15100.630859375,15140.380859375,15236.630859375,18480770.0,0.9277048521246679,14972.73046875,-0.011539822105127384
2022-08-29,14972.73046875,15016.23041200629,14793.930897298458,14797.780501651823,15438100,14972.73046875,-0.0115398221051273,-1.3082671552876153,15051.442822265624,14237.603359375,14559.684873046876,14947.465187645765,14549.771847493384,0.9947704446380924,1.0516327847334603,1.028369130190981,52.735860204171395,228.69116541416406,286.64918663046967,-57.95802121630561,15425.757146059941,14677.128498471307,0.04973799896984867,0.3948579462333493,0.11887113940426683,0.1255680430804113,-0.0115398221051273,-0.0019331103208666267,0.03480866629738966,15147.5302734375,15100.630859375,15001.73046875,18381700.0,0.8398624719150024,15325.029296875,0.023529364190472357
2022-08-30,15325.029296875,15338.779278474902,15065.329449090434,15071.430026864198,18493600,15325.029296875,0.0235293641904723,2.5294391811022066,15084.412744140625,14284.20927734375,14558.704624023438,14983.423674239026,14580.174100410311,1.015951337106434,1.0728650777458224,1.0526368720735664,60.48622027986277,232.04004000771965,275.72735730591967,-43.687317298200014,15430.75806471545,14738.0674235658,0.04592095515409915,0.847365098414177,0.13602007460879484,0.1318651674744842,0.0235293641904723,0.015542833683176216,0.04496215974769879,14972.73046875,15147.5302734375,15090.48046875,18348185.0,1.0079253070535314,15211.1806640625,-0.0074289341055756575
2022-09-01,15211.1806640625,15309.829951458703,15141.430753621817,15142.68075201681,18877200,15211.1806640625,-0.0074289341055756,-0.8584026847781281,15102.6302734375,14329.41822265625,14557.705131835937,15005.114816126976,14604.919455847652,1.0071875155956058,1.0615351180142187,1.044888636382495,56.676969041490004,222.93752899474748,265.16939164368523,-42.23186264893775,15434.37959224248,14770.880954632521,0.04393265448448909,0.6636030346879898,0.13462084045861286,0.13323069727676498,-0.0074289341055756,0.004676223494315845,0.024540631503173538,15325.029296875,14972.73046875,15140.380859375,18231930.0,1.035392303502701,15201.580078125,-0.000631153238497939
2022-09-02,15201.580078125,15304.98033589958,15184.280295664556,15272.430573032574,17211000,15201.580078125,-0.0006311532384979,-0.1145049938799791,15118.8802734375,14368.61216796875,14555.818134765625,15023.82579346012,14628.317911623233,1.0054699688860422,1.057971354534375,1.0443645240261017,53.35137062907232,212.49947471897394,254.63540825874298,-42.13593353976904,15435.502170825941,14802.25837604906,0.04188430514192187,0.6305971023624601,0.13474923781158907,0.12598649047920585,-0.0006311532384979,0.006685099429956987,0.021846418887489394,15211.1806640625,15325.029296875,15100.630859375,17460195.0,0.9857278226274105,15294.3798828125,0.006104615718272477
2022-09-05,15294.3798828125,15311.92966396798,15217.32920487763,15221.729589602275,20630200,15294.3798828125,0.0061046157182724,0.6226065828747734,15139.69775390625,14413.5451171875,14554.327138671875,15049.592849588918,14654.437988924774,1.0102169892306034,1.0611115973525933,1.0508476095864474,54.703313473753724,209.3026989541213,245.56886639781868,-36.266167443697384,15444.158904684318,14835.236603128182,0.040220241609446,0.7540260530944536,0.1358302379793287,0.11965512135715514,0.0061046157182724,0.009694623923776735,0.027984188882740124,15201.580078125,15211.1806640625,15147.5302734375,17290735.0,1.1931360928265917,15313.029296875,0.001219363858188105
2022-09-06,15313.029296875,15386.729393485426,15247.979579304649,15339.279261720012,23402700,15313.029296875,0.0012193638581881,0.0880015920353264,15160.727685546875,14456.23005859375,14553.265385742188,15074.682035044734,14680.265099040469,1.0100457982286244,1.0592685115558127,1.0522057346578144,51.07478651585999,205.90058916095586,237.63521095044612,-31.734621789490262,15451.05108531602,14870.404285777731,0.03829940168978801,0.7622964794578524,0.13582217669825325,0.11869944847625175,0.0012193638581881,0.02272790716664863,0.028242443580916765,15294.3798828125,15201.580078125,14972.73046875,17301190.0,1.3526641809031632,15319.3798828125,0.00041471780758595145
2022-09-07,15319.3798828125,15333.97947264326,15199.380043454394,15222.229622241022,23294700,15319.3798828125,0.0004147178075859,-5.278199314626675e-05,15181.67763671875,14496.1680078125,14552.58763671875,15097.986591974997,14705.328423894276,1.0090702917944128,1.0567882404892344,1.0526911271888855,47.902690266838306,201.3952725127656,230.38722326291003,-28.99195075014444,15452.729585078838,14910.625688358663,0.03570777286226881,0.7540144922885055,0.1358332381932747,0.11745200933748098,0.0004147178075859,-0.0003686396908652023,0.028120021051265542,15313.029296875,15294.3798828125,15325.029296875,17389615.0,1.339575373002795,15440.6796875,0.007918062324676178
2022-09-08,15440.6796875,15448.729481496022,15365.679787112447,15430.179701445742,19620900,15440.6796875,0.0079180623246761,0.8210564548917165,15204.0451171875,14536.09095703125,14553.278388671875,15130.624029644045,14734.165728349402,1.015563921870042,1.062230535922121,1.0609760409392615,51.18924375669783,205.24670089722895,225.35911878977385,-20.112417892544897,15483.359947932422,14924.730286442576,0.036742173361370964,0.9235982917206385,0.13675103676211275,0.11713979913165828,0.0079180623246761,0.015087522034348488,0.02983657446638066,15319.3798828125,15313.029296875,15211.1806640625,17649650.0,1.1116877671795191,15467.3798828125,0.0017292111392035459
2022-09-09,15467.3798828125,15548.82899357116,15426.379937173304,15547.529190607036,18832800,15467.3798828125,0.0017292111392035,0.1437954198262378,15228.12509765625,14576.15390625,14555.731884765624,15162.696015660089,14762.919224602856,1.0157113750788056,1.0611427391817232,1.0626315464769607,58.381438507903425,208.0551381362293,221.89832265906495,-13.843184522835656,15511.223900302532,14945.026295009968,0.037181045050626076,0.9225641064513171,0.13654532493833463,0.11712584191403964,0.0017292111392035,0.017485011644939874,0.0321371060156701,15440.6796875,15319.3798828125,15201.580078125,17744000.0,1.0613615870153292,15577.3798828125,0.0071117410210008725
2022-09-12,15577.3798828125,15600.129852861885,15522.379955220584,15524.679756880363,14038300,15577.3798828125,0.0071117410210008,0.7328187538456249,15252.237548828125,14619.34486328125,14558.0798828125,15202.189717293653,14794.858858258138,1.0213176809594968,1.06553200765771,1.0700161015879162,72.99566898857017,216.65941075212686,220.85054027767734,-4.19112952555048,15567.916152471653,14936.558945184597,0.04139439903593183,1.0149895023460616,0.13644470044478735,0.11662539920441993,0.0071117410210008,0.018503528888937026,0.03194732314215032,15467.3798828125,15440.6796875,15294.3798828125,17697620.0,0.7932309542187028,15669.8291015625,0.005934837530155113
2022-09-13,15669.8291015625,15686.829079313862,15635.129928224873,15667.329104834358,17992800,15669.8291015625,0.0059348375301551,0.6040273428882287,15278.702490234375,14664.99080078125,14561.196625976563,15246.726801509734,14829.171416819094,1.025599465110216,1.0685195316131886,1.076136083047473,73.07524455858915,228.30646332011383,222.34172488616466,5.964738433949179,15640.35017743087,14917.05480303788,0.0473401046231019,1.0407564117983321,0.13723611812342412,0.11616959263663369,0.0059348375301551,0.02330040632524044,0.03495906804886495,15577.3798828125,15467.3798828125,15313.029296875,17729045.0,1.0148769998609626,15630.6796875,-0.0024983944501727473
2022-09-14,15630.6796875,15688.079026253245,15423.88015413826,15423.88015413826,20237900,15630.6796875,-0.0024983944501727,-0.318841740367643,15296.2125,14709.7157421875,14563.597124023438,15283.293743032616,14860.603113708541,1.021866013400376,1.062609227904464,1.0732705357329855,69.69711235843155,231.70683371659652,224.21474665225102,7.4920870643454975,15690.647676897801,14901.777323102198,0.051572920668796346,0.9239824527437335,0.13505011456874846,0.11672075619810703,-0.0024983944501727,0.020320653124919374,0.02291814176980167,15669.8291015625,15577.3798828125,15319.3798828125,18740940.0,1.0798764629735755,15580.3291015625,-0.003221266569601977
2022-09-15,15580.3291015625,15724.429497825964,15543.8799307892,15685.97935312397,18056700,15580.3291015625,-0.0032212665696019,-0.3979473942527798,15306.277490234375,14751.86966796875,14567.962866210937,15311.582824797366,14888.827662251833,1.0179045239120337,1.0561596226268601,1.0694926424956541,69.10849507555642,227.7138369015429,224.91456470210943,2.79927219943346,15719.439445875532,14893.115534593218,0.05398594869389154,0.8316515564725842,0.13439517358813227,0.11740534284679541,-0.0032212665696019,0.009044253030878746,0.013089239951471043,15630.6796875,15669.8291015625,15440.6796875,18703040.0,0.9654419816243777,15243.9306640625,-0.021591227971318294
2022-09-16,15243.9306640625,15541.980086874884,15197.880918376128,15529.329712458146,25828900,15243.9306640625,-0.0215912279713182,-2.4082169418940627,15298.245068359374,14787.511640625,14570.900366210937,15305.139761870236,14902.753270165978,0.9964496317025794,1.030865167482513,1.0461900281339018,53.120369105481004,195.15518812164373,218.9626893860163,-23.807501264372576,15709.602725896684,14886.887410822064,0.053778411275169635,0.43398153249112426,0.1557949196350362,0.1294681130013697,-0.0215912279713182,-0.014446481591772309,-0.010428615831750032,15580.3291015625,15630.6796875,15467.3798828125,19119965.0,1.350886364070227,15293.529296875,0.0032536642881371147
2022-09-19,15293.529296875,15348.779222787776,15135.130095217435,15264.229531476933,15928100,15293.529296875,0.0032536642881371,0.3106200350276987,15301.089990234375,14820.75658203125,14574.126362304687,15304.034003299263,14918.077820232998,0.9995058722375856,1.0318993643966152,1.0493616506874137,61.29975879881368,171.3788706053765,209.44592562988836,-38.06705502451186,15711.439234969994,14890.740745498757,0.053636603012921176,0.4907874896117606,0.1512701062458724,0.12741569270811917,0.0032536642881371,-0.018221972377440054,0.0037343188284297835,15243.9306640625,15580.3291015625,15577.3798828125,18953810.0,0.8403640217982559,15470.3291015625,0.011560431948407501
2022-09-20,15470.3291015625,15557.27918161204,15410.229571856771,15423.479554292302,15145400,15470.3291015625,0.0115604319484075,1.2196498202080204,15324.519921875,14854.8515234375,14577.554604492187,15319.871631705286,14939.734733226313,1.009514763296393,1.0414327653934419,1.0612430905794856,55.84004722624504,164.90135417191595,200.5370113382939,-35.63565716637794,15715.976690309544,14933.063153440457,0.05108894378814868,0.6862391858364232,0.14441578348226852,0.1279903434142139,0.0115604319484075,-0.01273147260936669,0.031236305290821997,15293.529296875,15243.9306640625,15669.8291015625,18886960.0,0.8018971819710531,15361.2294921875,-0.007052184129940797
2022-09-21,15361.2294921875,15516.479284923254,15320.029351878718,15449.229374704384,16338000,15361.2294921875,-0.0070521841299407,-0.8171740187765438,15338.057373046875,14885.511484375,14579.491098632812,15323.810475560735,14956.263939460085,1.0015107597120705,1.0319584589560025,1.053619045292191,56.054036759367634,149.24405645570732,190.2784203617766,-41.034363906069274,15713.848547595671,14962.266198498079,0.04900114341847994,0.5308311114116988,0.14657008342816366,0.1296138087376143,-0.0070521841299407,-0.01723854628842414,0.01794170994079214,15470.3291015625,15293.529296875,15630.6796875,18781760.0,0.8698865282060894,15335.279296875,-0.001689330618079632
2022-09-22,15335.279296875,15386.729423383436,15224.929835069928,15284.579169363593,18682200,15335.279296875,-0.0016893306180796,-0.2303039177676026,15347.802294921876,14914.48044921875,14581.88609375,15324.902744257332,14971.127286809691,0.9991840526867473,1.0282141137325567,1.0516663755484907,55.32413492662291,133.20605484165935,178.86394725775315,-45.6578924160938,15711.937239899082,14983.66734994467,0.04745108621807873,0.4828044544747793,0.1465684545293089,0.12980278004557566,-0.0016893306180796,-0.015728153307295933,0.012872756591147283,15361.2294921875,15470.3291015625,15580.3291015625,18838485.0,0.9917039507157821,15057.630859375,-0.018105209049344095
2022-09-23,15057.630859375,15360.180271625715,15032.730501048249,15324.279927567046,17232300,15057.630859375,-0.018105209049344,-2.0267334140793944,15345.652294921874,14940.0534375,14584.08259765625,15299.448279030443,14974.519583773037,0.9812310724880567,1.0078699465411467,1.0324702125449325,41.782083571625385,96.9740579378722,162.48596939377697,-65.51191145590477,15716.380176310966,14974.924413532783,0.04831699223522057,0.11154602876402296,0.16080712901410488,0.1357501465643332,-0.018105209049344,-0.012221244559101896,-0.00284756315152912,15335.279296875,15361.2294921875,15243.9306640625,18621325.0,0.9254067581120033,14725.6806640625,-0.022045313662728327
2022-09-26,14725.6806640625,14932.48019446364,14671.030345922369,14916.88060577899,19942400,14725.6806640625,-0.0220453136627283,-2.4579086433353043,15324.559814453125,14960.0283984375,14583.538598632813,15244.80374427159,14964.76119476478,0.9609203032490499,0.9843350742302417,1.0097467472978754,33.25444709537528,41.00169084658228,138.18911368433805,-97.18742283775578,15780.872415687089,14868.247213219161,0.059553110400413514,-0.15621588004689754,0.17803024128355024,0.14546587654481596,-0.0220453136627283,-0.03712999280869267,-0.027849398664992253,15057.630859375,15335.279296875,15293.529296875,18761210.0,1.0629591588175815,14727.2802734375,0.00010862719432069845
2022-09-27,14727.2802734375,14874.430468912602,14652.280372902016,14805.829973952756,16767400,14727.2802734375,0.0001086271943206,-0.0335490221435742,15312.2873046875,14980.52134765625,14581.80884765625,15195.515794668343,14955.448217457828,0.961794928503535,0.9830953096797015,1.0099762263585448,33.07313913662756,-3.19095488273706,109.91309997092304,-113.1040548536601,15818.874923629917,14805.699685745081,0.06616746523392425,-0.07739965346095198,0.17394330074693656,0.14531325082563717,0.0001086271943206,-0.0480305766766107,-0.016393148586010153,14725.6806640625,15057.630859375,15470.3291015625,18827675.0,0.8905719904342942,14620.580078125,-0.00724507127802454
2022-09-28,14620.580078125,14768.230271507971,14577.030331614464,14617.380863648748,15591200,14620.580078125,-0.0072450712780245,-0.8382821284477974,15277.06484375,14997.12931640625,14579.27884765625,15140.760012140405,14942.316133562423,0.9570280827934317,0.9748919122895526,1.0028328719753783,26.357754980023955,-46.29015495334352,78.67244898606974,-124.96260393941326,15870.446130283075,14683.683557216926,0.07768262982477213,-0.053172791697362685,0.14951196072536171,0.14616775618475988,-0.0072450712780245,-0.04821550348161807,-0.04596723471802089,14727.2802734375,14725.6806640625,15361.2294921875,18682555.0,0.8345325358335624,14602.48046875,-0.0012379542588792924
2022-09-29,14602.48046875,14783.73022632308,14569.08012279895,14748.180469184435,18135900,14602.48046875,-0.0012379542588792,-0.1809087051385298,15246.629833984374,15009.4912890625,14576.51634765625,15089.495293722272,14928.98924474625,0.9577513606450535,0.9728831035993144,1.0017812295115303,24.941984921818957,-80.97365484537477,46.74322821978084,-127.7168830651556,15912.280125560601,14580.979542408148,0.08731769562509668,0.016150316926116806,0.14830955260932213,0.1432473138646814,-0.0012379542588792,-0.04778516347428563,-0.04001663044806225,14620.580078125,14727.2802734375,15335.279296875,18645490.0,0.972669530272468,14829.330078125,0.015535005156176673
2022-09-30,14829.330078125,14881.2802050156,14516.28068574513,14586.881178696916,18679700,14829.330078125,0.0155350051561766,1.6545970315670375,15228.017333984375,15025.04525390625,14575.341845703126,15064.71765414158,14925.081042133652,0.9738188335936797,0.9869740707948705,1.0174258851086055,29.701722484718957,-89.12829526824316,19.56892352217604,-108.6972187904192,15919.295338586378,14536.739329382372,0.09079028338892582,0.2116303041573506,0.16085660891545117,0.1467320654370602,0.0155350051561766,-0.01516179958069952,-0.024487586032958863,14602.48046875,14620.580078125,15057.630859375,18718925.0,0.9979045271029185,14638.48046875,-0.01286973911630207
2022-10-03,14638.48046875,14858.630565641875,14585.780343752129,14837.07981314576,16507500,14638.48046875,-0.012869739116302,-1.4538032078677148,15195.22236328125,15034.5272265625,14573.318095703125,15024.123636485238,14913.841803961743,0.9633607273904331,0.9736575183346784,1.0044713477479152,23.43314572269979,-109.72602175746215,-6.2900655337516,-103.43595622371055,15933.855468391956,14456.589258170543,0.09721912420255725,0.12312690111017435,0.16352297355514903,0.14915349141973486,-0.012869739116302,-0.005921641063785232,-0.04288499560545023,14829.330078125,14602.48046875,14725.6806640625,18512790.0,0.8916808325487406,14965.7802734375,0.022358864732320738
2022-10-04,14965.7802734375,14975.580065335676,14852.53042123542,14869.530399049418,15374400,14965.7802734375,0.0223588647323207,2.4013485790156404,15177.859912109376,15048.40720703125,14573.381596679688,15018.567125718786,14915.878606686283,0.9860270393915896,0.99450925719533,1.0269257120699573,35.0865533939037,-98.50401653311746,-24.732855733624774,-73.77116079949269,15921.143623418257,14434.576200800495,0.09794315082797893,0.3573360108357731,0.1850766469339164,0.15618240789988191,0.0223588647323207,0.016194436146514057,-0.022676703394563735,14638.48046875,14829.330078125,14727.2802734375,18111375.0,0.8488808828705716,15053.0302734375,0.005829966657659558
2022-10-06,15053.0302734375,15119.88077263673,15042.18067813981,15063.530259813808,16492500,15053.0302734375,0.0058299666576595,0.5925510682895957,15164.542431640624,15062.73619140625,14573.964594726562,15021.849330263425,14921.257103421625,0.9926465200842159,0.9993556338074694,1.0328713354281294,38.36546748924791,-81.62918034272661,-36.112120655445146,-45.51705968728147,15906.693379469218,14422.39148381203,0.09787976804101335,0.4248723197552906,0.18664884041481206,0.1563595796977104,0.0058299666576595,0.029578183150169357,-0.017386448499382756,14965.7802734375,14638.48046875,14620.580078125,17771265.0,0.9280431077922703,15036.6806640625,-0.0010861340924723795
2022-10-07,15036.6806640625,15055.63083476049,14943.13098088734,15030.180672505385,15358600,15036.6806640625,-0.0010861340924723,-0.1642946551374703,15144.34248046875,15077.88017578125,14575.78234375,15023.261838244289,14925.783517564407,0.992890954721534,0.9972675527833862,1.031620828950573,44.675097227128106,-68.78215011130851,-42.64612654661782,-26.13602356469069,15876.775948108092,14411.909012829406,0.0967270079349954,0.42650402994713404,0.18377833801213356,0.15601747710949188,-0.0010861340924723,0.029734687626647327,-0.02616458806308619,15053.0302734375,14965.7802734375,14602.48046875,17558150.0,0.8747276905596546,14951.630859375,-0.005656155543075969
2022-10-10,14951.630859375,14989.030224582872,14818.480642683546,14856.98059239123,14204600,14951.630859375,-0.0056561555430759,-0.6644032157007762,15118.555029296875,15094.08416015625,14579.03708984375,15016.439840256737,14926.797138811882,0.9889589865170046,0.990562309096084,1.0255568160801793,41.372719870859335,-64.7175706730286,-47.06041537189998,-17.657155301128626,15839.324206056808,14397.785852536941,0.09534895039415774,0.384204142390889,0.18405415108735948,0.15485166715947113,-0.0056561555430759,0.008247222268685572,-0.033344304422923354,15036.6806640625,15053.0302734375,14829.330078125,17326740.0,0.8198079961954758,14721.880859375,-0.015366216713138092
2022-10-11,14721.880859375,14982.730122686056,14692.530312376331,14980.430321049658,14988000,14721.880859375,-0.015366216713138,-1.7269988221393515,15075.780078125,15103.27115234375,14580.339584960937,14988.386603982286,14918.761206284948,0.9765253129910333,0.9747478351463242,1.0097076802353806,31.60560329805402,-79.12318426784805,-53.47296915108959,-25.650215116758453,15783.318464841655,14368.241691408346,0.09386424888795611,0.24990811424908926,0.18716227320595874,0.15825049875066313,-0.015366216713138,0.005697339338126106,-0.054919314408029885,14951.630859375,15036.6806640625,14638.48046875,17374225.0,0.8626571832700451,14829.9306640625,0.007339402194570299
2022-10-12,14829.9306640625,14844.830058502266,14676.530475467942,14761.43075427795,14189900,14829.9306640625,0.0073394021945702,0.757732269688077,15033.78515625,15110.48814453125,14581.2905859375,14973.295562085164,14915.277655609558,0.9864402417575622,0.9814329307044731,1.0170519938999634,36.93568046817377,-80.88858731700384,-58.95609278427244,-21.932494532731397,15690.76010956585,14376.81020293415,0.08739980603523285,0.34485368037323116,0.18809122014548676,0.15584149876728579,0.0073394021945702,-0.009077348918192896,-0.05359971905604577,14721.880859375,14951.630859375,14965.7802734375,17184080.0,0.8257584927444472,14730.2802734375,-0.006719545281926642
2022-10-13,14730.2802734375,14832.329942814771,14683.530335424422,14811.180556794776,13160400,14730.2802734375,-0.0067195452819266,-0.7807725407384433,14988.765185546876,15111.7811328125,14581.184833984375,14950.151248880626,14908.022856308693,0.9827547560516444,0.9747547389667628,1.0102251937102964,35.64377635635573,-89.29924950147688,-65.02472412771333,-24.274525373763552,15594.956505235621,14382.57386585813,0.08088609197417186,0.28679593082726423,0.1886320298088595,0.1537535848737264,-0.0067195452819266,-0.021440865668723386,-0.057604623219459694,14829.9306640625,14721.880859375,15053.0302734375,16830205.0,0.7819512596548883,14815.080078125,0.0057568357908583945
2022-10-14,14815.080078125,14989.130629917932,14803.680679090736,14979.130643101273,12700800,14815.080078125,0.0057568357908583,0.5845481796983734,14950.502734375,15111.1461328125,14581.936333007812,14937.28732785628,14904.37804147796,0.9909419329466005,0.9804074388477642,1.0159885312754686,43.664593738042754,-88.10648759684591,-69.64107682153984,-18.46541077530607,15492.70311444985,14408.302354300151,0.07253272879287961,0.375117519991704,0.19110199549665127,0.1517568368816513,0.0057568357908583,-0.014737334049204298,-0.04911635809802983,14730.2802734375,14829.9306640625,15036.6806640625,16562410.0,0.7668449217233482,14906.130859375,0.006145817691828759
2022-10-17,14906.130859375,14920.680644998163,14718.780518919468,14783.18082516184,14007300,14906.130859375,0.0061458176918287,0.6271154150346046,14933.612744140624,15111.7371484375,14582.829086914062,14934.320045143777,14904.446779434706,0.9981597296490491,0.9863942651302826,1.0221700309682058,55.391888807824124,-78.90461480721206,-71.49378441867428,-7.410830388537775,15458.082285817327,14409.143202463922,0.07024014224320223,0.4738003043244038,0.17924125187257264,0.1523216614521231,0.0061458176918287,-0.0030431462913940166,-0.02215962615756717,14815.080078125,14730.2802734375,14951.630859375,15971330.0,0.877027774142792,15056.5302734375,0.010089768799252719
2022-10-18,15056.5302734375,15071.930644085222,15007.230532701358,15009.080139677058,17377200,15056.5302734375,0.0100897687992527,1.058711575487056,14921.76279296875,15115.3071484375,14583.772587890626,14945.959114505084,14910.410838023052,1.0090316058724813,0.9961114336332838,1.032416693465134,59.034664608202924,-58.798298368101314,-68.95468720855969,10.156388840458376,15422.148916070742,14421.376669866757,0.06706796375797437,0.6346634871013862,0.18302550713086888,0.1539688561802344,0.0100897687992527,0.02273143066834371,-0.01549668613679167,14906.130859375,14815.080078125,14721.880859375,16043785.0,1.0831109990566439,15068.580078125,0.0008003042180813047
2022-10-19,15068.580078125,15153.030163976906,15039.78031076653,15120.380792233129,18958400,15068.580078125,0.0008003042180813,0.0421428765633653,14901.675341796876,15118.83013671875,14584.798583984375,14957.637301516505,14916.613553321167,1.0112004007938613,0.9966763262673539,1.0331702554104427,62.96672956570892,-41.41418228411749,-63.446586223671254,22.032403939553767,15337.419109894785,14465.931573698967,0.05848252067010031,0.6915170663897254,0.17734922492629798,0.15396549140844495,0.0008003042180813,0.01609241603811551,-0.02596900303801053,15056.5302734375,14906.130859375,14829.9306640625,16234435.0,1.167789331750689,15112.080078125,0.0028868015283767257
2022-10-20,15112.080078125,15128.38083830747,14979.580249371267,14998.430810945803,19466800,15112.080078125,0.0028868015283767,0.2704733511026554,14889.21787109375,15123.06412109375,14586.148833007812,14972.34613738398,14924.278907235042,1.0149680264578518,0.9992736893211059,1.0360568955615639,64.53591373165139,-23.852106351832845,-55.527690249303575,31.67558389747073,15281.745808744712,14496.689933442787,0.052726468381257066,0.7838806944088608,0.17654781524388097,0.15407591243486324,0.0028868015283767,0.025919384940419787,-0.016219366697777238,15068.580078125,15056.5302734375,14730.2802734375,16390875.0,1.1876608173755212,15081.080078125,-0.0020513390505965123
2022-10-21,15081.080078125,15181.880728829794,15036.080136403658,15159.579976461118,16520100,15081.080078125,-0.0020513390505965,-0.2699193808577997,14876.50791015625,15124.81912109375,14586.573330078125,14982.701750787886,14930.42797276014,1.0137513567837442,0.9971081278646335,1.0339015022141753,58.08420376536599,-12.293760748456407,-46.88090434913414,34.587143600677734,15221.847045530438,14531.168774782062,0.046427446207103554,0.7961902475175489,0.17657780489126532,0.15356378618686486,-0.0020513390505965,0.01795467851657162,-0.01657610623380046,15112.080078125,15068.580078125,14815.080078125,16282770.0,1.0145755298392103,15198.73046875,0.007801191295021992
2022-10-24,15198.73046875,15248.030210084473,15179.130884561602,15225.430629751245,3966500,15198.73046875,0.0078011912950219,0.8082669739136378,14883.562890625,15129.078125,14586.54408203125,15003.275914403326,14940.949639269547,1.0211755465032852,1.0046038723030257,1.0419692549020494,68.87826085746966,6.2872393125762756,-36.24727561679206,42.534514929368335,15249.625068847692,14517.500712402309,0.04919012751351974,0.9304836676302828,0.16651677641953172,0.1545073916499414,0.0078011912950219,0.01962948079118565,0.009370638096573458,15081.080078125,15112.080078125,14906.130859375,15619480.0,0.25394571394182136,15158.080078125,-0.0026745911909275
2022-10-25,15158.080078125,15253.730345504227,15143.430682938308,15251.730348081232,17178200,15158.080078125,-0.0026745911909275,-0.3381233781777166,14905.182861328125,15130.337109375,14585.740834960938,15018.019168091105,14949.46455844035,1.0169670656945125,1.0018335988517275,1.039239641622605,58.03123009101482,17.530587238597946,-25.49170304571406,43.02229028431201,15282.874363998288,14527.491358657962,0.05067921758277351,0.8347933631126657,0.144435060086916,0.15381474734583733,-0.0026745911909275,0.006744568824508912,0.029363628339283077,15198.73046875,15081.080078125,15056.5302734375,15481270.0,1.109611808333554,15244.23046875,0.005683463221000329
2022-10-27,15244.23046875,15273.280236218288,15172.13095175052,15246.530270490945,17901900,15244.23046875,0.0056834632210003,0.576518840953869,14931.03037109375,15132.41111328125,14584.980087890624,15039.56310148719,14961.024005903473,1.0209764557349372,1.0073893945010923,1.045200636331806,57.99264700411462,33.012095125212,-13.79094341152885,46.80303853674085,15327.73620463783,14534.32453754967,0.053138440373421206,0.8947510613308823,0.14508343348118202,0.1541891232131268,0.0056834632210003,0.011656731404970921,0.035101538486022044,15158.080078125,15198.73046875,15068.580078125,15537995.0,1.1521370678778051,15241.580078125,-0.00017386188370960287
2022-10-28,15241.580078125,15290.130797159914,15191.58014219718,15265.43063349932,14885300,15241.580078125,-0.0001738618837096,-0.0644624888998255,14962.08037109375,15131.633125,14584.737592773437,15058.802813547934,14972.026204814121,1.0186805377393395,1.0072660334953105,1.0450362909290203,58.66454571739268,44.55384826144291,-2.1219850769344983,46.67583333837741,15353.653016334867,14570.507725852634,0.05234200532669182,0.8568938106724572,0.14138241296686183,0.15278620143918148,-0.0001738618837096,0.008569303453298538,0.04247437493462569,15244.23046875,15158.080078125,15112.080078125,15502700.0,0.9601746792494209,15423.9794921875,0.011967224731790349
2022-10-31,15423.9794921875,15433.029284842343,15327.38001125173,15333.130003606506,14360800,15423.9794921875,0.0119672247317903,1.2641661437185516,15003.155322265626,15132.53212890625,14585.11484375,15093.581544846942,14989.74986314249,1.0280490444098345,1.0192596560045972,1.0575151212331366,68.45470882398129,67.63917678898906,11.830247296250214,55.80892949273885,15408.022831304126,14598.287813227125,0.05397098148249183,1.0197060279302836,0.14494838997158138,0.15447790179547014,0.0119672247317903,0.02273705943381832,0.05625749852537365,15241.580078125,15244.23046875,15081.080078125,15313945.0,0.9377596693732411,15537.3798828125,0.00735221352456028
2022-11-01,15537.3798828125,15545.829090410378,15460.679788736576,15507.929726371309,17563700,15537.3798828125,0.0073522135245602,0.7591342446830401,15038.5578125,15135.18814453125,14585.324096679688,15135.848053224614,15011.225550188374,1.033169541689555,1.0265732896374051,1.065274914689729,85.04805161889828,94.00134082152181,28.264466001304534,65.73687482021728,15499.386131645675,14577.729493354323,0.06128623833365273,1.0412233250293947,0.13814877124137606,0.1552989319217809,0.0073522135245602,0.022281427699424983,0.04774658065855286,15423.9794921875,15241.580078125,15198.73046875,15258145.0,1.1511032304385624,15497.529296875,-0.0025648202102326323
2022-11-02,15497.529296875,15561.079017467431,15470.379918739152,15560.429604264298,13563700,15497.529296875,-0.0025648202102326,-0.3261108728229152,15081.51025390625,15140.40611328125,14585.159096679687,15170.293885953222,15030.296285352555,1.0275847070992772,1.0235874243347065,1.062554696465602,80.47832921723236,110.40525346941286,44.6926234949262,65.71262997448665,15545.456192620226,14617.564315192274,0.06152512989788657,0.9483486202303828,0.12750330561728318,0.15334401632566008,-0.0025648202102326,0.02239394547333662,0.058684289667830125,15537.3798828125,15423.9794921875,15158.080078125,15110955.0,0.8976070671906573,15484.6796875,-0.0008291392214107018
2022-11-03,15484.6796875,15519.129837186938,15401.279407329806,15407.77939872126,15335800,15484.6796875,-0.0008291392214107,-0.1361710814457466,15107.455224609375,15150.06509765625,14584.243095703125,15200.235390862439,15048.115242299515,1.0249694245180447,1.0220866767031591,1.0617403718443343,87.40571158397462,120.97410219246922,59.94891923443481,61.02518295803441,15601.228461598721,14613.68198762003,0.065368154947099,0.8819814791803735,0.10513929348224911,0.14904986892875535,-0.0008291392214107,0.015773129331973168,0.03467239292450963,15497.529296875,15537.3798828125,15244.23046875,15109025.0,1.0150092411654623,15530.8291015625,0.002980327329583421
2022-11-04,15530.8291015625,15542.129867890308,15454.279397955692,15495.72953853501,17997500,15530.8291015625,0.0029803273295834,0.2807081069615875,15131.345166015624,15158.8720703125,14583.292094726563,15231.720506167207,15067.04519756473,1.0264010853736982,1.0245372498378986,1.0649741499162986,86.90375368067687,131.55735171902597,74.27060573135304,57.28674598767293,15659.096268397741,14603.594063633507,0.06975600603803413,0.8784775945922627,0.10414610072473517,0.14866442093839163,0.0029803273295834,0.018977627119686646,0.031741039474830535,15484.6796875,15497.529296875,15241.580078125,15184275.0,1.1852722635753106,15615.1298828125,0.005427963999778962
2022-11-07,15615.1298828125,15647.229450030189,15505.729635866084,15610.929693016233,20987100,15615.1298828125,0.0054279639997789,0.5485589398612413,15160.267626953126,15168.36705078125,14582.715844726563,15268.23568489533,15088.53871463327,1.0300035769190963,1.0294535878869202,1.0707971031650652,86.81195765470638,145.07469100086746,88.43142278525593,56.64326821561153,15728.057790779216,14592.477463127036,0.07490503173131195,0.900554892315636,0.10449723833188752,0.14893771239468404,0.0054279639997789,0.012393065662582137,0.03846920950662258,15530.8291015625,15484.6796875,15423.9794921875,15465700.0,1.3570093820518954,15567.2294921875,-0.0030675627410390316
2022-11-09,15567.2294921875,15686.328944664368,15534.82914424577,15684.429533104098,22865100,15567.2294921875,-0.003067562741039,-0.3811272105213596,15191.04755859375,15177.6990234375,14581.645844726563,15296.711285589823,15107.310901988338,1.024763396476956,1.0256646589281078,1.0675906998397833,79.6744950358936,150.19081237124738,100.78330070245423,49.40751166879315,15777.64748650794,14604.447630679559,0.07722968750529725,0.8206460789473188,0.10239424622008843,0.1489911819507058,-0.003067562741039,0.001921148198739786,0.04117267464682661,15615.1298828125,15530.8291015625,15537.3798828125,15898725.0,1.4381719288810892,15439.9794921875,-0.008174222655602303
2022-11-10,15439.9794921875,15523.879771373804,15384.329175478808,15490.229425444137,16961400,15439.9794921875,-0.0081742226556023,-0.9399614231750588,15226.952490234375,15183.5480078125,14580.980346679688,15310.355876694364,15120.35672905497,1.0139901271833447,1.016888772258174,1.0589123039112676,69.03241755887973,142.3365962099051,109.09395980394441,33.242636405960695,15779.561411028699,14674.34356944005,0.07258299665001214,0.6927466187536622,0.0884067677093653,0.15018309027223345,-0.0081742226556023,-0.0037134825548679196,0.04877764191083034,15567.2294921875,15615.1298828125,15497.529296875,15997395.0,1.0602601236013738,15649.0791015625,0.013542738802263532
2022-11-11,15649.0791015625,15662.029279904044,15612.42973552828,15633.479512630458,23015400,15649.0791015625,0.0135427388022635,1.4365784797323162,15267.909912109375,15197.07498046875,14581.863344726562,15342.615231443711,15141.090939741542,1.0249653810932438,1.02974283680739,1.0731878863219417,73.52572489006603,151.24124929620484,117.52341770239651,33.71783159380833,15818.039711008265,14717.780113210485,0.07206353745413858,0.846435686828096,0.09546520015344308,0.1504613139149741,0.0135427388022635,0.010616907639052542,0.05523616098118711,15439.9794921875,15567.2294921875,15484.6796875,16438670.0,1.4000767702009955,15650.1796875,7.032911843296574e-05
2022-11-14,15650.1796875,15684.229447569092,15627.729521605936,15672.479462966136,19758100,15650.1796875,7.032911843296574e-05,-0.0377400737199358,15313.9048828125,15203.57798828125,14583.30884765625,15371.907084401453,15161.055204359522,1.0219587889085635,1.0293747760930345,1.0731569804211623,75.6027716944353,156.5820783782474,125.3351498375667,31.246928540680685,15827.371344685058,14800.438420939941,0.06705885478612471,0.8274554714443413,0.08942214423234374,0.1412753251001848,7.032911843296574e-05,0.007684753026191871,0.06244955268918506,15649.0791015625,15439.9794921875,15530.8291015625,16768555.0,1.178282803735921,15693.8798828125,0.0027923126881030935
2022-11-15,15693.8798828125,15708.879863211434,15609.479602476678,15678.479512311773,14906000,15693.8798828125,0.002792312688103,0.2601332075367426,15357.844873046875,15213.23197265625,14585.874345703125,15402.5711604406,15181.95028978905,1.021880349264067,1.0315940696244001,1.0759642864629355,73.86372300580608,162.46813294462663,132.7617464589787,29.706386485647926,15841.094279176095,14874.595466917655,0.06293192959349324,0.8476827964015353,0.08884859999137522,0.14019984818938316,0.002792312688103,0.005043185717377829,0.05931792471274444,15650.1796875,15649.0791015625,15615.1298828125,16878815.0,0.8831188682380843,15663.279296875,-0.0019498419871948336
2022-11-16,15663.279296875,15711.279234029049,15607.229565572989,15696.529253341085,18956700,15663.279296875,-0.0019498419871948,-0.2588123103926245,15395.702294921875,15222.46595703125,14590.630590820312,15427.400506767686,15200.825937125755,1.0173799802586065,1.0289580769034428,1.0735162678115875,74.58624032748202,162.78715308059873,138.76682778330272,24.02032529729601,15847.563567247416,14943.841022596334,0.05869966353851279,0.7960831325234199,0.08957060846085275,0.14029368948317103,-0.0019498419871948,0.0061699999178210785,0.05079443113997639,15693.8798828125,15650.1796875,15567.2294921875,17126285.0,1.106877527730036,15597.2294921875,-0.004216856728123219
2022-11-17,15597.2294921875,15661.07901761079,15573.929718135403,15630.529253091248,17510700,15597.2294921875,-0.0042168567281232,-0.5068972463422685,15422.737255859374,15228.52294921875,14594.455834960938,15443.574695855288,15216.371174579159,1.011313960254483,1.0242115761455162,1.0687092186626392,67.5220096997141,155.9130430914829,142.19607084493876,13.716972246544145,15853.356433960043,14992.118077758705,0.05584212075415358,0.7026062065988974,0.08786239974427126,0.14013841421474413,-0.0042168567281232,0.010184599019679164,0.03591127629875612,15663.279296875,15693.8798828125,15439.9794921875,17132960.0,1.0220475621258673,15550.8291015625,-0.002974912348904124
2022-11-18,15550.8291015625,15644.779172977396,15472.329205085029,15634.279186824358,17409900,15550.8291015625,-0.0029749123489041,-0.3709882528059435,15446.84970703125,15233.2789453125,14598.811577148437,15453.789401160737,15229.48717171576,1.006731430453675,1.020845817725127,1.0652119879336108,64.71140793594242,145.04910190381088,142.7666770567132,2.2824248470976727,15846.891329067856,15046.808084994644,0.05179588454913045,0.6299607200886533,0.08942875504591785,0.14033319738017913,-0.0029749123489041,-0.006278324709227734,0.03200361420500264,15597.2294921875,15663.279296875,15649.0791015625,17055535.0,1.0207771260180347,15453.779296875,-0.006240812245679517
2022-11-21,15453.779296875,15523.12979078149,15431.179717490588,15514.579020878718,18970500,15453.779296875,-0.0062408122456795,-0.7283836204150979,15463.93466796875,15235.96693359375,14602.464321289062,15453.78843884781,15238.282941329848,0.9993432867305897,1.0142959330530572,1.0582994045974006,51.542908686766616,127.14262109049196,139.64186586346898,-12.499244772977022,15831.65812497089,15096.211210966609,0.047558847718595434,0.48619156474674297,0.09345372127644727,0.14110987448699724,-0.0062408122456795,-0.012549401639258329,0.022610998418716388,15550.8291015625,15597.2294921875,15650.1796875,17030720.0,1.1138988838992128,15509.1796875,0.0035849088796164885
2022-11-22,15509.1796875,15518.079089794806,15437.279391948872,15472.6299311423,18894300,15509.1796875,0.0035849088796164,0.3468689361826922,15485.3396484375,15237.33693359375,14605.40306640625,15459.063795862305,15248.906343140443,1.001539523162148,1.0178405685383853,1.0618796083192334,48.44661625101316,116.08381262745934,134.93025521626706,-18.84644258880772,15806.063691155066,15164.615605719935,0.04142292645804596,0.537165968070183,0.09304558733759348,0.14022567556157853,0.0035849088796164,-0.01176893137271795,0.028386535125952683,15453.779296875,15550.8291015625,15693.8798828125,17149430.0,1.1017450725767561,15538.1298828125,0.0018666490359791066
2022-11-23,15538.1298828125,15572.879836948194,15520.229515813082,15572.729446521684,19665600,15538.1298828125,0.0018666490359791,0.1588355830872211,15502.309619140626,15238.75193359375,14607.5128125,15466.59389938137,15260.248442735427,1.0023106404498363,1.0196458312677676,1.0637081125485066,52.26363215555577,108.4060288408673,129.62540994118712,-21.219381100319822,15793.761869934957,15210.857368346295,0.03760113917921722,0.5614513416411906,0.08997887412981803,0.1402340916757351,0.0018666490359791,-0.007989988028079709,0.02233077392617333,15509.1796875,15453.779296875,15663.279296875,17934385.0,1.0965304915668979,15680.779296875,0.009180603788123243
2022-11-24,15680.779296875,15706.479458576026,15567.729640037369,15588.429808277542,19380200,15680.779296875,0.0091806037881232,0.9592194374424016,15528.444580078125,15240.819921875,14609.450063476563,15486.992508666479,15276.739848780117,1.0098100434986457,1.028867172321125,1.0733312498926122,59.550911303932764,112.53471527127476,126.20727100720464,-13.672555735929876,15781.08649189917,15275.80266825708,0.03253924248731908,0.8014834626963585,0.09313295060875738,0.14083945064921527,0.0091806037881232,0.005356708044165659,0.034483207375604286,15538.1298828125,15509.1796875,15597.2294921875,18044485.0,1.0740234481615851,15727.2294921875,0.0029622376817557416
2022-11-25,15727.2294921875,15743.079080895135,15668.329178366655,15719.779306589808,25809200,15727.2294921875,0.0029622376817557,0.2787285128100101,15552.59453125,15241.9679296875,14612.406806640625,15509.872221382768,15294.406109305895,1.0112286705981182,1.0318371987619022,1.076292885922136,59.56275890320376,118.19242289528302,124.60430138482033,-6.411878489537315,15782.127728717347,15323.061333782654,0.029517029715669364,0.8804132972126236,0.0920892729524087,0.14037112965809137,0.0029622376817557,0.011343471751437129,0.031684054136259965,15680.779296875,15538.1298828125,15550.8291015625,18439850.0,1.399642621821761,15784.4296875,0.0036370166367136747
2022-11-28,15784.4296875,15817.329058818215,15642.779480913065,15683.72962302137,24072600,15784.4296875,0.0036370166367136,0.3525712147557205,15579.73701171875,15245.0429296875,14615.901801757813,15536.020551489171,15313.62272021547,1.013138390951483,1.0353811242316755,1.0799490788588666,58.46666868447731,125.84115615389055,124.85167233863439,0.9894838152561647,15781.069068524572,15378.404954912927,0.02584537295518812,1.0083459609655234,0.0921219416882982,0.14046021531198077,0.0036370166367136,0.021396085984731528,0.035616360416208304,15727.2294921875,15680.779296875,15453.779296875,18899215.0,1.2737354435091617,15812.4296875,0.001773900011235341
2022-11-29,15812.4296875,15859.329040736737,15782.37992178532,15784.529333060156,20853400,15812.4296875,0.0017739000112353,0.1486858317655662,15599.159521484375,15249.68494140625,14620.611049804687,15562.34523110925,15333.18377775604,1.0136719010868434,1.0369020572068197,1.0815163356466715,62.51147327198691,132.63328442027523,126.40799475496256,6.225289665312673,15811.851606791644,15386.467436177105,0.02726968526917364,1.0013589614924296,0.08389084757030263,0.14027576155116864,0.0017739000112353,0.01955293613913134,0.025184823119692057,15784.4296875,15727.2294921875,15509.1796875,19223845.0,1.0847673813433265,15946.1298828125,0.008455385918217928
2022-11-30,15946.1298828125,15991.579043111777,15820.529458405728,15827.429840156365,31486200,15946.1298828125,0.0084553859182179,0.8798570823783501,15619.597021484375,15263.72892578125,14626.056547851562,15598.896150319084,15357.220879915118,1.0209053319928156,1.0447073556107669,1.09025490436483,75.65770714251876,147.10880466051822,130.5481567360737,16.56064792444451,15880.404679885984,15358.789363082766,0.033394927928404,1.1260032073601582,0.08503736908165584,0.13210353814460862,0.0084553859182179,0.026257986197638195,0.026307524375597025,15812.4296875,15784.4296875,15538.1298828125,19919970.0,1.5806349105947448,16003.9296875,0.0036246917033957438
2022-12-01,16003.9296875,16041.629834502644,15972.729532168114,16041.129835143354,20872600,16003.9296875,0.0036246917033957,0.3512224673313829,15644.917041015626,15277.93693359375,14630.994545898437,15637.470772907742,15382.582009624328,1.0229475583375205,1.0475190306820752,1.0938374446996457,71.24722106130982,161.38438123794003,136.71540163644698,24.66897960149305,15950.337205699423,15339.496876331828,0.03904401204340944,1.0877356638435673,0.08412735766446494,0.13213964976631737,0.0036246917033957,0.020608056813184117,0.03267620153666129,15946.1298828125,15812.4296875,15680.779296875,20285415.0,1.0289461664944985,15963.4794921875,-0.002527516435172461
2022-12-02,15963.4794921875,15991.02926148262,15909.579170806655,15977.479474202137,22312000,15963.4794921875,-0.0025275164351724,-0.3220286300040209,15668.85703125,15287.79994140625,14635.251040039062,15668.519222362958,15405.362303058178,1.0188030601306723,1.0441973046070026,1.0907554266417894,67.91510263051214,167.50301532651247,142.8729243744601,24.63009095205237,15995.70178078393,15342.01228171607,0.04171902888411694,0.9507070426504817,0.08499528025271547,0.13008684632568748,-0.0025275164351724,0.015021717596055861,0.030920872394539112,16003.9296875,15946.1298828125,15727.2294921875,20634225.0,1.0813102987875727,15967.1796875,0.00023179127797989807
2022-12-05,15967.1796875,15999.779255005,15881.779406560803,15994.929651858698,23665500,15967.1796875,0.0002317912779798,-0.0200708769624907,15690.674560546875,15299.9189453125,14640.630537109375,15696.963076185533,15427.394357350015,1.0176222587426789,1.043612044258047,1.0906073783521988,66.37699885308916,170.6831229669715,148.4349640929624,22.248158874009107,16036.432365978682,15344.916755115068,0.04407175792188943,0.8998537742436582,0.08493632684658466,0.12888806521126786,0.0002317912779798,0.011577865251902297,0.02809576894343646,15963.4794921875,16003.9296875,15784.4296875,20917625.0,1.1313664911766992,15922.8291015625,-0.0027776092463104307
2022-12-06,15922.8291015625,15936.679669661156,15881.57915469038,15904.079125711536,23116300,15922.8291015625,-0.0027776092463104,-0.349396894494097,15706.059521484374,15311.66994140625,14648.2427734375,15718.474126221434,15446.823170848545,1.0138016527813107,1.0399145986358769,1.087012916691706,65.30091294493175,167.69161499833353,152.28629427403663,15.4053207242969,16064.802935786678,15347.31610718207,0.045682166658232076,0.8021234278250158,0.08476910639459916,0.12901952968932953,-0.0027776092463104,0.0069818121720897075,0.01970519752696287,15967.1796875,15963.4794921875,15812.4296875,21024085.0,1.0995151513133627,15861.9794921875,-0.0038215325296073743
2022-12-07,15861.9794921875,15953.229374211336,15836.029330425734,15932.229401362016,20084400,15861.9794921875,-0.0038215325296073,-0.4636359579626505,15720.797021484375,15327.7569140625,14653.52501953125,15732.141303932487,15463.103810901055,1.0089806178726295,1.034853278344653,1.0824685166910717,65.7037565647315,158.58272550013135,153.5455805192556,5.037144980875752,16079.743831590227,15361.850211378523,0.04566521781501087,0.696662105258428,0.0852883859481592,0.12206171361857418,-0.0038215325296073,-0.005277167014405282,0.018934004933114368,15922.8291015625,15967.1796875,15946.1298828125,20885050.0,0.9616639653723597,15911.0791015625,0.003095427616659263
2022-12-08,15911.0791015625,15918.729482326911,15860.279362350857,15881.779334639512,19672900,15911.0791015625,0.0030954276166592,0.2933038112732861,15744.352001953124,15351.4648828125,14659.131010742187,15749.18299894487,15480.671469358367,1.010589645073274,1.0364534735298483,1.085403977214126,71.30017345074386,153.5556985727635,153.54760412995716,0.008094442806338975,16087.174774164048,15401.5292297422,0.04354866712435981,0.7431680639727931,0.07839750650824362,0.11003248527609494,0.0030954276166592,-0.005801736682836234,0.030511673257945127,15861.9794921875,15922.8291015625,16003.9296875,21020625.0,0.9358855885588558,15812.7294921875,-0.006181202968524091
2022-12-09,15812.7294921875,15967.279096436849,15727.329212319655,15964.828904302043,36793400,15812.7294921875,-0.006181202968524,-0.7218604322601534,15752.534521484375,15373.1738671875,14664.334506835938,15755.235045920359,15493.693352606568,1.0038212879724864,1.0285923797387206,1.0783121105711428,71.19074989764448,140.02166933681838,150.8424171713294,-10.820747834511025,16093.590122924388,15411.478920044361,0.043301679609060645,0.588248031183743,0.0689584940153956,0.11136106361408578,-0.006181202968524,-0.00944342992853009,0.010457509324536485,15911.0791015625,15861.9794921875,15963.4794921875,21709525.0,1.6948044694667432,15827.9794921875,0.0009644128806183261
2022-12-12,15827.9794921875,15836.829090096357,15687.929868957868,15759.629971370812,27913900,15827.9794921875,0.0009644128806183,0.0601016865786924,15761.42451171875,15397.32185546875,14669.921000976563,15762.16308842199,15506.80261298229,1.004222650079583,1.027969645680024,1.0789410175510725,69.75705762543222,129.03892085467305,146.48171790799813,-17.44279705332508,16100.509869265294,15422.339154172205,0.04302724760625667,0.598138977379784,0.06895260750946536,0.1095763228982979,0.0009644128806183,-0.008717894959337946,0.011360879442777971,15812.7294921875,15911.0791015625,15967.1796875,22117315.0,1.262083575696236,15904.4794921875,0.004833213237214418
2022-12-13,15904.4794921875,15913.77928488351,15830.62997803674,15863.229545376676,34973000,15904.4794921875,0.0048332132372144,0.4834739176189937,15771.9544921875,15423.3618359375,14676.457998046875,15775.717031637754,15522.397784715828,1.0084025730650976,1.0311940847506387,1.083672878994649,71.44026317417058,125.06623847288392,142.1986220209753,-17.132383548091383,16115.261787204387,15428.647197170614,0.04353389368285569,0.6930122108136213,0.07019288549137895,0.10961204851944466,0.0048332132372144,-0.0011524088626435613,0.013419218889628715,15827.9794921875,15812.7294921875,15922.8291015625,23120665.0,1.5126295026548762,15963.779296875,0.0037284970386253224
2022-12-14,15963.779296875,15988.529265080042,15946.279319356285,15958.129890069991,44159300,15963.779296875,0.0037284970386253,0.3625821375958626,15786.9794921875,15446.0508203125,14683.83173828125,15793.62772356511,15539.70686362403,1.01119909003334,1.0335185014334962,1.0871671360314545,68.35278858501046,125.25895050241888,138.81068771726402,-13.551737214845133,16136.50728325885,15437.45170111615,0.044280514995829176,0.7529123709231126,0.07026942088439778,0.10507732959584017,0.0037284970386253,0.006417849975007162,0.019184999150206883,15904.4794921875,15827.9794921875,15861.9794921875,24380795.0,1.811232980712893,15783.779296875,-0.011275525466280745
2022-12-15,15783.779296875,15968.17944790949,15758.829133980164,15938.029096458742,33354300,15783.779296875,-0.0112755254662807,-1.279344531390991,15796.306982421875,15468.956796875,14690.2159765625,15792.689778166052,15549.278331594656,0.9992069231396418,1.0203518895381232,1.0744416094397267,53.12585356713229,109.62350892439281,132.9732519586898,-23.349743034296978,16134.27960720612,15458.33435763763,0.042791346757228635,0.48146641972060084,0.08083863671043558,0.10401190841141121,-0.0112755254662807,-0.008000702144394412,0.011960444948312166,15963.779296875,15904.4794921875,15911.0791015625,25172975.0,1.325004295280951,15636.3291015625,-0.009341881468254765
2022-12-16,15636.3291015625,15799.328887780286,15625.22950674516,15710.879785035622,28777500,15636.3291015625,-0.0093418814682547,-1.067741166516866,15800.581982421874,15482.3677734375,14699.519208984375,15777.79828515619,15552.692087279669,0.9896046309533342,1.0099443011804141,1.0637306485511135,42.556261810086546,84.3618395842077,123.25096948379337,-38.88912989958567,16127.461687195075,15473.702277648674,0.04137565377488412,0.24875637970000786,0.08746783247207784,0.09534870931609543,-0.0093418814682547,-0.01115559402392563,0.0054980991329529605,15783.779296875,15963.779296875,15812.7294921875,25741355.0,1.1179481422015274,15755.1796875,0.007600926353335868
2022-12-19,15755.1796875,15763.979480733202,15606.130076823709,15658.829226977585,25370500,15755.1796875,0.0076009263533358,0.7863514943474065,15815.652001953125,15496.41076171875,14707.358198242187,15775.64413299846,15560.632777484388,0.9961764260843842,1.0166986362042296,1.0712447113298054,47.36333167161192,73.08950334307337,113.21867625564938,-40.12917291257601,16100.270408549199,15531.033595357052,0.035991991548740054,0.39376598095544,0.08756302991870844,0.0959014202421079,0.0076009263533358,-0.004599437642905269,0.019503345093452085,15636.3291015625,15783.779296875,15827.9794921875,26061355.0,0.9734912094939039,15726.1796875,-0.0018406645036874725
2022-12-20,15726.1796875,15740.229473865798,15580.779486484946,15704.029325760304,23261300,15726.1796875,-0.0018406645036874,-0.2468647528782984,15826.502001953126,15510.2007421875,14714.449438476562,15770.933233427177,15567.124813171275,0.9936611188978622,1.013924961314333,1.0687576013804418,38.78892137570289,61.111581748531535,102.79725735422582,-41.685675605694286,16076.349046973392,15576.65495693286,0.03157324909691563,0.29923253756055523,0.0875408038360511,0.0959979141915449,-0.0018406645036874,-0.011210665823743748,0.013991713576888776,15755.1796875,15636.3291015625,15904.4794921875,26279705.0,0.88514311709359,15527.529296875,-0.012631827600373735
2022-12-21,15527.529296875,15812.02892112527,15497.579141118838,15772.929363390578,30620200,15527.529296875,-0.0126318276003737,-1.427767972134491,15825.97197265625,15521.7187109375,14721.088178710937,15747.751906136493,15565.572047826323,0.9811422213879253,1.0003743519674406,1.0547813523276293,28.766265873776135,35.18398715310832,89.27460331400232,-54.090616160894,16078.426209765483,15573.517735547019,0.03190378923271199,-0.09108272294916818,0.09933244055726966,0.09966105364598976,-0.0126318276003737,-0.0273274888036944,-0.0006822304883180585,15726.1796875,15755.1796875,15963.779296875,26827435.0,1.141376355957996,15431.4794921875,-0.0061857751385361315
2022-12-22,15431.4794921875,15636.07882965825,15369.579183825508,15599.5290735439,27560300,15431.4794921875,-0.0061857751385361,-0.7223607759430196,15813.506982421875,15535.91068359375,14727.56591796875,15717.630723855636,15560.313516232645,0.975841697185891,0.9932780772538471,1.0477956492022842,27.407855295288613,6.8072948636399815,72.78114162392986,-65.97384676028987,16115.837686027759,15511.176278815992,0.03823702154644528,-0.13180399092421113,0.095360725761797,0.09398339897642415,-0.0061857751385361,-0.02232037068316406,-0.015898432084761382,15527.529296875,15726.1796875,15783.779296875,27236440.0,1.0118906876229052,15045.98046875,-0.024981339192568508
2022-12-23,15045.98046875,15349.329684346118,15018.730504123292,15300.730138058392,28171000,15045.98046875,-0.0249813391925685,-2.7792050567933986,15779.44453125,15540.2316796875,14733.330161132813,15653.664032893195,15540.143592801955,0.9535177514615658,0.9681953769335672,1.021220613683251,20.459220102282757,-46.25479121985882,48.97395505517212,-95.22874627503094,16236.578955888363,15322.310106611636,0.05794049641392814,-0.3022411165817765,0.12710460716961502,0.1094382856220023,-0.0249813391925685,-0.037754937810403844,-0.043316530974251366,15431.4794921875,15527.529296875,15636.3291015625,27354530.0,1.029847707125657,15418.3291015625,0.0247473824378448
2022-12-27,15418.3291015625,15433.629862461064,15278.57928744276,15375.17974489266,25513000,15418.3291015625,0.0247473824378448,2.6627298798477934,15761.139501953125,15553.99265625,14742.60064453125,15631.251182290272,15535.36655392982,0.9782496436664275,0.9912778951562005,1.0458350920115245,36.633617767478654,-57.59750571938275,27.659662900261146,-85.25716861964389,16245.917141750186,15276.361862156064,0.0615155572650006,0.14642511097017666,0.15820462587024187,0.12120697264141109,0.0247473824378448,-0.02138030746832764,-0.023193779768135858,15045.98046875,15431.4794921875,15755.1796875,27426550.0,0.9302300143474116,15432.779296875,0.0009372089035921682
2022-12-28,15432.779296875,15468.12983583702,15363.629974701413,15390.529353018735,23697500,15432.779296875,0.0009372089035921,0.0571246892190077,15742.156982421875,15566.346640625,14751.23087890625,15612.349097965009,15531.343524241396,0.9803471858467467,0.9914194803165043,1.0462028168065176,38.34200629474542,-64.67514388388918,9.192701543431083,-73.86784542732026,16247.762920181538,15236.551044662212,0.0642359161230833,0.19405255907602686,0.15802903179698863,0.12070425655916509,0.0009372089035921,-0.018656812808657497,-0.024009617631698954,15418.3291015625,15045.98046875,15726.1796875,27568755.0,0.8595781710128005,15485.1796875,0.0033953955808601055
2022-12-29,15485.1796875,15517.429644789738,15306.979728186783,15369.979644752786,21215900,15485.1796875,0.0033953955808601,0.3261300350477445,15719.10947265625,15577.9276171875,14758.758872070313,15600.23772553977,15529.533177702517,0.985118127361911,0.9940461958761979,1.0492196411450543,38.45236891088324,-65.3031751722192,-5.7064737996989745,-59.59670137252022,16227.582131404379,15210.63681390812,0.06469484287676686,0.2699681771164846,0.15493287131926975,0.12024018404505651,0.0033953955808601,-0.002727388792209351,-0.028906712707095994,15432.779296875,15418.3291015625,15527.529296875,27055240.0,0.7841697209117346,15448.8291015625,-0.0023474435990460396
2022-12-30,15448.8291015625,15581.929510813585,15425.629913608658,15557.729347626006,21417000,15448.8291015625,-0.002347443599046,-0.3023228216516678,15691.354443359374,15585.77359375,14765.058110351563,15585.817856589552,15526.368311971535,0.9845440148157821,0.9912134940647145,1.0463100778947532,39.79012203577766,-67.9507885906005,-18.15533675787928,-49.79545183272121,16194.943290585048,15187.7655961337,0.06418679140075916,0.25920302531198597,0.15379977427198535,0.118523045597992,-0.002347443599046,0.0011242998044214136,-0.0346852677296543,15485.1796875,15432.779296875,15431.4794921875,27082460.0,0.790807038946979,15523.650390625,0.004843168926953245
2023-01-02,15523.650390625,15536.349609375,15433.2998046875,15479.9501953125,2100336300,15523.650390625,0.0048431689269532,0.4845633929570235,15669.36298828125,15594.875,14771.490703125,15579.89714554531,15526.26172682069,0.9907007963396327,0.9954328194759496,1.0509196872960747,41.73769043556089,-63.28211178701895,-27.180691763707216,-36.10142002331173,16161.192725329318,15177.53325123318,0.06277597084397946,0.35186682841590766,0.1555017461371676,0.11891524692508224,0.0048431689269532,0.03174734427358228,-0.027552207636045267,15448.8291015625,15485.1796875,15045.98046875,130983675.0,16.0350997939247,15557.7998046875,0.002199831431602073
2023-01-03,15557.7998046875,15575.7001953125,15500.75,15515.75,20771100,15557.7998046875,0.002199831431602,0.1952965428619346,15648.893994140624,15603.78939453125,14777.406796875,15577.792636892185,15527.498514188017,0.9941788736323964,0.9970526653057835,1.0528098751384127,40.36637098178419,-56.17898312068428,-32.98035003510263,-23.198633085581648,16122.264949565675,15175.523038715573,0.06049896632979477,0.4037813913068109,0.1559236723083694,0.1188579684902048,0.002199831431602,0.009045772872422697,-0.025638834836498092,15523.650390625,15448.8291015625,15418.3291015625,130838955.0,0.15875317866915095,15393.0,-0.010592744909717067
2023-01-04,15393.0,15574.5,15375.7998046875,15563.150390625,21390500,15393.0,-0.010592744909717,-1.2046261947235395,15622.4025390625,15610.02779296875,14783.292641601562,15560.193338140549,15522.224062651232,0.9853157964347099,0.9860968990031839,1.0412430013515843,35.01750288100193,-63.12006065779315,-39.00829215964073,-24.111768498152415,16090.497365523079,15154.30771260192,0.05992609975195786,0.25496146710556167,0.15936759241544637,0.12136159136305963,-0.010592744909717,-0.0025775847700391097,-0.03327480928062643,15557.7998046875,15523.650390625,15432.779296875,130752665.0,0.1635951359002893,15386.2001953125,-0.00044174655281625785
2023-01-05,15386.2001953125,15462.150390625,15286.400390625,15446.5,17566700,15386.2001953125,-0.0004417465528162,-0.093777759673054,15598.61357421875,15613.7771875,14787.814736328124,15543.622562633114,15516.889793343831,0.9863825475324727,0.9854246035757643,1.040464765731367,38.520025332720365,-68.38134445073956,-44.882902617860495,-23.498441832879067,16063.793058518513,15133.434089918988,0.05964369616394332,0.2716866434616419,0.15920622281201385,0.12019490049611117,-0.0004417465528162,-0.0063918852854770725,-0.02999495095232818,15393.0,15557.7998046875,15485.1796875,130626780.0,0.13448008134319778,15272.0,-0.007422248109529406
2023-01-06,15272.0,15419.400390625,15219.849609375,15401.349609375,17314600,15272.0,-0.0074222481095294,-0.8576710199720076,15566.659619140624,15616.0555859375,14790.566333007813,15517.753747144247,15507.28627203623,0.9810711079737162,0.977967830349725,1.0325500495486628,39.27415473557597,-80.8341454023248,-52.07315117475336,-28.76099422757143,16029.256952533779,15104.06228574747,0.05943437381059184,0.18151608551277665,0.15957969205230868,0.12126158590309113,-0.0074222481095294,-0.011446116750985058,-0.04016566679627287,15386.2001953125,15393.0,15448.8291015625,130508865.0,0.13266991479850812,15450.099609375,0.011661839272852248
2023-01-09,15450.099609375,15472.150390625,15353.349609375,15360.400390625,16224900,15450.099609375,0.0116618392728522,1.2307470703209142,15548.528125,15620.17296875,14794.805180664063,15511.310495928128,15505.043657814222,0.9936695927206936,0.989111941352042,1.0442921972076638,41.32121199965753,-75.46205029570592,-56.75093099894388,-18.711119296762043,15998.7779323775,15098.278317622502,0.057915425017436455,0.39069566048379567,0.16582522680637415,0.12338162614573521,0.0116618392728522,-0.00473798233013667,-0.022932782287312437,15272.0,15386.2001953125,15523.650390625,129480440.0,0.12530772987796457,15325.25,-0.008080828766905968
2023-01-10,15325.25,15472.4501953125,15262.099609375,15470.0,16031600,15325.25,-0.0080808287669059,-0.9297411028229156,15523.391650390626,15621.8463671875,14797.811279296875,15493.590448696878,15497.992926135234,0.9872359304684786,0.9810140005082576,1.0356430225219218,39.18434185871837,-80.3526904865812,-61.47128289647135,-18.881407590109845,15963.98131037903,15082.801990402222,0.05676461303188061,0.2751403761993461,0.16742691588872557,0.12480583876020673,-0.0080808287669059,-0.014947473782085385,-0.03176207629253258,15450.099609375,15272.0,15557.7998046875,128886325.0,0.12438557775621269,15301.349609375,-0.0015595432782499197
2023-01-11,15301.349609375,15375.099609375,15257.0,15342.75,16188500,15301.349609375,-0.0015595432782499,-0.2161009735575693,15493.23515625,15619.39376953125,14800.842373046875,15475.28179733289,15490.281423517185,0.9876148819184744,0.9796378678424345,1.033816131792578,43.2633239632275,-85.17527233286273,-66.21208078374963,-18.963191549113105,15905.6613212164,15080.808991283602,0.053239515286127755,0.2673698189215256,0.1657184642603922,0.12187330919575602,-0.0015595432782499,-0.005954030444032976,-0.03792201329875433,15325.25,15450.099609375,15393.0,127947100.0,0.1265249466381028,15279.599609375,-0.00142144324227933
2023-01-12,15279.599609375,15347.2001953125,15203.5498046875,15329.7001953125,15254100,15279.599609375,-0.0014214432422793,-0.2009883507943062,15459.026171875,15614.2381640625,14803.743720703125,15456.645398479757,15482.01939159004,0.9883934110399246,0.9785683713049991,1.0321442938792833,45.2668259350555,-89.71803278413063,-70.91327118382583,-18.8047616003048,15817.025330571432,15101.02701317857,0.046315874585648266,0.24940365341417406,0.16441016062934807,0.12068877668551932,-0.0014214432422793,-0.0069283243805690065,-0.04285825272176824,15301.349609375,15325.25,15386.2001953125,126501840.0,0.12058401680165284,15346.099609375,0.004352208284253534
2023-01-13,15346.099609375,15370.0498046875,15215.0,15295.900390625,16543300,15346.099609375,0.0043522082842535,0.4308363759248914,15437.1421875,15611.2095703125,14807.215815429687,15446.117228088828,15476.689204052196,0.9941023683646109,0.98301797437646,1.0363933234081573,61.673972664510956,-86.94990455895459,-74.12059785885158,-12.829306700103004,15763.68251453585,15110.601860464149,0.042305800266611675,0.3605951997540497,0.16223301598573106,0.12102160632466014,0.0043522082842535,0.004851991184848137,-0.027729714111414117,15279.599609375,15301.349609375,15272.0,125661290.0,0.13164992974367842,15305.4501953125,-0.0026488433606717265
2023-01-16,15305.4501953125,15421.25,15276.5,15398.150390625,18627400,15305.4501953125,-0.0026488433606717,-0.3353057305001236,15420.5982421875,15607.62498046875,14810.363916015625,15432.720367824415,15469.973948807503,0.9925328417830134,0.9806392846102857,1.0334283669263182,44.08218224200862,-87.03294932701829,-76.70306815248493,-10.329881174533355,15738.048309923231,15103.148174451768,0.041172211706707325,0.3186359705376158,0.15958092349193784,0.12114163232260472,-0.0026488433606717,-0.009362361261070928,-0.02116090701985396,15346.099609375,15279.599609375,15450.099609375,125153785.0,0.14883608993527442,15396.150390625,0.005926006367344749
2023-01-17,15396.150390625,15411.0,15291.599609375,15328.849609375,16620100,15396.150390625,0.0059260063673447,0.6030609272665673,15402.64677734375,15604.93140625,14813.535263671874,15429.237512853042,15467.07890731015,0.999578229195757,0.986620830929037,1.0393299179826376,48.221847177188266,-78.8708411935695,-77.13662276070185,-1.7342184328676495,15678.284580590444,15127.008974097058,0.03579096595945048,0.4882157188841315,0.15848772489538598,0.12171900248865933,0.0059260063673447,0.004626377424511885,-0.022788016639369135,15305.4501953125,15346.099609375,15325.25,124716265.0,0.13326329168051979,15466.349609375,0.004559530594917094
2023-01-18,15466.349609375,15479.650390625,15376.5,15416.599609375,14567100,15466.349609375,0.004559530594917,0.453524160540195,15389.6552734375,15601.95580078125,14816.382607421874,15432.771998236087,15467.050307391124,1.0049834992775877,0.9913083851064711,1.0438681302430421,49.101420800226755,-65.97727644578299,-74.90475349771808,8.927477051935085,15622.213524941963,15157.097021933037,0.030222671966647918,0.6648927428734204,0.15971699050892457,0.12152996814307536,0.004559530594917,0.010783362527636564,-0.01652213590892182,15396.150390625,15305.4501953125,15301.349609375,124281555.0,0.11721047423328426,15419.7001953125,-0.0030161877392337333
2023-01-19,15419.7001953125,15455.150390625,15387.25,15427.150390625,13979400,15419.7001953125,-0.0030161877392337,-0.3755051191418122,15384.263818359375,15599.00521484375,14819.008706054687,15431.527064624317,15465.193440250787,1.0023034171391962,0.9885053554978861,1.0405352005098956,48.623486563721606,-58.844923688877316,-71.69278753594993,12.847863847072617,15608.203641978791,15160.32399473996,0.029112842351566314,0.5791203109384632,0.15379423579717805,0.12152370740195284,-0.0030161877392337,0.009169126778134862,-0.006944382425618789,15466.349609375,15396.150390625,15279.599609375,123449515.0,0.11323981305232346,15347.900390625,-0.0046563683974431
2023-01-20,15347.900390625,15443.4501953125,15336.7001953125,15428.2001953125,14565800,15347.900390625,-0.0046563683974431,-0.5549940771055707,15380.08486328125,15597.1636328125,14820.311806640624,15423.562619481525,15460.593712814481,0.9979073930383123,0.9840186813413233,1.0355990205110244,41.67098618193301,-58.313920350828994,-69.01701409892576,10.703093748096762,15603.433383747384,15156.736342815117,0.02904386060955312,0.4279501100130224,0.15311273501173733,0.12058383247048708,-0.0046563683974431,0.00011734455632628205,-0.005416143125149708,15419.7001953125,15466.349609375,15346.099609375,122799790.0,0.11861420935654694,15403.2001953125,0.0036030859778890534
2023-01-23,15403.2001953125,15427.5,15364.25,15411.5,17463500,15403.2001953125,0.003603085977889,0.3488581002491124,15397.945849609376,15592.2460546875,14820.406909179688,15421.623340989236,15458.342986637934,1.0003412367957676,0.9878756492995332,1.0393237034383875,42.81732009896878,-52.82196556274721,-65.77800439169005,12.956038828942837,15556.544942359817,15239.346756858935,0.020600032536736576,0.5165648668333669,0.12234827271083763,0.11680965848796745,0.003603085977889,0.006386613837072064,0.023741870947156407,15347.900390625,15419.7001953125,15305.4501953125,122264415.0,0.14283387361727448,15388.5498046875,-0.0009511264178374557
2023-01-24,15388.5498046875,15459.2998046875,15364.2001953125,15451.2001953125,13851600,15388.5498046875,-0.0009511264178374,-0.1495204369950689,15396.456884765625,15587.01345703125,14820.397260742187,15418.47348038907,15455.605999110467,0.9994864350845584,0.9872673714633753,1.0383358511887055,49.75972109222412,-49.08588439045707,-62.43958039144346,13.353696000986389,15554.809197779408,15238.104571751841,0.020569968038615265,0.4750332662399715,0.08508626992637133,0.11681595666337152,-0.0009511264178374,-0.0004936679458605875,-0.0019314217953735335,15403.2001953125,15347.900390625,15396.150390625,121681345.0,0.11383503362820324,15171.9501953125,-0.014075375010907276
2023-01-25,15171.9501953125,15368.7001953125,15146.400390625,15364.400390625,17964600,15171.9501953125,-0.0140753750109072,-1.5857388756389956,15383.4154296875,15576.57486328125,14819.617612304688,15394.99507228654,15444.482242098784,0.9862536875935297,0.9740235146994624,1.023774741847271,40.568717607839005,-62.877973286636916,-62.52725897048215,-0.35071431615476456,15569.675438335027,15197.155421039974,0.02421568987704291,-0.06766139954149683,0.09835217731389931,0.12058857988570112,-0.0140753750109072,-0.01903483507731185,-0.016900980474418903,15388.5498046875,15403.2001953125,15466.349609375,121394700.0,0.14798504382810782,14874.75,-0.019588793232680257
2023-01-27,14874.75,15165.400390625,14779.099609375,15160.150390625,23619800,14874.75,-0.0195887932326802,-2.1890856389917617,15352.8939453125,15560.80427734375,14817.985209960938,15345.447922544965,15422.139801232164,0.9688564288260139,0.9559113870262713,1.003830803529275,34.9395038870782,-96.67546052895159,-69.35689928217604,-27.318561246775545,15641.098584386718,15064.689306238282,0.03754401484186543,-0.3295215976538115,0.11726468184736402,0.1278511675121278,-0.0195887932326802,-0.03534116671594967,-0.039420252126150856,15171.9501953125,15388.5498046875,15419.7001953125,121514895.0,0.19437781681002975,14854.2001953125,-0.0013815226936587655
2023-01-30,14854.2001953125,14955.150390625,14675.0498046875,14807.5,21766700,14854.2001953125,-0.0013815226936587,-0.1966197480813165,15323.1625,15545.94369140625,14815.544311523438,15298.662424713302,15399.86765982355,0.9693952012394634,0.9555032804810593,1.0026091436788451,24.343386011282675,-123.6925593345677,-80.22403129265439,-43.468528041913316,15683.383723460918,14962.941276539083,0.047016563775381784,-0.15093652753393286,0.11727497491775482,0.12764264144188514,-0.0013815226936587,-0.03216727909011374,-0.03849022487988163,14874.75,15171.9501953125,15347.900390625,121532380.0,0.17910206317032548,14935.5,0.005473186278528441
2023-01-31,14935.5,14962.9501953125,14787.849609375,14906.4501953125,21357100,14935.5,0.0054731862785284,0.5535077237948063,15293.75498046875,15533.637109375,14813.5944140625,15264.075527121558,15381.657163359881,0.9765750804216318,0.9614940721761803,1.0082293049566535,32.56539114075031,-136.9647456677776,-91.57217416767904,-45.39257150009857,15680.141095567396,14907.368865370103,0.050528613227041365,0.036402879827447575,0.11777814120730268,0.1283583815931759,0.0054731862785284,-0.03036383279981203,-0.03788737673325815,14854.2001953125,14874.75,15403.2001953125,17583420.0,1.214615814215892,14847.650390625,-0.005881932936627532
2023-02-01,14847.650390625,15154.099609375,14622.650390625,15054.7998046875,26382500,14847.650390625,-0.0058819329366275,-0.6891105849149609,15258.247509765624,15521.51453125,14812.009262695312,15224.415990312364,15360.715721291848,0.9730901521372076,0.9565851554454762,1.002406231814846,30.803068943437765,-152.81027649815042,-103.81979463377333,-48.99048186437709,15672.016226903252,14844.478792627997,0.054235418172732995,0.0038325734469969027,0.11753758626867626,0.128282295095363,-0.0058819329366275,-0.03514947288260628,-0.045645876857763334,14935.5,14854.2001953125,15388.5498046875,17863990.0,1.4768537152114394,14839.400390625,-0.0005556434710510816
2023-02-02,14839.400390625,14887.4501953125,14698.400390625,14760.349609375,20569100,14839.400390625,-0.000555643471051,-0.1062417764061683,15230.567529296875,15508.1189453125,14810.51361328125,15187.747837961186,15340.271982834325,0.9743169689560521,0.9568794541075126,1.0019504237393797,31.15903744547748,-164.14155818578547,-115.88414734417577,-48.2574108416097,15678.996991637376,14782.138066956375,0.05888545669462296,0.06384763767493139,0.11348317764483094,0.12789595856613414,-0.000555643471051,-0.02191872504236425,-0.0359643740255311,14847.650390625,14935.5,15171.9501953125,17822920.0,1.154081373871397,14962.349609375,0.0082853225543853
2023-02-03,14962.349609375,14972.150390625,14746.4501953125,14904.099609375,20226200,14962.349609375,0.0082853225543853,0.8612466349198035,15209.375,15496.60333984375,14810.695209960937,15166.281340000598,15325.451497600627,0.9837583470310253,0.9655244624417071,1.0102395192976537,34.33221321802674,-161.34086903010575,-124.97549168136177,-36.365377348743976,15666.807083581773,14751.942916418227,0.06015133213320632,0.22998681171314184,0.11896942908617059,0.12940023036677734,0.0082853225543853,0.005889148347031137,-0.027547450348828106,14839.400390625,14847.650390625,14874.75,17955895.0,1.1264378634426186,14934.150390625,-0.0018846785088039164
2023-02-06,14934.150390625,14954.2998046875,14870.5498046875,14939.400390625,21782900,14934.150390625,-0.0018846785088039,-0.2516813124899614,15192.48251953125,15481.67076171875,14811.732807617187,15144.173630536256,15310.106356150602,0.9829960555443035,0.9646342840174852,1.0082649062468139,34.68483165443564,-159.55746484511292,-131.891886314112,-27.665578531000904,15664.884913733971,14720.080125328528,0.06218896662811708,0.22657618581456807,0.1168371544893609,0.12741439712195163,-0.0018846785088039,0.005382329190482427,-0.022122158811877957,14962.349609375,14839.400390625,14854.2001953125,18179310.0,1.1982247951104854,14902.2001953125,-0.002139404952862689
2023-02-07,14902.2001953125,14970.7998046875,14845.9501953125,14950.150390625,16800000,14902.2001953125,-0.0021394049528626,-0.2795566466984731,15165.087548828125,15465.17017578125,14811.992407226562,15121.128541467328,15294.110036117734,0.9826649630165875,0.9635975566987054,1.0060901859524265,28.588071243352886,-158.89062569553244,-137.2916341903961,-21.598991505136325,15638.132929784104,14692.042167872147,0.06238610617088085,0.22213305097221558,0.10668526368456906,0.1271245401692672,-0.0021394049528626,-0.002229574148003066,-0.03546251661251676,14934.150390625,14962.349609375,14935.5,18208065.0,0.9226680594560707,15028.2998046875,0.008461811525969587
2023-02-08,15028.2998046875,15046.7001953125,14924.0498046875,14927.5498046875,17301500,15028.2998046875,0.0084618115259695,0.8805602522601901,15150.2400390625,15450.047578125,14811.864252929687,15112.287709393058,15283.686105473413,0.9919512671706456,0.972702493548652,1.0146123099740807,31.888989648128742,-146.49822589092582,-139.13295253050205,-7.365273360423771,15620.752991927413,14679.727086197589,0.062112937042810915,0.3704177710380897,0.10984478775334817,0.1284926305028254,0.0084618115259695,0.012166868784610152,-0.01937653188773425,14902.2001953125,14934.150390625,14847.650390625,18271560.0,0.9469087478025959,15030.099609375,0.00011976103157973483
2023-02-09,15030.099609375,15054.75,14956.900390625,15036.849609375,15692900,15030.099609375,0.0001197610315797,-0.0323306192574286,15136.6775390625,15434.4009765625,14812.540600585937,15104.4602712961,15273.741536998967,0.992958961475366,0.9738051792355634,1.0146874877615835,33.271723223731925,-134.9760111300111,-138.30156425040389,3.325553120392783,15604.480326310415,14668.874751814586,0.06181049785075318,0.3860866880305639,0.10988393745263726,0.12836594866060427,0.0001197610315797,0.012850870906514267,-0.0177271944583115,15028.2998046875,14902.2001953125,14839.400390625,18246780.0,0.860036674964021,15015.849609375,-0.0009480975090219168
2023-02-10,15015.849609375,15031.099609375,14969.5498046875,14992.650390625,15674600,15015.849609375,-0.0009480975090219,-0.1491889761377864,15123.4900390625,15415.79537109375,14814.254946289062,15096.021160636947,15263.628128072536,0.9928825668275328,0.9740561059555388,1.0136081540257573,35.00150858260085,-125.54719886855491,-135.7506911740341,10.203492305479188,15589.194224396928,14657.785853728074,0.061586867069906195,0.38443261508312687,0.10986533412873295,0.1265332451686977,-0.0009480975090219,0.003575641620249259,-0.017261577969502118,15030.099609375,15028.2998046875,14962.349609375,18267805.0,0.858045068906746,14900.5,-0.007681856996155756
2023-02-13,14900.5,15022.5498046875,14875.849609375,15011.349609375,13892400,14900.5,-0.0076818569961557,-0.886080651743648,15101.21005859375,15393.72677734375,14814.265795898438,15077.400097719143,15249.387809324595,0.9867090082307987,0.9679592353120315,1.0058210244969032,28.461805598798307,-125.93089372646318,-133.7867316845199,7.855837958056725,15564.70330052782,14637.716816659678,0.061384914206961474,0.28348113798109836,0.11061332046333333,0.1268752530516021,-0.0076818569961557,-0.0022532510886005275,-0.029036668646590935,15015.849609375,15030.099609375,14934.150390625,18135260.0,0.7660436078666641,14968.900390625,0.004590476200463156
2023-02-14,14968.900390625,14988.0,14879.349609375,14936.2001953125,13173500,14968.900390625,0.0045904762004631,0.4569106134075786,15084.382568359375,15373.8351953125,14815.330395507812,15067.066792281605,15238.388302708925,0.9923442555761873,0.9736607814808003,1.0103656139294572,32.81177877558777,-119.33995803848302,-130.89737695531252,11.557418916829505,15541.041362209362,14627.723774509388,0.06054723045911509,0.37355747957775604,0.11253997606533074,0.12755341404977433,0.0045904762004631,0.00447586225109764,-0.02198888633740237,14900.5,15015.849609375,14902.2001953125,17862565.0,0.7374920679085003,15039.650390625,0.004726466083260883
2023-02-15,15039.650390625,15053.5498046875,14923.25,14939.0,12612200,15039.650390625,0.0047264660832608,0.4717923169777361,15066.557568359374,15355.284609375,14815.959243164063,15064.455706409548,15230.594659097791,0.9982141124399325,0.9794445868781037,1.015097986150586,43.84593370495135,-107.17224537082075,-126.15235063841418,18.98010526759343,15499.174850717789,14633.94028600096,0.05742748871406523,0.4689018691207173,0.11162537298023943,0.12822006105415465,0.0047264660832608,0.0007552807759370062,-0.023155138846726264,14968.900390625,14900.5,15028.2998046875,17662170.0,0.7140798667434409,15083.75,0.0029322230390733672
2023-02-16,15083.75,15135.349609375,15060.0,15098.4501953125,12628100,15083.75,0.0029322230390733,0.275443937472684,15047.427587890625,15338.50302734375,14817.461342773437,15066.293258180067,15224.836045015527,1.0024138618974718,0.9833912718281826,1.017971273962961,62.71603764509566,-92.89988346885366,-119.50185720450207,26.601973735648414,15437.337676667834,14657.517499113415,0.051824152201398514,0.5465779331624105,0.11066732406488994,0.12849101799822385,0.0029322230390733,0.003569529944534411,-0.024737550814387776,15039.650390625,14968.900390625,15030.099609375,17565220.0,0.7189263783772706,15003.9501953125,-0.005290448640921541
2023-02-17,15003.9501953125,15077.0,14966.2998046875,15036.25,11788700,15003.9501953125,-0.0052904486409215,-0.6243830200843287,15026.640087890624,15321.34244140625,14818.799692382812,15060.35582362125,15216.173854831095,0.9984900222241692,0.9792843057122729,1.0124942982409608,58.49841275378341,-87.0249418002877,-113.0064741236592,25.981532323371496,15375.111306553366,14678.168869227882,0.04638045719129696,0.46744366340258436,0.11144630269140604,0.12869612195237942,-0.0052904486409215,-0.0007924569286489325,-0.026962262218715893,15083.75,15039.650390625,15015.849609375,17455685.0,0.6753501796119716,14938.650390625,-0.0043521741832961425
2023-02-20,14938.650390625,15036.4501953125,14920.7001953125,15023.4501953125,14870400,14938.650390625,-0.0043521741832961,-0.521705364522257,15006.177587890625,15301.8938671875,14821.5262890625,15048.76483000256,15205.290581724974,0.9955000401088072,0.9762615347018306,1.0079022969212645,50.18209363573211,-86.6394312737757,-107.73306555368251,21.09363427990681,15321.726443131884,14690.628732649366,0.04205586044721649,0.39300040842425427,0.11133149306613926,0.1285396462865068,-0.0043521741832961,0.0025603429834568647,-0.026664885071184252,15003.9501953125,15083.75,14900.5,17470915.0,0.8511517570774055,14913.9501953125,-0.0016534422231342383
2023-02-21,14913.9501953125,14992.7001953125,14894.150390625,14982.0,13621400,14913.9501953125,-0.0016534422231342,-0.2263765634365419,14981.715087890625,15283.91828125,14824.1186328125,15035.925340984459,15193.865468532327,0.9954768267731311,0.9757936362175288,1.0060598248519923,54.13393282196151,-87.32043511669326,-103.65053946628466,16.330104349591394,15237.952351798831,14725.477823982419,0.03420666624681703,0.3677692472497506,0.10979721716244122,0.12804335443229453,-0.0016534422231342,-0.003670957376863515,-0.0317628800376748,14938.650390625,15003.9501953125,14968.900390625,17278810.0,0.7883297518752738,14701.900390625,-0.01421821864164119
2023-02-22,14701.900390625,14861.0498046875,14674.25,14854.150390625,14453300,14701.900390625,-0.0142182186416411,-1.6013706015125229,14947.3826171875,15261.39669921875,14826.899477539062,15004.113440950225,15174.5727203791,0.9835769088910437,0.9633391150482058,0.9915694385664771,43.16394681024437,-103.77453439756209,-103.67533845254015,-0.09919594502194684,15153.131928292098,14741.633306082904,0.027529811255115506,-0.09655661845110187,0.11852625801812401,0.13125776817220416,-0.0142182186416411,-0.022457303941755047,-0.04462080071075569,14913.9501953125,14938.650390625,15039.650390625,17308895.0,0.8350215308371793,14666.75,-0.002390873947657468
2023-02-23,14666.75,14740.7998046875,14599.099609375,14715.2001953125,17382800,14666.75,-0.0023908739476574,-0.3070755103126708,14922.122607421876,15236.642109375,14830.2745703125,14971.983589431156,15154.658103893644,0.982886308192183,0.9625972635385096,0.9889735979238141,33.89802197563435,-118.2873267113755,-106.59773610430723,-11.689590607068268,15135.685568512965,14708.559646330787,0.028623670600971228,-0.09788599604791949,0.11002022800117305,0.13048138759324793,-0.0023908739476574,-0.027645645147924114,-0.03329830304007886,14701.900390625,14913.9501953125,15083.75,17279805.0,1.0059604260580486,14630.4501953125,-0.0024749726208942446
2023-02-24,14630.4501953125,14741.9501953125,14598.9501953125,14723.400390625,14434600,14630.4501953125,-0.0024749726208942,-0.3162786326332834,14909.9076171875,15209.97552734375,14834.147163085938,14939.456599515095,15134.100931008108,0.9812569313606709,0.9618983389559432,0.9862683735347909,33.60148403858406,-131.20545523189867,-111.51927992982553,-19.68617530207314,15159.744582757876,14660.070651617125,0.0335128790848251,-0.059279571053351514,0.08751992784159242,0.12992402530517763,-0.0024749726208942,-0.024893444402174003,-0.016423792311635488,14666.75,14701.900390625,15003.9501953125,16820545.0,0.8581529314299864,14548.7001953125,-0.00558766127553556
2023-02-27,14548.7001953125,14609.400390625,14465.7001953125,14600.900390625,13597900,14548.7001953125,-0.0055876612755355,-0.6569077214417837,14894.6326171875,15185.2739453125,14838.031752929688,14902.241703876753,15111.144039412202,0.9767746925509384,0.9580795346667749,0.9805006780929646,31.88663534838531,-146.3526447538825,-118.48595289463692,-27.866691859245563,15191.702125889222,14597.56310848578,0.03988947110503431,-0.08224154910199684,0.08914068380578033,0.12838879625312333,-0.0055876612755355,-0.026103442085854023,-0.02056657349322688,14630.4501953125,14666.75,14938.650390625,16412105.0,0.8285286987866577,14518.75,-0.0020586165712693782
2023-02-28,14518.75,14584.4501953125,14476.0,14550.0,20385500,14518.75,-0.0020586165712693,-0.2707157776422603,14873.7951171875,15162.92236328125,14843.299340820313,14865.71868445992,15087.912900611724,0.976129487169201,0.957516608748114,0.978134959528319,21.0367677993368,-158.94145389428195,-126.57705309456594,-32.36440079971601,15214.111521837836,14533.478712537162,0.045760534143308135,-0.021639733400853532,0.08580707475313124,0.12716436904825212,-0.0020586165712693,-0.026498693514258376,-0.027903317599009103,14548.7001953125,14630.4501953125,14913.9501953125,16363525.0,1.2457890338420357,14664.849609375,0.010062822858372789
2023-03-01,14664.849609375,14675.0498046875,14550.099609375,14557.0,16097000,14664.849609375,0.0100628228583727,1.0557628156503367,14864.655078125,15141.11576171875,14849.266176757812,14846.588296356595,15071.322183308323,0.9865583514921892,0.9685448443933113,0.9875807622284082,32.16464286896522,-155.33851268497165,-132.32934501264708,-23.009167672324566,15217.515967601095,14511.794188648906,0.0474764987981921,0.216877848028332,0.09311606093547282,0.12818162072370082,0.0100628228583727,-0.0025201355107552503,-0.012311764921769885,14518.75,14548.7001953125,14701.900390625,15849250.0,1.015631654494692,14587.25,-0.00529153802746074
2023-03-02,14587.25,14668.400390625,14575.9501953125,14654.7998046875,15599200,14587.25,-0.0052915380274607,-0.6245022343024467,14852.04755859375,15118.33716796875,14854.346513671875,14821.889410989299,15052.338960433486,0.9821709728878069,0.9648713240042056,0.982018965733293,30.290624881727183,-156.93573826673673,-137.250623663465,-19.685114603271728,15226.090371210319,14478.00474597718,0.05036919133754248,0.1460330881089025,0.09459001392522956,0.12847623364125535,-0.0052915380274607,-0.005420423747592329,-0.016991952773529828,14664.849609375,14518.75,14666.75,15600755.0,0.9999003253368185,14774.75,0.012853690723062972
2023-03-03,14774.75,14813.0498046875,14676.0498046875,14686.25,18314000,14774.75,0.0128536907230629,1.361174272821561,14842.667578125,15103.28158203125,14858.590107421875,14817.399943276032,15041.45311884786,0.9954241663253918,0.9782476688760069,0.994357465491965,44.57716655551106,-141.44141941180533,-138.08878281313307,-3.3526365986722624,15214.465998726715,14470.869157523284,0.050098598334122064,0.40866343916215264,0.10156778722524074,0.1298223192154204,0.0128536907230629,0.009862977745806578,-0.012538111611658631,14587.25,14664.849609375,14630.4501953125,15505145.0,1.181156319402366,14881.0,0.0071913230342306456
2023-03-06,14881.0,14942.0498046875,14843.7001953125,14848.349609375,16186000,14881.0,0.0071913230342306,0.7415276070782099,14840.01005859375,15092.2719921875,14863.40419921875,14823.457091535458,15035.160839677355,1.0027621235595128,0.9860013129701833,1.0011838338341208,46.32922088566535,-119.21434430424597,-134.31389511135563,15.099550807109665,15209.809672268617,14470.210444918885,0.049838189086764496,0.5554218283225857,0.10510632963380427,0.13052500598587707,0.0071913230342306,0.022840514975665416,-0.003558983218648004,14774.75,14587.25,14548.7001953125,15225300.0,1.0630989208751223,14921.9501953125,0.00275184431909814
2023-03-08,14921.9501953125,14932.400390625,14791.25,14843.099609375,13836400,14921.9501953125,0.0027518443190981,0.2557046555069181,14840.99755859375,15089.79138671875,14870.259536132813,14832.837387133271,15030.72120656501,1.0054546627609864,0.9888771695310529,1.0034761100876608,44.959302193738004,-97.17471894656592,-126.88605987839769,29.71134093183177,15211.601021689243,14470.394095498257,0.04994320114025867,0.6092173236077962,0.10531682131312528,0.11825742443597399,0.0027518443190981,0.027770999246663708,0.0013253076553227938,14881.0,14774.75,14518.75,15077120.0,0.9177084217675523,14803.9501953125,-0.007907813553557408
2023-03-09,14803.9501953125,14952.849609375,14788.900390625,14947.0498046875,13376000,14803.9501953125,-0.0079078135535574,-0.9108076272936326,14829.780078125,15077.50380859375,14874.804130859375,14830.086226007485,15021.828225731577,0.9982582423558255,0.9818568367314666,0.9952366474930664,38.730468150347555,-88.21290741053053,-119.15142938482427,30.938521974293735,15189.94718581699,14469.61297043301,0.048573492768545966,0.46414180770353103,0.10407440702437659,0.10488374849958863,-0.0079078135535574,0.009485305996494775,-0.01492847576177736,14921.9501953125,14881.0,14664.849609375,14880845.0,0.8988736862725201,14679.849609375,-0.008382937276889435
2023-03-10,14679.849609375,14699.349609375,14593.400390625,14695.0498046875,12540400,14679.849609375,-0.0083829372768894,-0.9628015717276736,14812.267578125,15062.44521484375,14879.02447265625,14815.77797680439,15008.417299599947,0.991060250022383,0.9745993694907046,0.9866137149214801,37.39595019392544,-90.08603163901535,-113.33834983566248,23.25231819664714,15165.415562220125,14459.119594029875,0.04768317642555094,0.3125177337630732,0.10747299661818462,0.10617288039336553,-0.0083829372768894,0.006347982613241099,-0.02330323877438123,14803.9501953125,14921.9501953125,14587.25,14723220.0,0.8517430290384846,14454.4501953125,-0.015354340818216072
2023-03-13,14454.4501953125,14752.849609375,14420.5,14681.5498046875,18200100,14454.4501953125,-0.015354340818216,-1.7256992140786347,14784.197607421875,15041.830625,14882.560561523438,14781.365807138496,14986.693099431812,0.9776959547710701,0.9609502031813032,0.9712340921146492,33.254936342086864,-108.50753770746996,-112.37218741002398,3.8646497025540185,15157.86176554816,14410.53344929559,0.05054912928635029,0.05876499667116735,0.11868365898084716,0.11045858083721291,-0.015354340818216,-0.02167886459584767,-0.03738712285131007,14679.849609375,14803.9501953125,14774.75,14849495.0,1.2256376395291555,14358.5498046875,-0.006634661943496156
2023-03-14,14358.5498046875,14499.2001953125,14306.7998046875,14462.0,15415200,14358.5498046875,-0.0066346619434961,-0.7714835505975608,14757.10009765625,15020.0250390625,14886.4146484375,14741.097616428877,14962.060029049682,0.9729926414857043,0.9559604439636615,0.9645404984197854,31.694120282337693,-129.35396208210113,-115.76854234443942,-13.58541973766171,15171.621405423559,14342.578789888941,0.056179236438616525,0.019264407521729712,0.11806089177913194,0.1110747119380067,-0.0066346619434961,-0.03510854077766956,-0.03637127581708666,14454.4501953125,14679.849609375,14881.0,14925635.0,1.0328002795190958,14320.2998046875,-0.002663918050241576
2023-03-15,14320.2998046875,14494.349609375,14298.150390625,14458.150390625,13865700,14320.2998046875,-0.0026639180502415,-0.336955390437873,14724.670068359375,14995.95802734375,14889.403486328125,14701.021634358269,14936.892961427637,0.9725379066699231,0.9549439774755138,0.9617779394477964,35.79509639444544,-147.26379357695805,-122.06759259094315,-25.1962009860149,15169.78001105227,14279.560125666481,0.06045771356864881,0.04576361378775296,0.11561585881257182,0.110166119355004,-0.0026639180502415,-0.040319822995656396,-0.04332987520871723,14358.5498046875,14454.4501953125,14921.9501953125,14960245.0,0.9268364254729784,14330.349609375,0.0007017873106407446
2023-03-16,14330.349609375,14387.650390625,14189.0,14328.5,21668100,14330.349609375,0.0007017873106407,0.0313619318120579,14689.205029296874,14971.4090234375,14891.689575195312,14665.719536740815,14913.10694762165,0.9755701265516986,0.9571810900992063,0.9623051526164418,37.23918935098778,-158.81579914826398,-129.41723390240733,-29.398565245856645,15141.61477166355,14236.795286930199,0.06159758019094107,0.10339556566055608,0.11328293701465335,0.10995229777978144,0.0007017873106407,-0.0319915008959879,-0.047162052496389384,14320.2998046875,14358.5498046875,14803.9501953125,15413040.0,1.4058290901729962,14420.849609375,0.00631526811745009
2023-03-17,14420.849609375,14464.900390625,14327.75,14436.25,23358000,14420.849609375,0.00631526811745,0.6456587871741666,14656.060009765624,14951.966015625,14893.019916992187,14642.398591277404,14893.802738278646,0.9839513211440252,0.9644784902737891,0.9682958654289809,42.36316345621386,-158.83727588762304,-135.30124229945048,-23.536033588172558,15083.187818147962,14228.932201383286,0.05828685309663104,0.2246603993291122,0.11599440351184842,0.1094059784942463,0.00631526811745,-0.017643232518853247,-0.04394798313582493,14330.349609375,14320.2998046875,14679.849609375,15949535.0,1.4644941059410195,14317.099609375,-0.0071944443503905164
2023-03-20,14317.099609375,14393.599609375,14196.5,14389.849609375,16179700,14317.099609375,-0.0071944443503905,-0.8327419006439541,14621.71748046875,14930.58400390625,14894.007509765624,14611.417735858127,14871.186929302034,0.9791667516828547,0.9589108909356295,0.9612657708133717,41.69473505014646,-165.32034426304745,-141.30506269216988,-24.015281570877562,15041.456664588735,14201.978296348763,0.05741311643869912,0.13713434125462923,0.11685672164484907,0.11018722697657586,-0.0071944443503905,-0.009502304417088214,-0.04577798359741847,14420.849609375,14330.349609375,14454.4501953125,16169085.0,1.0006564997339056,14411.2998046875,0.006579558561624843
2023-03-21,14411.2998046875,14428.150390625,14339.9501953125,14379.0498046875,13293900,14411.2998046875,0.0065795585616248,0.6745807331727823,14595.349951171875,14913.37,14895.649599609374,14592.358885270447,14853.152140101465,0.9873898092817159,0.9663342225591868,0.9674838084983836,46.31654006671063,-161.00113331558168,-145.24427681685225,-15.756856498729434,14997.131212549853,14193.568689793896,0.055056064119338485,0.27095727927502944,0.12070762301786538,0.11074409585872805,0.0065795585616248,0.003673769337261268,-0.035301086252640834,14317.099609375,14420.849609375,14358.5498046875,16090260.0,0.8262079046578488,14460.0,0.003379306236947377
2023-03-22,14460.0,14497.150390625,14432.2001953125,14470.0498046875,0,14460.0,0.0033793062369473,0.3243693390178517,14572.65244140625,14893.5680078125,14897.10994140625,14579.753277149452,14837.734409117093,0.9922695993842436,0.970888909387927,0.9706580710536806,42.47512946409867,-151.8974495190978,-146.57491135730135,-5.3225381617964445,14949.144230426475,14196.160652386025,0.05167100368776352,0.350391901374842,0.12208498886836225,0.10733016782238933,0.0033793062369473,0.00975539599155395,-0.030437958379073704,14411.2998046875,14317.099609375,14320.2998046875,15409190.0,0.0,14403.599609375,-0.0039004419519363953
2023-03-23,14403.599609375,14490.650390625,14388.2998046875,14422.9501953125,11622300,14403.599609375,-0.0039004419519363,-0.4722712079373824,14557.73740234375,14875.135,14898.738530273438,14562.976737361409,14820.70951500956,0.9894119677592251,0.9683004295003037,0.9667663863022804,43.14712377242454,-147.533085118499,-146.76654610954088,-0.7665390089581194,14936.299356957355,14179.175447730144,0.05200835049444326,0.2964166880869304,0.11300289147841107,0.10637824775278058,-0.0039004419519363,0.005111529166886397,-0.020289947103724004,14460.0,14411.2998046875,14330.349609375,15267640.0,0.7612374931554581,14279.0,-0.008650588238644175
2023-03-24,14279.0,14434.099609375,14257.5,14409.0,13960500,14279.0,-0.0086505882386441,-0.9920912673370604,14538.34990234375,14854.6880078125,14899.863125,14535.931333803179,14799.466004617028,0.9821609808481814,0.9612453652671985,0.9583309511106667,30.59004358764355,-152.37199255970154,-147.887635399573,-4.484357160128525,14932.788015407394,14143.911789280108,0.05426174438132457,0.17124132562961072,0.1161648306646656,0.10767866660407698,-0.0086505882386441,-0.009836425260463355,-0.026437349787785336,14403.599609375,14460.0,14420.849609375,15096525.0,0.9247492386492917,14262.7001953125,-0.0011415228438615976
2023-03-27,14262.7001953125,14348.9501953125,14238.900390625,14306.599609375,14815600,14262.7001953125,-0.0011415228438615,-0.1703559808944866,14519.96240234375,14834.35001953125,14901.498720703124,14509.90932061359,14778.416365036459,0.9822821712685893,0.96146445085453,0.9571319276427463,23.957564674019906,-155.72699571452176,-149.45550746256276,-6.271488251958999,14930.289630636698,14109.635174050802,0.056519048317464904,0.1865157984985496,0.11608437565537537,0.10767967159136288,-0.0011415228438615,-0.0037996113421518984,-0.025135931915329923,14279.0,14403.599609375,14317.099609375,15115575.0,0.980154575661197,14211.7998046875,-0.003568776594051193
2023-03-28,14211.7998046875,14300.2001953125,14177.5,14289.9501953125,14615200,14211.7998046875,-0.0035687765940511,-0.4359762612913935,14503.1173828125,14811.6640234375,14903.123310546875,14481.517938144438,14756.196107767872,0.9799134509888034,0.9595005518758193,0.9536121730020091,20.33749938790683,-160.64132284334846,-151.6926705387199,-8.948652304628553,14935.54341421467,14070.691351410329,0.059632149418387015,0.1631590642444146,0.11530161134595679,0.10698710815570898,-0.0035687765940511,-0.013843303706381094,-0.02315673469809676,14262.7001953125,14279.0,14411.2998046875,15166440.0,0.9636539623009749,14345.599609375,0.009414698104835972
2023-03-29,14345.599609375,14377.2998046875,14218.599609375,14218.599609375,19557100,14345.599609375,0.0094146981048359,0.9848369477829256,14494.45986328125,14792.46701171875,14904.965903320313,14468.573335404491,14740.094284301485,0.989729851590858,0.9697908805887661,0.9624711456857002,31.104408438244818,-151.98742010204842,-151.7516204513856,-0.2357996506628126,14932.465321635245,14056.454404927255,0.06043763789550544,0.33007032096587263,0.1211414287022025,0.10972091781564818,0.0094146981048359,-0.00791150695885201,-0.011925984718037075,14211.7998046875,14262.7001953125,14460.0,15125020.0,1.293029695167345,14557.849609375,0.014795477761786469
2023-03-31,14557.849609375,14577.150390625,14438.7998046875,14442.2998046875,17405600,14557.849609375,0.0147954777617864,1.5736687504411864,14489.10986328125,14775.70099609375,14908.846494140626,14477.075837687396,14732.947434304368,1.004744235273414,0.985256104818557,0.9764571400675718,45.31129900028105,-126.54362256852619,-146.71002087481372,20.166398306287533,14920.922409523599,14057.297317038901,0.059605117266262365,0.5795944289846909,0.12764231159243336,0.11441913786691442,0.0147954777617864,0.010709128563918258,-0.007296358493277477,14345.599609375,14211.7998046875,14403.599609375,15190450.0,1.145825173052806,14601.9501953125,0.0030293338041560425
2023-04-03,14601.9501953125,14621.0498046875,14541.599609375,14621.0498046875,13824900,14601.9501953125,0.003029333804156,0.2860710046463585,14489.844873046875,14758.4130078125,14914.771831054688,14488.968633651692,14727.810287677235,1.0077368200451997,0.9893983985664871,0.9790260528765953,56.5865787983931,-101.64893533706527,-137.69780376726405,36.04886843019878,14922.410172285114,14057.279573808637,0.05970599451245197,0.6295819642287722,0.12677151104081355,0.1140813941105843,0.003029333804156,0.022617143729427802,0.001007742741949258,14557.849609375,14345.599609375,14279.0,15101735.0,0.9154511054524529,14709.400390625,0.007358619490908325
2023-04-05,14709.400390625,14718.900390625,14611.25,14620.7001953125,13452400,14709.400390625,0.0073586194909083,0.7598352651583191,14486.577392578125,14744.20701171875,14921.377421875,14509.962134315816,14727.08833093009,1.0153813417764939,0.9976393019260998,0.9857937357083912,65.50719483068548,-72.41463277652474,-124.64116956911619,52.226536792591446,14910.991706380499,14062.163078775751,0.05859414578073957,0.7625064598432333,0.1207875515111721,0.11556451315868557,0.0073586194909083,0.03131946890809001,-0.004423060246366295,14601.9501953125,14557.849609375,14262.7001953125,14858655.0,0.9053578537222917,14759.2001953125,0.0033855767988504315
2023-04-06,14759.2001953125,14786.0,14673.7001953125,14701.099609375,13016900,14759.2001953125,0.0033855767988504,0.3250555418554435,14480.48740234375,14732.4330078125,14928.269262695312,14533.699092505976,14728.3476197294,1.0192474731840615,1.0018168884586685,0.9886745700785754,69.20283910401042,-44.712392701012504,-108.65541419549545,63.94302149448295,14884.05515210261,14076.91965258489,0.05573952568661642,0.8453110328246514,0.11843373566940983,0.11563639212267174,0.0033855767988504,0.03851731646574774,-0.008184920683253827,14709.400390625,14601.9501953125,14211.7998046875,14700200.0,0.885491353859131,14790.5498046875,0.002124072372496011
2023-04-10,14790.5498046875,14833.4501953125,14767.0,14797.349609375,12063200,14790.5498046875,0.002124072372496,0.1870060447956381,14473.9173828125,14720.18,14936.776098632812,14558.161065094691,14730.786921100305,1.0218760694496567,1.0047804989264737,0.9902103176093872,69.7663415366442,-19.99799197716675,-90.92392975182972,70.92593777466297,14850.607651700093,14097.227113924908,0.05205090770172268,0.9202821894087275,0.11823404399423408,0.11539708983093258,0.002124072372496,0.031016493379734333,-0.008805845677348323,14759.2001953125,14709.400390625,14345.599609375,14611540.0,0.8255940167839939,14867.25,0.005185756873499869
2023-04-11,14867.25,14893.599609375,14814.349609375,14854.650390625,12444900,14867.25,0.0051857568734998,0.522053625041414,14477.082373046875,14709.75400390625,14946.138681640625,14587.598106514244,14736.13841439049,1.0269507084990779,1.0107069089022105,0.9947218018432059,69.4036376346922,5.711573936554487,-71.59682901415289,77.30840295070738,14866.303579495048,14087.861166598701,0.05377066958916951,1.001215787434332,0.11634986576356861,0.11617161655582656,0.0051857568734998,0.021253165744050007,0.0042758725780869256,14790.5498046875,14759.2001953125,14557.849609375,14564985.0,0.8544396029244107,14941.5498046875,0.0049975486177671335
2023-04-12,14941.5498046875,14949.900390625,14871.900390625,14902.2001953125,11965900,14941.5498046875,0.0049975486177671,0.5014575379381034,14490.1673828125,14705.14599609375,14956.092763671875,14621.307792054553,14744.193763029589,1.0311509460139436,1.0160762639593341,0.9990276231089111,77.85608550886374,31.716357018540293,-50.934191807614255,82.65054882615455,14923.218624261623,14057.116141363378,0.05977173762157582,1.021165140138514,0.11284047991971836,0.11268541343454302,0.0049975486177671,0.023257140644406427,0.017827171413620668,14867.25,14790.5498046875,14601.9501953125,14536260.0,0.8231759751132683,14954.25,0.0008499918334117229
2023-04-13,14954.25,14965.7001953125,14885.25,14946.4501953125,12962500,14954.25,0.0008499918334117,0.0475803131376371,14515.157373046875,14706.73599609375,14964.654599609376,14653.016573763643,14752.431262518625,1.0302506280619783,1.0168299753236878,0.9993047217000487,76.1196848607846,52.74215584538251,-30.19892227701491,82.94107812239741,14994.71649294707,14035.598253146682,0.06607701281842823,0.9578086504157727,0.09513831204668843,0.10365548207165194,0.0008499918334117,0.016645791322061898,0.03457757285362417,14941.5498046875,14867.25,14709.400390625,14274380.0,0.9080954829561773,14904.2998046875,-0.0033402006327633016
2023-04-17,14904.2998046875,14970.349609375,14794.4501953125,14970.349609375,13960200,14904.2998046875,-0.0033402006327633,-0.4109626380043599,14542.444873046876,14707.73798828125,14973.937436523438,14676.948310042106,14758.386891623286,1.0248826751484745,1.0133645171380443,0.9953494107925093,71.34823921261024,64.6296788802847,-11.233202045554988,75.86288092583969,15045.991088672792,14038.89865742096,0.06925193391094227,0.8593065744620613,0.09196794113337808,0.10389512044828053,-0.0033402006327633,0.009831129563584673,0.03800871309593079,14954.25,14941.5498046875,14759.2001953125,14201630.0,0.9829998387509038,14897.0,-0.0004897784386492798
2023-04-18,14897.0,14949.099609375,14852.650390625,14949.099609375,15883500,14897.0,-0.0004897784386492,-0.0990340057420787,14571.2798828125,14706.96798828125,14982.528525390626,14697.905613847619,14763.822699794922,1.022353569474134,1.0129212229108113,0.9942914491872529,74.88151238547823,72.62442414474754,5.538323192505517,67.08610095224202,15087.161552114125,14055.398213510874,0.07080801047684165,0.8156926641991644,0.0908594508543191,0.1031655565372772,-0.0004897784386492,0.007197176353698653,0.04027151688009534,14904.2998046875,14954.25,14790.5498046875,14302520.0,1.1105385624351511,14856.900390625,-0.002691790922669024
2023-04-19,14856.900390625,14905.599609375,14832.900390625,14901.25,14657200,14856.900390625,-0.002691790922669,-0.3400055866479181,14597.607421875,14707.15298828125,14990.200615234375,14713.047973540703,14767.47280531767,1.0177627032469336,1.0101819436068333,0.9911075089632955,81.85779441025798,74.86165545143922,19.40298964429226,55.45866580714696,15115.458223592912,14079.756620157088,0.07095009295041868,0.7503548974811609,0.09228570050466017,0.10248139191701064,-0.002691790922669,-0.0006961347508785964,0.03674374984581874,14897.0,14904.2998046875,14867.25,13951975.0,1.0505466072007725,14861.75,0.000326421342776273
2023-04-20,14861.75,14905.7998046875,14835.900390625,14878.5498046875,11133000,14861.75,0.0003264213427762,-0.0097152788536292,14619.65244140625,14707.59998046875,14997.286704101563,14727.21007129873,14771.169950207173,1.0165597342046295,1.0104809771639123,0.9909625849811555,83.44592347229488,76.14821114954066,30.75203394534194,45.39617720419872,15143.32634969682,14095.97853311568,0.07163972062801818,0.7311529701597116,0.09085558554212887,0.1024744726476283,0.0003264213427762,-0.005340798359649734,0.030573815175103825,14856.900390625,14897.0,14941.5498046875,13340725.0,0.8345123672064299,14847.099609375,-0.0009857782983161423
2023-04-21,14847.099609375,14888.650390625,14789.9501953125,14879.599609375,14464900,14847.099609375,-0.0009857782983161,-0.1533124765411238,14646.15244140625,14705.29498046875,15004.201040039063,14738.628122544089,14774.147583900029,1.0137201335827046,1.0096430999238433,0.9895295037539931,86.96613226242893,75.119718371423,39.62557083055815,35.49414754086485,15158.887567159847,14133.417315652652,0.07001635792127972,0.6959561163989988,0.08546827514733911,0.10074200837210756,-0.0009857782983161,-0.007165213275490245,0.03701867099205969,14861.75,14856.900390625,14954.25,13254985.0,1.0912799976763459,14930.150390625,0.005593737728920356
2023-04-24,14930.150390625,14937.2001953125,14841.599609375,14903.9501953125,15603800,14930.150390625,0.0055937377289203,0.5666999621641374,14672.094970703125,14705.21498046875,15011.762631835938,14756.868338551794,14780.2653410265,1.0175881781325131,1.0152963020571277,0.9945634471305947,86.14805617540664,80.08298756666954,47.71705417778043,32.36593338888911,15187.295697302954,14156.894244103296,0.07022865209481453,0.7504416304148223,0.08481122894033065,0.10147033374227112,0.0055937377289203,0.0017344381337103254,0.0360030387938175,14847.099609375,14861.75,14904.2998046875,13370480.0,1.1670336442670717,14955.7001953125,0.0017112891711756895
2023-04-25,14955.7001953125,14981.2998046875,14916.349609375,14945.7998046875,19990300,14955.7001953125,0.0017112891711756,0.1418341752829131,14696.87998046875,14706.28498046875,15019.603471679688,14775.804705862338,14787.145139233793,1.0176105551101804,1.0169597702733897,0.9957453419800543,81.98924266628653,85.09712320677318,55.193067983578985,29.90405522319419,15216.791452471283,14176.968508466216,0.0707512713845971,0.7489079668179933,0.08460139701035604,0.10141816603197915,0.0017112891711756,0.0039404037935490965,0.03428078805757262,14930.150390625,14847.099609375,14897.0,14369995.0,1.3911139147925937,14994.400390625,0.0025876551954839844
2023-04-26,14994.400390625,15003.099609375,14918.5498046875,14954.2001953125,21127900,14994.400390625,0.0025876551954839,0.2377370404402577,14726.42001953125,14705.6069921875,15027.603310546874,14796.623342506402,14795.272796151097,1.0181972516564335,1.0196383188120643,0.9977905379031019,81.83146004931028,91.14300433768949,62.38305525440109,28.759949083288397,15243.296355989241,14209.543683073258,0.07019714713724554,0.7592306439576875,0.08199939804524659,0.09976888642079199,0.0025876551954839,0.009254958731955032,0.04101757874923573,14955.7001953125,14930.150390625,14856.900390625,14845275.0,1.4232070473601868,15075.0498046875,0.00537863548801365
2023-04-27,15075.0498046875,15085.849609375,14989.2001953125,14999.900390625,19847000,15075.0498046875,0.0053786354880136,0.5431608008633549,14766.222509765625,14706.50599609375,15035.615395507812,14823.14014842841,14806.244443544683,1.0209144413689848,1.025059916250103,1.002622733299727,81.00566245971554,101.27471056960167,70.16138631744121,31.113324252160453,15260.11973704596,14272.32528248529,0.06689554176143059,0.8126432766403983,0.07232650805808354,0.10050417661301801,0.0053786354880136,0.014352267040388833,0.05574968868180541,14994.400390625,14955.7001953125,14861.75,15139600.0,1.310932917646437,15219.5498046875,0.009585374633725552
2023-04-28,15219.5498046875,15235.4501953125,15077.4501953125,15111.0498046875,22144800,15219.5498046875,0.0095853746337255,1.0035144953847286,14814.064990234376,14710.58,15044.403984375,14860.893449024514,14822.452496922833,1.027371610339257,1.0345988944479076,1.0116419248309474,83.6340960121252,119.58559481888187,80.04622801772935,39.539366801152525,15287.547406785148,14340.582573683603,0.06392336159762581,0.9281941633715506,0.07470248460235938,0.10270821397679968,0.0095853746337255,0.025085720788006416,0.06708754978173581,15075.0498046875,14994.400390625,14847.099609375,15506060.0,1.4281384181410364,15300.75,0.005335256059117555
2023-05-02,15300.75,15327.75,15261.150390625,15276.2001953125,21880900,15300.75,0.0053352560591175,0.5384136844706257,14868.5125,14718.585,15052.751323242188,14902.784549117418,14841.209261749389,1.0290706619105308,1.0395530548622711,1.016475305506103,84.74530506435055,139.04643885884252,91.846270185952,47.20016867289053,15298.868512434577,14438.156487565424,0.057888240324584964,1.0021859663976536,0.07046949540332445,0.10166425644388478,0.0053352560591175,0.02482222882414553,0.07662296192445162,15219.5498046875,15075.0498046875,14930.150390625,15869345.0,1.3788155717832082,15276.400390625,-0.0015913997271375102
2023-05-03,15276.400390625,15305.0498046875,15239.5,15277.75,21733900,15276.400390625,-0.0015913997271375,-0.2195871022267744,14915.0525390625,14724.735,15060.305415039062,14938.367010213376,14858.275580528825,1.024227058578314,1.0374652169037337,1.0143486449730394,80.00297902770939,150.76654510686058,103.63032517013372,47.13621993672686,15306.902415861803,14523.202662263198,0.052544216759950635,0.9610794502643334,0.06946973998477195,0.10134761172270554,-0.0015913997271375,0.0214433420785618,0.0648840624717919,15300.75,15219.5498046875,14955.7001953125,15978185.0,1.3602233294958093,15405.5,0.008450918153089848
2023-05-04,15405.5,15414.7001953125,15272.7001953125,15282.25,22255200,15405.5,0.0084509181530898,0.8793681639758241,14957.43505859375,14732.0519921875,15068.1917578125,14982.855866383532,14879.73536168456,1.0299560011225866,1.0457131164191948,1.0223854492701565,81.49056976310304,168.5293716033775,116.61013445678249,51.91923714659502,15369.455565997932,14545.414551189568,0.055092401309465105,1.043741067924157,0.058090935333688344,0.10249862134442354,0.0084509181530898,0.027416875544555408,0.05822634615480071,15276.400390625,15300.75,14994.400390625,16220665.0,1.372027595662693,15278.599609375,-0.008237343197234792
2023-05-05,15278.599609375,15394.900390625,15265.849609375,15330.349609375,21111500,15278.599609375,-0.0082373431972347,-0.9468688575403024,14991.267529296874,14735.948984375,15075.150600585937,15011.021937144626,14895.377096888107,1.0191666301409539,1.0368249527448412,1.0134956534882746,69.06033720776563,170.40244528607946,127.36859662264189,43.03384866343757,15391.332978457245,14591.202080136503,0.05337313184205555,0.8591063420751516,0.07012424170274392,0.10418956366961496,-0.0082373431972347,0.013502429996895104,0.046339660457116016,15405.5,15276.400390625,15075.0498046875,16584995.0,1.272927727744265,15427.099609375,0.009719477163920187
2023-05-08,15427.099609375,15440.849609375,15310.75,15321.900390625,17561300,15427.099609375,0.0097194771639201,1.0181896613699295,15027.152490234375,14744.41197265625,15083.39119140625,15050.648382118947,14916.228960122888,1.0266149637731126,1.0463014488461666,1.0227872110195337,77.5331855551037,181.77419879490662,138.24971705709484,43.52448173781178,15448.926846692999,14605.378133775752,0.05613496725113982,0.974124508774973,0.07284154011896532,0.10550492740717701,0.0097194771639201,0.013637052826856788,0.04879187456257039,15278.599609375,15405.5,15219.5498046875,16790440.0,1.0459106491551144,15420.599609375,-0.0004213364899808836
2023-05-09,15420.599609375,15502.7001953125,15393.9501953125,15462.75,18148500,15420.599609375,-0.0004213364899808,-0.0915442368644778,15060.2224609375,14754.05095703125,15091.859526367187,15085.88183233381,14936.00820127003,1.0239290720553582,1.0451773315874375,1.0217826095209452,77.59855708238454,188.09367292524257,148.2185082307244,39.87516469451816,15496.9867309358,14623.458190939202,0.05800236631711498,0.9125533762617422,0.0734060056411703,0.10492773322637597,-0.0004213364899808,0.007832923835432881,0.0448126866842391,15427.099609375,15278.599609375,15300.75,17047020.0,1.0646142258294997,15466.0498046875,0.0029473688743508752
2023-05-10,15466.0498046875,15476.099609375,15372.4501953125,15458.0498046875,16332600,15466.0498046875,0.0029473688743508,0.2771013830582322,15093.9974609375,14765.09294921875,15100.676611328125,15122.088305891304,14956.794146502087,1.0246490265228183,1.0474739209485193,1.0241958160394802,81.92773674311225,194.52696683661452,157.48019995190245,37.04676688471207,15547.122716016676,14640.872205858324,0.06004045730785514,0.910540286133554,0.07345221119602625,0.10491517078317172,0.0029473688743508,0.012414535441142682,0.04567105407980954,15420.599609375,15427.099609375,15276.400390625,17260490.0,0.9462419664795148,15484.0498046875,0.0011638395212294483
2023-05-11,15484.0498046875,15526.75,15461.849609375,15512.349609375,15978800,15484.0498046875,0.0011638395212294,0.081925428819734,15124.837451171876,14780.7359375,15109.145952148438,15156.56082958618,14977.470838979947,1.0237498323321017,1.0475831426906919,1.0248130406395177,82.17347883525676,198.78636272915173,165.74143250735233,33.044930221799405,15596.561317683749,14653.113584660003,0.06237737999297209,0.8807443072267178,0.07270052349305518,0.09915493788128675,0.0011638395212294,0.005098815662425649,0.041487148241100336,15466.0498046875,15420.599609375,15405.5,17437185.0,0.9163635070683714,15477.349609375,-0.0004327159494457167
2023-05-12,15477.349609375,15506.150390625,15401.650390625,15475.0498046875,13497800,15477.349609375,-0.0004327159494457,-0.0927895187858995,15151.62744140625,14796.9479296875,15116.610791015624,15187.11214194702,14997.073928015048,1.021497503765082,1.045982569035226,1.0238637366104428,82.8545974717332,199.32363609320055,172.45787322452196,26.865762868678587,15640.084209609604,14663.170673202896,0.06447581556400613,0.833419648545347,0.07232938274604486,0.09890195605432209,-0.0004327159494457,0.013008391153731536,0.03585972082490452,15484.0498046875,15466.0498046875,15278.599609375,17513780.0,0.7706959891011534,15549.7001953125,0.004674610819263014
2023-05-15,15549.7001953125,15591.9501953125,15464.650390625,15495.849609375,13567700,15549.7001953125,0.004674610819263,0.4661176693385704,15181.399951171876,14815.3329296875,15124.1011328125,15221.644337505637,15018.74554634044,1.0242599658348501,1.049568056898232,1.0281404533573661,82.66116701363651,203.24463904758886,178.61522638913536,24.629412658453504,15691.318125142016,14671.481777201736,0.06717669985774202,0.8611366126375115,0.0729534693120247,0.09887698516073218,0.004674610819263,0.007947092392078359,0.039818124968654445,15477.349609375,15484.0498046875,15427.099609375,17544040.0,0.7733509499522345,15492.400390625,-0.0036849459454384448
2023-05-16,15492.400390625,15592.25,15476.650390625,15584.400390625,17817900,15492.400390625,-0.0036849459454384,-0.4486889559104041,15210.80498046875,14834.20693359375,15130.741225585938,15247.43062827891,15037.320246116305,1.0185128538902333,1.0443699794655483,1.0239022768050186,77.37707041160749,199.42954709606965,182.77809053052223,16.65145656554742,15721.26859882044,14700.341362117062,0.0671185540814059,0.7758231929091817,0.07329538935882884,0.09829197229948829,-0.0036849459454384,0.004656160140903198,0.039458451161358044,15549.7001953125,15477.349609375,15420.599609375,17736925.0,1.0045653347465808,15426.349609375,-0.0042634310748881354
2023-05-17,15426.349609375,15512.849609375,15367.0,15508.25,17073900,15426.349609375,-0.0042634310748881,-0.5119939903666761,15237.2724609375,14852.35892578125,15136.514067382812,15264.470531240442,15052.576299577431,1.012408857879402,1.0386464322914657,1.0191481037643102,71.43560536939428,188.89880535802877,184.00223349602354,4.896571862005231,15733.934502703778,14740.610419171222,0.06519041292193148,0.6903478950841452,0.07612861159657405,0.09880003544654625,-0.0042634310748881,-0.002566925350290017,0.03553397391253266,15492.400390625,15549.7001953125,15466.0498046875,17796445.0,0.9593994755694185,15361.599609375,-0.004197363708174362
2023-05-18,15361.599609375,15514.900390625,15346.849609375,15506.650390625,15928500,15361.599609375,-0.0041973637081743,-0.5047640777667978,15262.507421875,14866.29392578125,15141.63916015625,15273.72091963421,15064.694860745964,1.006492523460331,1.0333173611437068,1.0145268584789389,64.44811221720799,173.3302891204421,181.86784462090725,-8.537555500465146,15728.110796256608,14796.904047493392,0.0610126975223286,0.606412660379667,0.07747161315112965,0.09742246856587629,-0.0041973637081743,-0.007908150442362372,0.03397069412059017,15426.349609375,15492.400390625,15484.0498046875,17860010.0,0.8918528041137715,15407.5498046875,0.0029912376628054016
2023-05-19,15407.5498046875,15418.7998046875,15278.7001953125,15399.5,13957600,15407.5498046875,0.0029912376628054,0.2819020512574485,15289.797412109376,14882.699921875,15147.279501953126,15286.466527734523,15078.14015266524,1.0077013703585678,1.0352657706980344,1.0171826434377746,60.52511874779376,162.82300235956427,178.05887616863865,-15.235873809074377,15719.061604077322,14860.53322014143,0.05615040937402415,0.6371560856702903,0.07743017554644185,0.09646448253923189,0.0029912376628054,-0.004509803451439809,0.036725136991774265,15361.599609375,15426.349609375,15477.349609375,18001240.0,0.775368807926565,15504.0,0.006259930782969603
2023-05-22,15504.0,15517.650390625,15386.900390625,15409.0498046875,16992200,15504.0,0.0062599307829696,0.6396030880945065,15322.642431640625,14897.284921875,15154.09234375,15307.184001283615,15094.840538835231,1.011835919892308,1.0407265539530701,1.0230899778299365,61.18784886676889,160.4292975164608,174.5329604382031,-14.103662921742313,15707.513508853437,14937.771354427812,0.050235601193439644,0.7356082063531615,0.0782200721550525,0.09342507313678707,0.0062599307829696,-0.002938975976287672,0.04424435801657922,15407.5498046875,15361.599609375,15549.7001953125,18127605.0,0.9373659675395619,15544.75,0.002628353973168185
2023-05-23,15544.75,15595.650390625,15528.75,15551.0498046875,14883100,15544.75,0.0026283539731681,0.2421908066521522,15353.372412109375,14910.559921875,15160.5034375,15329.8093344947,15112.484047116204,1.0124648567593972,1.042532948557793,1.0253452376488734,64.50927507912299,159.97634588705841,171.6216375279742,-11.645291640915787,15702.805766804995,15003.939057413754,0.04551877533042782,0.773839897248152,0.07720450708956025,0.0924213685405103,0.0026283539731681,0.003379050893022262,0.04116499789318406,15504.0,15407.5498046875,15492.400390625,18091570.0,0.8226538658612823,15515.9501953125,-0.0018527029825181618
2023-05-24,15515.9501953125,15591.400390625,15493.2998046875,15517.2001953125,17595700,15515.9501953125,-0.0018527029825181,-0.2481821528915068,15381.384912109375,14922.439921875,15165.737783203125,15347.537035524965,15128.306249006255,1.008748580441361,1.0397730047193867,1.023092342562935,56.698399385940675,155.50095667656205,168.3975013576918,-12.89654468112974,15683.164465663154,15079.605358555596,0.039239581517289235,0.7229529496245698,0.07842664080382733,0.09252229936932305,-0.0018527029825181,0.005808281816914507,0.037460633249093656,15544.75,15504.0,15426.349609375,17971840.0,0.9790705904348136,15555.25,0.0025328648386209185
2023-05-25,15555.25,15568.5498046875,15474.150390625,15510.2001953125,17916200,15555.25,0.0025328648386209,0.2317411984513938,15409.427392578125,14937.46591796875,15170.18587890625,15367.319222617827,15145.049141202087,1.0094632074058838,1.0413580245420408,1.0253829533907803,68.77246413559337,153.35753408869277,165.389507903892,-12.031973815199223,15659.619405022346,15159.235380133905,0.032472590456503,0.7914213887095896,0.07842006582953269,0.09041513109230741,0.0025328648386209,0.012606134487896492,0.03740393712079748,15515.9501953125,15544.75,15361.599609375,17811255.0,1.0058920609468565,15696.75,0.009096607254785338
2023-05-26,15696.75,15704.0,15567.849609375,15589.5,15551800,15696.75,0.0090966072547853,0.9500274925393032,15440.51240234375,14957.80392578125,15174.435478515625,15398.693582368509,15166.684468998083,1.0165951485921774,1.0494020430997295,1.0344206888107226,68.47296111021393,161.21829947895276,164.55526621890417,-3.336966739951407,15669.35459457572,15211.670210111779,0.029641787301983455,1.0598565438392817,0.08168203531176689,0.08959169456837746,0.0090966072547853,0.0187700315091317,0.041240341051423046,15555.25,15515.9501953125,15407.5498046875,17596495.0,0.8838010069618978,15772.349609375,0.004816258739866575
2023-05-29,15772.349609375,15805.75,15758.150390625,15791.75,17560100,15772.349609375,0.0048162587398665,0.4816185457448454,15468.152392578126,14984.1619140625,15178.914326171875,15434.279870654842,15190.43604313051,1.0196660343831907,1.0526013867063724,1.0390960295612124,72.01323512388998,171.5705112934993,165.9583152338232,5.61219605967608,15717.261812077375,15219.042973078876,0.032209330911267715,1.1105694786797904,0.07748153629050038,0.08130387665762777,0.0048162587398665,0.01730841133739691,0.03632169228272719,15696.75,15555.25,15504.0,17367260.0,1.0111036513531784,15799.4501953125,0.0017182339098920085
2023-05-30,15799.4501953125,15823.900390625,15759.349609375,15784.25,16359800,15799.4501953125,0.001718233909892,0.1425941549286209,15493.08740234375,15012.979921875,15183.52142578125,15469.057996812713,15214.318951059216,1.0197741602440327,1.0523860204656343,1.0405656074278935,71.35534993917082,179.88786915696437,168.74422601845146,11.143643138512914,15769.935533811244,15216.239270876256,0.03573827788844656,1.0533047872560204,0.07634610813830042,0.07899860230069373,0.001718233909892,0.016384965683751807,0.03259318630214203,15772.349609375,15696.75,15544.75,17091205.0,0.9572057675278016,15766.400390625,-0.0020918325814467398
2023-05-31,15766.400390625,15789.2001953125,15706.5,15773.7998046875,34527400,15766.400390625,-0.0020918325814467,-0.2743506864095402,15517.58740234375,15041.90193359375,15187.891274414062,15497.376320032932,15235.969203591208,1.0160342572482415,1.0481653490515848,1.0380901539100105,67.74336082124736,181.7178617625923,171.33895316727964,10.378908595312652,15800.357513928397,15234.817290759103,0.0364451127940055,0.939956307415164,0.07664502423676324,0.07883791630051702,-0.0020918325814467,0.01614146682348605,0.03207561909026091,15799.4501953125,15772.349609375,15515.9501953125,17730880.0,1.9473032359364002,15760.349609375,-0.0003837769624065457
2023-06-01,15760.349609375,15823.9501953125,15743.400390625,15801.9501953125,17566700,15760.349609375,-0.0003837769624065,-0.0874340064260279,15535.3298828125,15070.50193359375,15192.191118164063,15522.421395208368,15256.533141072925,1.0144843867661575,1.0457746980705072,1.0373980610691262,67.79869841002262,180.5980744249773,173.19077741881918,7.407297006158132,15832.643800613516,15238.015965011486,0.03827584223105928,0.8784211116417042,0.07245864248579435,0.0789630258146492,-0.0003837769624065,0.013185233884058345,0.023033956014085977,15766.400390625,15799.4501953125,15555.25,17496455.0,1.0040148132864628,15811.2001953125,0.0032264884471377986
2023-06-02,15811.2001953125,15838.4501953125,15774.650390625,15816.7998046875,18505700,15811.2001953125,0.0032264884471377,0.3076461166618516,15561.959912109374,15098.3089453125,15196.28046875,15549.924138075428,15278.284790258791,1.0160159957107449,1.047216628867654,1.0404651472330375,66.90364186701723,181.71910744693014,174.89644342444137,6.822664022488766,15857.858103695566,15266.061720523183,0.03802839658466442,0.9211588483628904,0.06365348184081748,0.07838039363471443,0.0032264884471377,0.007291330709382482,0.03485925409097668,15760.349609375,15766.400390625,15696.75,17366165.0,1.0656181143044534,15859.5,0.003054784209349126
2023-06-05,15859.5,15899.150390625,15851.75,15877.4501953125,17899700,15859.5,0.0030547842093491,0.2888561043760731,15583.579931640625,15129.156953125,15200.649067382812,15579.407553496816,15301.077543581976,1.0177058204577982,1.0482738760089434,1.0433436052432086,74.00906942446063,184.37951252527455,176.793057244608,7.5864552806665415,15900.434227137901,15266.725636143348,0.04066514843022952,0.935405282932028,0.05654755144311515,0.0756239204489803,0.0030547842093491,0.005525517299793892,0.028028625054202116,15811.2001953125,15760.349609375,15772.349609375,17383085.0,1.0297194082638381,15878.400390625,0.001191739375453249
2023-06-06,15878.400390625,15895.7001953125,15816.7001953125,15873.75,17273800,15878.400390625,0.0011917393754532,0.0849785777133674,15606.469970703125,15158.49896484375,15204.565415039062,15607.883061794739,15323.717655230723,1.0174242106275377,1.0474916037168902,1.0443179372242655,81.50831508972824,185.87040792112566,178.60852737991155,7.261880541214111,15939.482220060854,15273.457721345396,0.04267617853144845,0.9082889149654868,0.05615107515052052,0.07493189715501843,0.0011917393754532,0.004997021689775227,0.029687612210077763,15859.5,15811.2001953125,15799.4501953125,17339350.0,0.9962195814722005,16006.7001953125,0.008080146710700786
2023-06-07,16006.7001953125,16016.0,15920.25,15938.2998046875,31132700,16006.7001953125,0.0080801467107007,0.8387937434057229,15633.502490234376,15189.43296875,15208.896264648438,15645.865645939288,15350.501284253538,1.0238716631357079,1.0538049858901188,1.0524563989905353,91.3048697965105,195.1550493268951,181.91783176930826,13.237217557586831,16004.166977190253,15262.838003278499,0.04741925070052502,1.0034171308695479,0.06071305380594855,0.07612613759145537,0.0080801467107007,0.015241259814154251,0.03495723843208731,15878.400390625,15859.5,15766.400390625,18079355.0,1.7220028037504655,15921.0498046875,-0.005350908655744169
2023-06-08,15921.0498046875,16048.7998046875,15906.150390625,16021.7001953125,23687500,15921.0498046875,-0.0053509086557441,-0.6309993065309901,15655.352490234374,15219.78197265625,15212.099116210937,15672.073661058166,15372.875736035263,1.016971659668402,1.0460760760759347,1.0466043958207623,81.28802231455899,193.3728420670068,184.20883382884796,9.164008238158829,16040.1727960261,15270.532184442649,0.04916150000860692,0.8452225759054445,0.06571197434395,0.0767756714197426,-0.0053509086557441,0.01019648670844897,0.028222590698959493,16006.7001953125,15878.400390625,15760.349609375,18464790.0,1.282846975243152,15877.400390625,-0.002741616576668715
2023-06-09,15877.400390625,15961.7001953125,15866.7998046875,15947.9501953125,18992700,15877.400390625,-0.0027416165766687,-0.3454581291294462,15675.355029296876,15251.74998046875,15214.590971679687,15691.62858768358,15392.66101660741,1.0128893642887518,1.04102154906535,1.043564064270874,74.3162288788171,186.29084218527532,184.62523550013344,1.6656066851418814,16062.797353671669,15287.912704922082,0.0494333077178345,0.7607425010334111,0.06706357956562554,0.0736351977992506,-0.0027416165766687,0.004186917785793831,0.02584749917438578,15921.0498046875,16006.7001953125,15811.2001953125,18739535.0,1.0135096735324542,15929.099609375,0.0032561513521147667
2023-06-12,15929.099609375,15946.150390625,15874.400390625,15913.2001953125,17248900,15929.099609375,0.0032561513521147,0.3108922004867313,15694.325,15285.07796875,15217.21357421875,15714.244875463713,15413.697824166922,1.0149592040036763,1.0421340108268788,1.0467816286920189,74.67734249464465,182.7434484211244,184.24887808433164,-1.5054296632072237,16092.85647897891,15295.79352102109,0.050786698883690064,0.7945496425724363,0.06629739696759165,0.07328990650648554,0.0032561513521147,0.0043885122087707895,0.024399146562122942,15877.400390625,15921.0498046875,15859.5,18923595.0,0.9115022806184554,16048.2001953125,0.007476918900513718
2023-06-13,16048.2001953125,16057.5,15964.2998046875,15964.7998046875,19119800,16048.2001953125,0.0074769189005137,0.7727810572279447,15722.114990234375,15321.8059765625,15221.271420898438,15746.05014402074,15438.5802700942,1.0207405431954077,1.047409177473018,1.0543271814520507,80.62249131241003,187.38250633401367,184.87560373426805,2.506902599745615,16138.47472806061,15305.75525240814,0.052964850859420085,0.8915907032458108,0.06719044934854976,0.07299536794675127,0.0074769189005137,0.010693760108716921,0.03587564164839385,15929.099609375,15877.400390625,15878.400390625,18988690.0,1.006904636391452,16084.0498046875,0.0022338710222140623
2023-06-14,16084.0498046875,16094.099609375,16035.150390625,16082.150390625,20155200,16084.0498046875,0.002233871022214,0.199021578038931,15755.0,15356.57498046875,15226.683017578125,15778.240587893766,15463.892800862564,1.0208854207989526,1.0473722054002268,1.0563068651340286,80.5452545467159,191.741480588169,186.24877910504824,5.492701483120754,16176.857913382315,15333.142086617685,0.05355225812533015,0.8900007493617925,0.0632944827587282,0.07122734959889804,0.002233871022214,0.004832326990022118,0.04263485607202866,16048.2001953125,15929.099609375,16006.7001953125,19142755.0,1.052889200117747,16058.25,-0.0016040614771026807
2023-06-15,16058.25,16138.7001953125,16039.0498046875,16106.849609375,17043200,16058.25,-0.0016040614771026,-0.2209727083158787,15789.83251953125,15386.58298828125,15231.521865234376,15804.908150951504,15487.200926318934,1.0169993874309136,1.0436527728235896,1.0542774479188854,74.10320120502678,190.91343918158782,187.18171112035617,3.7317280612316495,16189.374382818049,15390.290656244451,0.05060748589860717,0.8359065784243478,0.060480713668285134,0.06573502810546171,-0.0016040614771026,0.008617534458821074,0.045350120322094734,16084.0498046875,16048.2001953125,15921.0498046875,19198490.0,0.8877364834421874,16181.4501953125,0.007672081037005896
2023-06-16,16181.4501953125,16211.25,16091.7998046875,16100.900390625,20414800,16181.4501953125,0.0076720810370058,0.7941381244129732,15828.5275390625,15418.17298828125,15236.727211914062,15840.769298033503,15514.426387848094,1.0222966195294565,1.049505035882746,1.0620030122124737,75.64890814803016,197.91697287165698,189.32876347061634,8.588209401040643,16222.037604913632,15435.017473211366,0.04972162633321166,0.9484290071280731,0.06347351068473471,0.06693441415015851,0.0076720810370058,0.019149848036019268,0.050228647671776594,16058.25,16084.0498046875,15877.400390625,19521350.0,1.045767838802132,16142.150390625,-0.0024286948458355218
2023-06-19,16142.150390625,16244.9501953125,16117.849609375,16231.0498046875,17333000,16142.150390625,-0.0024286948458355,-0.3112143431718775,15860.43505859375,15446.82798828125,15241.934809570312,15869.472259232694,15539.043015407973,1.017762144038956,1.0450139279644506,1.059061765602714,71.16216577916911,198.01358068371155,191.06572691323538,6.947853770476172,16246.567757357367,15474.302359830133,0.04869131235518938,0.864790825708918,0.0640664969965691,0.06655900105493127,-0.0024286948458355,0.013374941865804457,0.041160370912345146,16181.4501953125,16058.25,15929.099609375,19538390.0,0.8871252953800185,16199.9501953125,0.003580675640407094
2023-06-20,16199.9501953125,16215.599609375,16080.9501953125,16147.5498046875,16932200,16199.9501953125,0.003580675640407,0.3464056825217601,15893.195068359375,15475.64298828125,15247.196909179687,15900.946348383151,15564.960944031682,1.0193010357976302,1.0468030444731584,1.0624871110282048,75.97817144160788,200.44351617325628,192.94128476523957,7.502231408016712,16277.729454489618,15508.660682229132,0.04838981519779625,0.898865664575869,0.06427399028807856,0.06658329580844065,0.003580675640407,0.009455889018902264,0.04214929125991085,16142.150390625,16181.4501953125,16048.2001953125,19640845.0,0.8620912185804633,16240.9501953125,0.0025308719783510014
2023-06-21,16240.9501953125,16277.349609375,16201.400390625,16244.5498046875,18561500,16240.9501953125,0.002530871978351,0.2315231149058865,15929.445068359375,15504.65099609375,15253.5380078125,15933.327667138328,15591.47032643485,1.019555303126778,1.0474889244139873,1.0647333220000679,77.63980387737017,203.33371046081265,195.0197699043542,8.313940556458448,16300.703378529895,15558.186758188855,0.04661283661512186,0.9195261337168856,0.06258312762930318,0.06659744102912457,0.002530871978351,0.009755030140435883,0.04672611028482354,16199.9501953125,16142.150390625,16084.0498046875,19689135.0,0.9427280578857324,16140.7998046875,-0.006166535173164012
2023-06-22,16140.7998046875,16264.150390625,16128.7998046875,16252.75,17972000,16140.7998046875,-0.006166535173164,-0.7202552997452508,15958.72255859375,15530.1219921875,15257.616860351562,15953.086918333487,15613.012658915346,1.011409261952217,1.0393221516744817,1.0578847242278693,67.93838519882692,195.2917094629065,195.07415781606468,0.2175516468418266,16296.582986902635,15620.862130284866,0.04234178858218521,0.7694563062687508,0.06938974618593148,0.06854850942447586,-0.006166535173164,0.005140647622717376,0.03764322686472421,16240.9501953125,16199.9501953125,16058.25,19691925.0,0.9126583612318248,16011.7998046875,-0.007992169010270334
2023-06-23,16011.7998046875,16133.9501953125,15999.400390625,16126.7001953125,15066500,16011.7998046875,-0.0079921690102703,-0.9200388500544776,15974.475048828124,15551.5269921875,15261.619956054688,15958.678621795774,15628.651370514255,1.0023365247211746,1.0295966314260474,1.0491546671187546,57.61956643802085,176.47485159317512,191.35429657148677,-14.879444978311653,16289.514121243996,15659.435976412253,0.039442807535508065,0.5592382963366929,0.07220359107419108,0.07143262389047753,-0.0079921690102703,-0.01048425132341635,0.0200710213698696,16140.7998046875,16240.9501953125,16181.4501953125,19667660.0,0.7660545280933269,16066.150390625,0.003394408286418127
2023-06-26,16066.150390625,16079.0,15995.099609375,16017.5,13334300,16066.150390625,0.0033944082864181,0.3260219930160895,15989.165087890626,15573.765,15265.942807617188,15968.914028350939,15645.808194832323,1.0048148419452294,1.0316163362311555,1.052417829222348,59.071366422839546,164.05684898833533,185.89480705485647,-21.83795806652114,16291.670211473993,15686.659964307259,0.03783876417818089,0.6272462790411726,0.07137957684679885,0.07156115864330469,0.0033944082864181,-0.004708170730718719,0.01862758488915106,16011.7998046875,16140.7998046875,16142.150390625,19456370.0,0.685343668937217,16163.5,0.006059299023604581
2023-06-27,16163.5,16171.2001953125,16104.2001953125,16118.650390625,14832100,16163.5,0.0060592990236045,0.6176474667776586,16007.367578125,15598.94900390625,15270.288408203125,15987.44602565085,15666.109834250663,1.009753785006372,1.0361916047005717,1.0584934329935147,57.80953761277678,160.2238317524807,180.76061199438132,-20.53678024190063,16305.588167488677,15709.146988761324,0.037260416231235126,0.7617733775648807,0.07364054073015104,0.07143959711941576,0.0060592990236045,-0.0022500189737032494,0.023041928686575952,16066.150390625,16011.7998046875,16199.9501953125,19379985.0,0.7653308297194245,16277.2001953125,0.007034379640084243
2023-06-28,16277.2001953125,16296.0,16210.4501953125,16239.849609375,20741900,16277.2001953125,0.0070343796400842,0.7243529098071259,16032.907568359375,15626.5530078125,15275.109262695312,16015.041660856721,15690.074162135441,1.0152369509966634,1.041637281566492,1.065602865117599,67.25619750153857,164.46494400854863,177.50147839721478,-13.036534388666155,16331.727124347737,15734.088012371012,0.037275778546625976,0.9087627835203171,0.07541606372953881,0.07228162867435273,0.0070343796400842,0.0022320122630794526,0.03239799776943575,16163.5,16066.150390625,16240.9501953125,18690710.0,1.109743824605914,16430.0,0.009387351808298305
2023-06-30,16430.0,16437.44921875,16326.0,16354.9501953125,21663000,16430.0,0.0093873518082983,0.9818443760530088,16066.390087890624,15658.015,15280.66236328125,16054.56150267989,15719.09086165954,1.0226317119228563,1.049302865018331,1.075215171266434,74.2134693945294,178.1026665887075,177.62171603551332,0.4809505531941909,16385.96721948221,15746.812956299038,0.039782070501628554,1.068892258181032,0.07984222093213919,0.07351146665159035,0.0093873518082983,0.017917339835199053,0.04248956445906882,16277.2001953125,16163.5,16140.7998046875,18895525.0,1.146461926831882,16527.94921875,0.005961607958003601
2023-07-03,16527.94921875,16541.900390625,16485.30078125,16490.94921875,22143300,16527.94921875,0.0059616079580036,0.6069568959071107,16102.2275390625,15691.338984375,15286.0987109375,16099.64604706752,15750.810797231716,1.0264386823906655,1.0533166886017868,1.0812405134427094,75.21791410994624,194.57144484565288,181.01166179754125,13.559783048111626,16459.805302794248,15744.649775330752,0.04441345309079447,1.0952854495809448,0.08093917020130285,0.07392905919486831,0.0059616079580036,0.032235565043187364,0.04533172779951222,16430.0,16277.2001953125,16011.7998046875,19077405.0,1.160708178077679,16556.05078125,0.0017002449685723509
2023-07-04,16556.05078125,16599.25,16499.150390625,16597.5,28937900,16556.05078125,0.0017002449685723,0.140625581335111,16137.055078125,15725.5180078125,15291.542065429687,16143.113164608709,15782.38883582067,1.0259648183077084,1.0528143348298535,1.0826933418755096,73.16095747250169,207.49871547607472,186.30907253324796,21.189642942826765,16529.114028763634,15744.996127486367,0.048591139924914116,1.0343529365181616,0.08089923749112071,0.07359050255310404,0.0017002449685723,0.030492705390761765,0.04392009718150014,16527.94921875,16430.0,16066.150390625,19629315.0,1.4742185348801016,16597.19921875,0.0024854017448774357
2023-07-05,16597.19921875,16611.150390625,16540.19921875,16580.19921875,23384400,16597.19921875,0.0024854017448774,0.2265471966838968,16172.99501953125,15758.858984375,15296.641162109376,16186.359455479307,15814.342184170839,1.0262291677395845,1.0531980288170748,1.085022459692797,73.29005069542325,218.54475767396798,192.75620956139198,25.788548112575995,16595.797783976093,15750.192255086407,0.052285029944573756,1.0016573150541543,0.08082336663457654,0.0731812378358507,0.0024854017448774,0.02683201155380943,0.04526896982327,16556.05078125,16527.94921875,16163.5,19934845.0,1.173041475868009,16695.05078125,0.005895667167111984
2023-07-06,16695.05078125,16703.30078125,16590.69921875,16600.75,24845700,16695.05078125,0.0058956671671119,0.5997408348072538,16207.412548828124,15793.64599609375,15301.767270507813,16234.806248409848,15848.87977621316,1.0300873585436767,1.0570738881559834,1.091053764320907,77.12789236680698,232.5143483398533,200.70783731708426,31.806511022769058,16682.10186928259,15732.723228373661,0.058576817122947496,1.0136393546351539,0.07907882681579108,0.07365956966416258,0.0058956671671119,0.025670912744430785,0.0430039032116738,16597.19921875,16556.05078125,16277.2001953125,19620495.0,1.2663136174698957,16564.900390625,-0.007795746915078006
2023-07-07,16564.900390625,16718.19921875,16541.599609375,16653.30078125,21794000,16564.900390625,-0.007795746915078,-0.8985439025249666,16239.605078125,15825.05599609375,15306.438374023437,16266.243785763672,15876.959015994018,1.020030986648695,1.0467514550794559,1.0822178214062717,66.23892564523058,230.42708082492027,206.65168601865147,23.775394806268793,16719.820824371458,15759.389331878543,0.05914130841682671,0.8386970492344205,0.08254230837552645,0.07700093992504718,-0.007795746915078,0.0082106141585514,0.040440209272377015,16695.05078125,16597.19921875,16430.0,19525820.0,1.1161631112035244,16553.75,-0.0006731335753343837
2023-07-10,16553.75,16623.94921875,16530.75,16620.900390625,17837500,16553.75,-0.0006731335753343,-0.119099004226356,16273.42255859375,15854.63,15311.305478515626,16293.625329976656,15903.499838896214,1.0172260899879488,1.0440956364166178,1.0811455641863938,67.85678576248617,225.27631778387695,210.37661237169658,14.899705412180367,16741.342115460488,15805.503001727011,0.05750720909285407,0.7995466178872359,0.08128430818750436,0.0768360219299769,-0.0006731335753343,0.001561039479763826,0.04259825870325473,16564.900390625,16695.05078125,16527.94921875,19468060.0,0.9162443510036439,16648.0,0.005693573963603482
2023-07-11,16648.0,16698.80078125,16597.55078125,16610.94921875,19751600,16648.0,0.0056935739636034,0.5776252841038942,16309.367578125,15883.19900390625,15318.325825195312,16327.375298550307,15932.695923645382,1.020763062715515,1.0481515717271854,1.0868028392905484,68.84221350947738,226.19208670860098,213.53970723907747,12.65237946952351,16776.365934537513,15842.36922171249,0.05726750030931255,0.8625627555474881,0.082199269422729,0.07531169376828445,0.0056935739636034,0.005553813525030593,0.04513126342696072,16553.75,16564.900390625,16556.05078125,19593195.0,1.0080846947116078,16641.05078125,-0.0004174206361124977
2023-07-12,16641.05078125,16703.25,16627.30078125,16697.099609375,21120500,16641.05078125,-0.0004174206361124,-0.0911157154532192,16339.010107421875,15910.00501953125,15325.063432617188,16357.249154045516,15960.474545512232,1.0184858612512226,1.0459488077358436,1.0858715759591522,67.3218509080565,223.77752825408243,215.58727144207847,8.190256812003952,16811.438818337967,15866.581396505784,0.05782831491137461,0.8196679910092833,0.08025958916249888,0.07503240867007802,-0.0004174206361124,0.002642106172375147,0.03694187377539482,16648.0,16553.75,16597.19921875,19693230.0,1.0724751602454246,16623.900390625,-0.0010306074328144676
2023-07-13,16623.900390625,16774.5,16596.44921875,16726.94921875,21563600,16623.900390625,-0.0010306074328144,-0.1582182377432501,16366.00263671875,15936.95501953125,15330.8312890625,16382.64450991023,15986.491245320576,1.0157581395794004,1.0431039285893622,1.0843443566223976,72.53474996420472,217.96748658596698,216.0633144708562,1.9041721151107822,16838.784548720472,15893.220724717024,0.05777610116485768,0.7727449457759062,0.08087456516498316,0.07491668431228354,-0.0010306074328144,-0.0042617654511664105,0.03356434433448263,16641.05078125,16648.0,16695.05078125,19763650.0,1.0910737642085344,16765.44921875,0.008514778409333124
2023-07-14,16765.44921875,16786.0,16655.05078125,16695.69921875,16827100,16765.44921875,0.0085147784093331,0.8863565471097392,16401.36259765625,15964.15400390625,15337.852387695313,16419.1021012283,16017.038616827613,1.0221985593529759,1.0501934029606381,1.093076709500736,84.74799568004114,222.2231440857504,217.29528039383507,4.92786369191532,16882.93291218988,15919.79228312262,0.05872320810740652,0.8780202081657231,0.08338780394160845,0.07494639760448131,0.0085147784093331,0.0121068538533744,0.044039619432378885,16623.900390625,16641.05078125,16564.900390625,19752845.0,0.8518823490995854,16872.05078125,0.006358407765225893
2023-07-17,16872.05078125,16884.94921875,16784.349609375,16811.650390625,20461300,16872.05078125,0.0063584077652258,0.6503796637358106,16435.892626953126,15996.02302734375,15345.536245117188,16462.24007075418,16050.568505628491,1.0265369313487496,1.0547653471371452,1.099476128546406,85.44908769961648,231.52871954471811,220.1419682240117,11.386751320706423,16949.068864300472,15922.71638960578,0.06244580066260114,0.9249594218844674,0.08236231005529512,0.072098223099396,0.0063584077652258,0.019228318734425764,0.04267853484093509,16765.44921875,16623.900390625,16553.75,19755170.0,1.0357440609217738,16872.0,-3.0097852750099463e-06
2023-07-18,16872.0,16940.150390625,16818.30078125,16932.94921875,19999200,16872.0,-3.0097852750099463e-06,-0.0457657282957677,16472.385107421876,16024.92103515625,15354.608090820313,16501.264825920447,16082.781505407767,1.024259686133617,1.0528601022735393,1.0988232262396103,84.08208593316715,236.17685771576362,223.3489461223621,12.827911593401524,17001.17377420324,15943.596440640515,0.06420304811148159,0.8778587909321385,0.08103082232391595,0.07001583482516745,-3.0097852750099463e-06,0.013455069678039333,0.04521390221955057,16872.05078125,16765.44921875,16648.0,19888480.0,1.0055670418252174,16953.5,0.004830488383120057
2023-07-19,16953.5,16964.25,16877.44921875,16919.05078125,19868200,16953.5,0.00483048838312,0.4831757302092397,16510.06259765625,16055.57904296875,15365.7471875,16544.33484249945,16116.92732872511,1.0268586142372773,1.0559257909433344,1.1033306609255966,83.57319112718642,243.62851175045216,227.40485924798014,16.22365250247202,17063.908823734466,15956.216371578039,0.06709195956129242,0.9003253804605916,0.08142843772870229,0.070150850173659,0.00483048838312,0.0187758106658773,0.04651556304818394,16872.0,16872.05078125,16641.05078125,20035280.0,0.9916607105066663,17042.55078125,0.005252648789335623
2023-07-20,17042.55078125,17051.0,16912.69921875,16965.44921875,21616500,17042.55078125,0.0052526487893356,0.5293737700568213,16550.142626953126,16087.1090625,15377.323540039062,16591.783979523312,16153.226287647656,1.0297525021624256,1.0593917598891147,1.1082910973990412,82.4632334662578,253.79407496280692,232.6827023909455,21.11137257186141,17137.02301569437,15963.262238211883,0.07092149016110953,0.9195132123532743,0.08210626538422534,0.07051666675204048,0.0052526487893356,0.025183644077962475,0.04935675414908047,16953.5,16872.0,16623.900390625,20188030.0,1.0707582661606903,16904.30078125,-0.008112048587943788
2023-07-21,16904.30078125,16991.400390625,16874.94921875,16931.94921875,23571800,16904.30078125,-0.0081120485879437,-0.9331575637583902,16588.31767578125,16115.51408203125,15388.742143554688,16621.547484449664,16182.680189357552,1.019048532325257,1.0489457981423158,1.098484893928129,69.12833891126641,247.83781736607125,235.71372538597066,12.124091980100587,17162.27083191621,16014.364519646295,0.06919968225263579,0.7752690721276165,0.08504404338000474,0.07403737376966295,-0.0081120485879437,0.008282006684599441,0.047302549179797815,17042.55078125,16953.5,16765.44921875,20468020.0,1.1516404615590565,16865.150390625,-0.0023160017756206353
2023-07-24,16865.150390625,16948.400390625,16852.19921875,16921.75,28840000,16865.150390625,-0.0023160017756206,-0.298882066455062,16630.985205078126,16143.27009765625,15400.055493164062,16644.747761228267,16209.443726662159,1.0140800549492024,1.0447171043166499,1.0951356894857476,65.53572375084224,237.22376310377513,236.01573292953157,1.2080301742435609,17148.592799998885,16113.377610157368,0.06224617345732239,0.7261995262859271,0.07800436832959672,0.07444478292659068,-0.0023160017756206,-0.00040898351447993253,0.05329510713016039,16904.30078125,17042.55078125,16872.05078125,21156695.0,1.3631618738181932,16896.900390625,0.0018825803070010583
2023-07-25,16896.900390625,16918.849609375,16832.44921875,16918.80078125,22880300,16896.900390625,0.001882580307001,0.1605789808162799,16672.522705078125,16170.2141015625,15410.393344726563,16668.76229736129,16236.402811523447,1.013457932522625,1.0449398062696202,1.0964613305219182,65.20701567910655,228.7372674497965,234.56003983358457,-5.822772383788077,17129.002126688312,16216.043283467936,0.054758290594035426,0.7457697706883029,0.0779875869538974,0.07414001707794485,0.001882580307001,0.0014758410754505125,0.05170809309022539,16865.150390625,16904.30078125,16872.0,21633995.0,1.057608638626384,16975.0,0.004622126400078308
2023-07-26,16975.0,17011.0,16931.599609375,16950.69921875,23136100,16975.0,0.0046221264000783,0.4603741717173507,16713.097705078126,16199.86609375,15422.075942382813,16697.92779285069,16265.367407149979,1.0156704818905173,1.0478481674949802,1.1006948781356636,64.49534195944634,225.7117793810139,232.79038774307043,-7.078608362056514,17120.718719292287,16305.476690863967,0.04877863115588482,0.8212571062190764,0.07729002669796824,0.07339388649031953,0.0046221264000783,0.0012681747131859655,0.05020571039688182,16896.900390625,16865.150390625,16953.5,22049195.0,1.0492945434062333,16919.19921875,-0.003287233063328454
2023-07-27,16919.19921875,17056.19921875,16873.0,17038.349609375,24802600,16919.19921875,-0.0032872330633284,-0.4051662680763588,16745.19765625,16229.7230859375,15431.843037109375,16719.001261983958,16291.00787034998,1.010391132196344,1.042482310336515,1.0963822777398615,69.87533609183173,216.3178243626644,229.49587506698924,-13.178050704324846,17106.801915351276,16383.593397148721,0.04318901054790359,0.740596671803203,0.0778757631724279,0.07300809392790668,-0.0032872330633284,-0.007237857999267905,0.03944161254601908,16975.0,16896.900390625,17042.55078125,22252230.0,1.114611883842653,16948.349609375,0.001722917866744833
2023-07-28,16948.349609375,16960.5,16880.599609375,16935.05078125,20685400,16948.349609375,0.0017229178667448,0.1431067317173135,16771.11513671875,16261.4580859375,15441.319633789062,16740.843961735485,16316.785977762727,1.0105678406719785,1.0422404632971694,1.0975972268774372,71.69792272900997,208.81811498945535,225.36032305148248,-16.54220806202713,17111.265452910968,16430.96482052653,0.040563828155645104,0.7605237511455606,0.07274757461691263,0.07167986765143304,0.0017229178667448,0.002605776405366411,0.031548971964394434,16919.19921875,16975.0,16904.30078125,22203350.0,0.9316341903361429,17059.0,0.00652868233044912
2023-07-31,17059.0,17072.80078125,16939.0,16972.5,24434300,17059.0,0.0065286823304491,0.6690132234761229,16797.66767578125,16294.48708984375,15451.43123046875,16771.144536808297,16345.892410007327,1.0155576553401837,1.0469185010820479,1.104040120656349,72.19934171550864,209.3893924820768,222.16613693760138,-12.776744455524579,17140.790459653595,16454.544891908903,0.04085362212124694,0.8808145895597169,0.0732284647199,0.07237362464034217,0.0065286823304491,0.011494093137927708,0.03213047028530025,16948.349609375,16919.19921875,16865.150390625,22317900.0,1.0948297106806644,17051.150390625,-0.0004601447549680282
2023-08-01,17051.150390625,17102.099609375,17026.30078125,17096.599609375,23309200,17051.150390625,-0.000460144754968,-0.0957911196746486,16822.42265625,16325.43009765625,15461.928828125,16797.811760981316,16373.549585717825,1.0135965989589508,1.0444533643908676,1.1027828791715322,72.1291848368495,206.82459099501648,219.0978277490844,-12.27323675406791,17163.582132679836,16481.263179820166,0.04056008856763144,0.8352211358273753,0.07358700902582578,0.07193371078448133,-0.000460144754968,0.009128893254622295,0.02990445100202943,17059.0,16948.349609375,16896.900390625,22036465.0,1.0577558605701958,16858.94921875,-0.011272035462233432
2023-08-02,16858.94921875,17018.849609375,16755.900390625,17005.599609375,24246300,16858.94921875,-0.0112720354622334,-1.2789626117612196,16835.51015625,16351.71408203125,15472.614169921875,16803.634376006907,16392.584865444576,1.001392239515314,1.031020303692574,1.0895992773815237,60.667993978454156,187.1258685294306,212.70343590515364,-25.57756737572305,17159.9641703604,16511.056142139598,0.03854400741042367,0.5361207774909664,0.08622403979974391,0.07775727440891118,-0.0112720354622334,-0.006836570324005864,0.015770733155043404,17051.150390625,17059.0,16975.0,22079560.0,1.0981332961345245,16772.30078125,-0.00513961080110692
2023-08-03,16772.30078125,16878.75,16691.650390625,16818.349609375,25498600,16772.30078125,-0.0051396108011069,-0.6078764684710523,16839.37265625,16376.84109375,15482.326020507813,16800.650224125297,16407.47568567224,0.9960169611796609,1.0241474949433882,1.0833191833729308,50.32727666192592,162.64778191360892,202.6923051068447,-40.04452319323579,17158.583078676194,16520.16223382381,0.03791238889267027,0.3949409695168951,0.08646612287262584,0.07885810005026285,-0.0051396108011069,-0.00868235166456377,0.004627119798087609,16858.94921875,17051.150390625,16919.19921875,22112205.0,1.1531459662209174,16890.599609375,0.007053226010425906
2023-08-04,16890.599609375,16914.44921875,16836.55078125,16847.400390625,26290700,16890.599609375,0.0070532260104259,0.7264153139435806,16855.6576171875,16403.5480859375,15493.1276171875,16809.216832244314,16426.42172189588,1.0020730126928938,1.029691839892556,1.090199475968764,50.87622502594504,151.0532014021992,192.36448436591562,-41.31128296371642,17148.012060523015,16563.303173851982,0.034689176770817766,0.5597596393410054,0.08418697639045396,0.07978928677355973,0.0070532260104259,-0.0034074114194608818,0.019662008890456883,16772.30078125,16858.94921875,16948.349609375,22337040.0,1.1770001754932615,16956.349609375,0.0038926978035467297
2023-08-07,16956.349609375,16970.05078125,16897.5,16948.349609375,22503500,16956.349609375,0.0038926978035467,0.3805510265990844,16875.78759765625,16428.740078125,15503.83396484375,16823.22947768533,16447.203207679377,1.004773822332887,1.0321150330908526,1.0936875128968067,53.75170484587269,145.4927385923802,182.99013521120855,-37.49739661882836,17134.071068308163,16617.504127004337,0.03060994565821261,0.6559565765373093,0.08455176379210994,0.0781333147130131,0.0038926978035467,-0.006017374443109236,0.024320749641320027,16890.599609375,16772.30078125,17059.0,22570340.0,0.9970385913548488,16949.25,-0.0004186991621755176
2023-08-08,16949.25,16998.150390625,16889.849609375,16991.849609375,23945400,16949.25,-0.0004186991621755,-0.091255627669372,16890.85009765625,16452.2780859375,15514.049560546875,16835.23143219149,16466.891317182148,1.0034574874565878,1.0302068753923679,1.0925097237734063,49.7975708495383,138.91186312351783,174.1744807936704,-35.262617670152565,17127.424832724137,16654.275362588363,0.028012176261122512,0.6234280201695425,0.08302837134135901,0.07789371472070739,-0.0004186991621755,-0.00597615927902595,0.01809526669870265,16956.349609375,16890.599609375,17051.150390625,22780030.0,1.0511575270094025,17003.849609375,0.003221358430314014
2023-08-09,17003.849609375,17011.94921875,16881.75,16966.849609375,21148900,17003.849609375,0.003221358430314,0.3070847264458233,16908.9900390625,16476.36607421875,15523.786157226563,16851.290306208968,16487.94850511128,1.005610008054494,1.0320145554414226,1.095341654230366,48.094099450506725,136.528389778985,166.64526259073332,-30.116872811748323,17119.069806735482,16698.91027138952,0.024848292794265186,0.7257703618071294,0.08326108254160489,0.07799315376904309,0.003221358430314,0.008594864884215125,0.021801437474956664,16949.25,16956.349609375,16858.94921875,22781450.0,0.9283386263824296,16939.849609375,-0.003763853566707276
2023-08-10,16939.849609375,17013.44921875,16901.55078125,16999.5,23453800,16939.849609375,-0.0037638535667072,-0.4573240087907396,16924.7875,16499.83505859375,15533.142504882813,16859.724525558115,16505.670117043188,1.0008899437806826,1.026667815115647,1.0905616557660494,51.88878765097135,127.99970394176853,158.91615086094038,-30.916446919171847,17086.566541465752,16763.008458534245,0.01911740888513304,0.5465514854025245,0.08473744775284366,0.0784760357927652,-0.0037638535667072,0.009989615039118771,0.019005721360564554,17003.849609375,16949.25,16772.30078125,22875960.0,1.0252597049479015,16860.150390625,-0.00470483626406526
2023-08-11,16860.150390625,16972.05078125,16845.80078125,16970.05078125,22768800,16860.150390625,-0.0047048362640652,-0.560298033612554,16929.52255859375,16521.83107421875,15541.882856445312,16859.765084135914,16519.571304242476,0.9959022962562204,1.0204771078269996,1.0848203236606557,49.74531316461012,113.50122660273337,149.833166009299,-36.331939406565624,17076.534931264912,16782.51018592259,0.017367574562405584,0.2640601035526851,0.08204600040540305,0.07958668543679023,-0.0047048362640652,-0.0018027316646058722,0.005648591376191003,16939.849609375,17003.849609375,16890.599609375,23173045.0,0.9825553784580318,16825.55078125,-0.0020521530694197487
2023-08-14,16825.55078125,16854.099609375,16661.0,16827.75,20268700,16825.55078125,-0.0020521530694197,-0.2700084609171299,16927.19755859375,16542.1180859375,15550.605209960937,16856.506579099158,16531.570499419242,0.9939950616756319,1.0171340026615725,1.081986877943014,46.37615889243761,98.08847663935376,139.48422813530996,-41.395751495956205,17079.415575340085,16774.979541847417,0.017985022768171745,0.16611449972670544,0.079183002957952,0.07983271495482352,-0.0020521530694197,-0.007713855348481569,-0.002756037224098229,16860.150390625,16939.849609375,16956.349609375,23163415.0,0.8750307327309035,16853.05078125,0.0016344190069930153
2023-08-16,16853.05078125,16867.80078125,16732.75,16779.599609375,0,16853.05078125,0.001634419006993,0.1334220862861351,16926.25009765625,16561.9891015625,15558.876811523438,16856.177455494475,16544.17756929496,0.995675396736789,1.0175740774796211,1.083179138533191,43.47060422832369,87.08887508241241,129.00515752473046,-41.91628244231805,17080.141421187593,16772.35877412491,0.018183746859871952,0.26217204866781846,0.07942971175886764,0.07973181450808971,0.001634419006993,-0.005675721270852696,-0.0011231163317922954,16825.55078125,16860.150390625,16949.25,22163455.0,0.0,16802.25,-0.003014337398574707
2023-08-17,16802.25,16869.400390625,16781.599609375,16858.849609375,20478700,16802.25,-0.0030143373985747,-0.375302631863899,16918.68759765625,16580.46609375,15567.097661132813,16851.041507352144,16554.29805677359,0.9931178114741961,1.0133762166272033,1.0793437778675377,43.704607102396544,73.42600384740217,117.88932678926481,-44.46332294186264,17081.54478491106,16755.830410401442,0.01925175180577956,0.14251624500239668,0.07791077642291137,0.08029887777188116,-0.0030143373985747,-0.011856115762388875,-0.008921461645088002,16853.05078125,16825.55078125,17003.849609375,22193980.0,0.9227141774481188,16757.69921875,-0.0026514771087206013
2023-08-18,16757.69921875,16803.25,16722.05078125,16768.0,19005500,16757.69921875,-0.0026514771087206,-0.3355939479537715,16904.44501953125,16595.48607421875,15574.665004882812,16842.15176558051,16562.274572929527,0.9913190997627133,1.0097745340995616,1.0759588866596035,39.90464469229601,58.33080304963369,105.97762204133859,-47.646818991704905,17071.462100663728,16737.42793839877,0.019760137755424543,0.0606862490163193,0.07526250644662194,0.07913755974820957,-0.0026514771087206,-0.010752774955227085,-0.01671413898988583,16802.25,16853.05078125,16939.849609375,22063430.0,0.8614027827948783,16852.05078125,0.005630341090883784
2023-08-21,16852.05078125,16872.55078125,16766.69921875,16780.75,17652800,16852.05078125,0.0056303410908837,0.5707055570746142,16901.83251953125,16614.10609375,15582.717358398437,16843.094528977606,16573.63834580484,0.9970546543859239,1.014321847119389,1.0814577710457827,38.849108626889624,53.36596065195772,95.45528976346242,-42.089329111504696,17070.485687696575,16733.179351365925,0.019956790835600167,0.35241386561797927,0.07341704295027443,0.07849287572072368,0.0056303410908837,-0.0004803995923727822,-0.0030909293839562757,16757.69921875,16802.25,16860.150390625,21767480.0,0.8109712286401549,16905.25,0.003156839451800675
2023-08-22,16905.25,16925.44921875,16874.80078125,16886.94921875,22516400,16905.25,0.0031568394518006,0.3000242577320365,16903.8375,16634.6630859375,15590.1237109375,16849.014097646406,16586.64272440073,1.0000835609073975,1.016266449922346,1.0843563728836771,42.50485121214163,53.11178009079231,86.9865878289284,-33.8748077381361,17071.605626033655,16736.069373966347,0.019849708805310513,0.504209679254601,0.07383918850881832,0.07810521627900469,0.0031568394518006,0.004736797016999583,0.002377660942608051,16852.05078125,16757.69921875,16825.55078125,21451300.0,1.0496520024427425,16950.25,0.0026618949734549258
2023-08-23,16950.25,16981.849609375,16912.150390625,16950.900390625,22837200,16950.25,0.0026618949734549,0.2458612798774015,16906.50498046875,16655.08609375,15597.188061523437,16858.65561215627,16600.901833247757,1.0025874667521042,1.0177221483328605,1.0867503766152835,55.5260283420307,55.89711691505363,80.76869364615345,-24.87157673109982,17075.500696493404,16737.5092644441,0.01999179797597133,0.6294264155318524,0.07413587471614393,0.07803875636290855,0.0026618949734549,0.005767455400902177,0.0031573607076833543,16905.25,16852.05078125,16853.05078125,21449145.0,1.0647137683110446,16930.150390625,-0.0011858001725638667
2023-08-24,16930.150390625,17074.25,16916.400390625,17039.25,24143400,16930.150390625,-0.0011858001725638,-0.1752013566464878,16904.2625,16672.72509765625,15604.351166992188,16865.464638677102,16613.813541380197,1.0015314415890666,1.0154399050821594,1.0849634316380465,60.39101131574078,55.83896904186622,75.78274872529602,-19.943779683429796,17070.60066887203,16737.92433112797,0.019680026723676275,0.5778170482456678,0.07235286172461555,0.07690191247000328,-0.0011858001725638,0.007612099012037188,-0.00264209775405011,16950.25,16905.25,16802.25,21499510.0,1.1229744305800458,16820.849609375,-0.006455984071501497
2023-08-25,16820.849609375,16905.69921875,16785.25,16871.0,25050200,16820.849609375,-0.0064559840715014,-0.7519303965623731,16899.34501953125,16687.46109375,15611.032016601563,16861.215588267376,16621.93260287019,0.9953551211561436,1.0079933379245425,1.0774976049941385,45.35341233696844,46.43791942279495,69.9137828647958,-23.475863442000858,17069.593016959625,16729.097022102877,0.020148472882422566,0.26946744942023665,0.07501649665169477,0.07868635563150386,-0.0064559840715014,0.003768440392720507,-0.005812899777550284,16930.150390625,16950.25,16757.69921875,21511890.0,1.164481595991798,16875.30078125,0.003237123756498761
2023-08-28,16875.30078125,16918.25,16823.400390625,16866.400390625,24426100,16875.30078125,0.0032371237564987,0.3088099644278076,16895.692578125,16703.802109375,15617.754375,16862.557035218102,16631.86860986548,0.9987930771833881,1.0102670440389585,1.0805203088776327,44.51818640486159,42.88690087454961,64.50840646674656,-21.621505592196954,17064.643319615883,16726.741836634115,0.01999926794473237,0.4396516502517416,0.07574197878201584,0.07864199815909535,0.0032371237564987,0.0013796540434038995,-0.004310085041235645,16820.849609375,16930.150390625,16852.05078125,21698925.0,1.1256824934875806,16927.30078125,0.0030814265579062194
2023-08-29,16927.30078125,16938.80078125,16898.05078125,16933.849609375,25140300,16927.30078125,0.0030814265579062,0.2917716413666389,16889.1076171875,16718.71912109375,15624.315229492187,16868.72310626876,16643.454185213894,1.0022614080582701,1.012475935425764,1.0833947301126081,48.60044932986862,43.764172372364555,60.359559647870164,-16.595387275505608,17040.625000066157,16737.590234308842,0.01794261559733968,0.6260355852782307,0.07260042383119937,0.07730442670115312,0.0030814265579062,0.0013043747504473124,-0.007720219165836206,16875.30078125,16820.849609375,16905.25,21734225.0,1.156714812697485,16968.94921875,0.0024604299314001654
2023-08-30,16968.94921875,17035.599609375,16959.099609375,17010.150390625,22475100,16968.94921875,0.0024604299314001,0.2238144704094668,16884.99755859375,16735.25509765625,15631.323828125,16878.268450314594,16656.21869633296,1.0049719675626203,1.0139641803922355,1.0855733913092025,47.7372706427874,47.27513881797495,57.742675481891126,-10.467536663916178,17021.747177299854,16748.247939887646,0.016197765884365955,0.8069539094506287,0.07329319395218577,0.07699601695877803,0.0024604299314001,0.0011031824751848163,-0.004820857830225678,16927.30078125,16875.30078125,16950.25,21692520.0,1.0360760298941756,16924.30078125,-0.0026311845786340937
2023-08-31,16924.30078125,17011.80078125,16904.69921875,17001.349609375,38895000,16924.30078125,-0.002631184578634,-0.3333732870397159,16888.26513671875,16749.742109375,15638.745434570312,16882.65248183225,16666.731719270883,1.0021337682846359,1.0104215737015614,1.0822032273661732,48.96596154704157,45.92544926604023,55.37923023872095,-9.453780972680718,17025.516241589194,16751.014031848306,0.016254020618378603,0.6312763367720576,0.061498381537442186,0.0771925168871364,-0.002631184578634,-0.00034551431854024095,0.003876372225341207,16968.94921875,16927.30078125,16930.150390625,22424955.0,1.7344516410400823,17074.55078125,0.00887776706063148
2023-09-01,17074.55078125,17088.099609375,16931.5,16940.19921875,39465900,17074.55078125,0.0088777670606314,0.9260792779248562,16903.37763671875,16766.41412109375,15645.87279296875,16900.928510348225,16682.724623662223,1.0101265645369844,1.018378208836473,1.0913134094330166,63.035037011863054,56.33038822944218,55.5694618368652,0.7609263925769767,17052.879771178345,16753.875502259154,0.017689024959701188,1.0724772597692906,0.06536162210284623,0.07917726140919495,0.0088777670606314,0.01508254206931392,0.018020783429897103,16924.30078125,16968.94921875,16820.849609375,23123320.0,1.706757507139978,17180.94921875,0.006231404788513695
2023-09-04,17180.94921875,17191.19921875,17074.55078125,17157.900390625,4456715100,17180.94921875,0.0062314047885136,0.636481419152647,16917.8951171875,16787.217109375,15653.526640625,16927.597149243633,16702.26284307743,1.0155488670275095,1.023454281124125,1.0975768983687637,69.8724417349216,72.32808883348116,58.921187236188395,13.406901597292766,17111.929449132404,16723.8607852426,0.02293835380830138,1.17785452946548,0.0643936622677297,0.07828210695424898,0.0062314047885136,0.018112177167212584,0.01719001196463399,17074.55078125,16924.30078125,16875.30078125,244644540.0,18.217104293437327,17252.099609375,0.004141237467098158
2023-09-05,17252.099609375,17264.900390625,17180.94921875,17228.19921875,37702500,17252.099609375,0.0041412374670981,0.4077493263718735,16932.6826171875,16812.02310546875,15661.317739257813,16958.502145446622,16723.82506920675,1.0188639331055125,1.0261762966387489,1.101573947773859,71.27467048640008,89.7134627601954,65.07964234098979,24.633820419205605,17177.491789219446,16687.873445155554,0.02891558030898642,1.152379544310263,0.06455473438350169,0.07559882597178882,0.0041412374670981,0.019187868894299687,0.017441843723043027,17180.94921875,17074.55078125,16927.30078125,245404490.0,0.15363410832458688,17284.599609375,0.0018838286780085145
2023-09-06,17284.599609375,17298.80078125,17198.75,17274.19921875,30486500,17284.599609375,0.0018838286780085,0.1607155930913723,16949.45009765625,16836.39208984375,15669.424340820313,16989.559046773134,16745.81622764472,1.0197734740530076,1.0266213519582752,1.1030781497407665,76.22751476597432,104.90469916705115,73.04465370620207,31.86004546084908,17240.590466792488,16658.30972852001,0.034353960448130494,1.0755806257854308,0.06446109628586032,0.07548057390713991,0.0018838286780085,0.018601646251390713,0.019785513186424186,17252.099609375,17180.94921875,16968.94921875,245731545.0,0.12406425068462415,17385.5,0.005837589120101683
2023-09-07,17385.5,17395.0,17269.099609375,17292.349609375,27654800,17385.5,0.0058375891201016,0.593385212890684,16968.5326171875,16860.83208984375,15678.365693359376,17027.267708985215,16770.901865776297,1.0245729782426887,1.0311175573874725,1.1088847103090398,82.16527238404322,123.66020387564276,83.16776374009021,40.492440135552556,17318.726624618947,16618.33860975605,0.04127569723698021,1.0953376899132539,0.06630591104850717,0.07541292105397047,0.0058375891201016,0.0272507103667734,0.022444940374830136,17284.599609375,17252.099609375,16924.30078125,246056840.0,0.11239191724968914,17487.44921875,0.005864037200540739
2023-09-08,17487.44921875,17519.599609375,17385.5,17437.650390625,29913900,17487.44921875,0.0058640372005407,0.5962794906486785,16995.91259765625,16885.0370703125,15688.048793945312,17071.094519439004,16799.001761971347,1.0289208724903383,1.0356772772205913,1.1146988034292162,82.30304835549609,145.07815573992048,95.54984214005627,49.528313599864205,17415.43079532312,16576.39439998938,0.04936695164279621,1.0858346834849157,0.06570746478465539,0.07501350494079762,0.0058640372005407,0.02418209666478699,0.032326119889042104,17385.5,17284.599609375,17074.55078125,246379845.0,0.12141374632328387,17653.349609375,0.009486826154561312
2023-09-11,17653.349609375,17660.80078125,17550.19921875,17567.19921875,37172200,17653.349609375,0.0094868261545613,0.992730095662924,17035.57255859375,16909.5040625,15699.046645507813,17126.547385147194,16832.505599124434,1.0362639440885482,1.0439897908374862,1.1244854549448962,84.1224902127864,173.4395092362647,111.12777555929796,62.31173367696675,17542.017860636024,16529.127256551477,0.05945738545626548,1.1099148795426805,0.06694499596390972,0.07506797428009929,0.0094868261545613,0.027495593206774416,0.0470457973608025,17487.44921875,17385.5,17180.94921875,247100015.0,0.1504338233245352,17460.55078125,-0.010921373699108727
2023-09-12,17460.55078125,17754.05078125,17422.05078125,17753.94921875,44340200,17460.55078125,-0.0109213736991087,-1.2405888422950555,17067.32255859375,16928.15609375,15708.803500976563,17158.35723239508,16857.134821952888,1.0230398307236686,1.031450246828511,1.1115137305119729,70.51054596529985,178.30346076632122,124.56291260070262,53.740548165618605,17597.396754311314,16537.248362876187,0.06211568263243831,0.8709180958366253,0.08061633371471684,0.07929709978498369,-0.0109213736991087,0.01208265524746488,0.03774022070692795,17653.349609375,17487.44921875,17252.099609375,248303590.0,0.17857252889497088,17526.75,0.003791359137484296
2023-09-13,17526.75,17540.849609375,17364.349609375,17458.400390625,34773200,17526.75,0.0037913591374842,0.3694612899399281,17101.00751953125,16947.570078125,15718.7466015625,17193.442257881263,16883.394240699836,1.0248957542403572,1.034174806134749,1.1150221098581599,73.1223004583839,185.36315009025202,136.7229600986125,48.64018999163952,17658.656012678664,16543.359026383834,0.0652182033731622,0.8817301451537531,0.08089715071936465,0.07951572025833584,0.0037913591374842,0.014009603699102202,0.03997491181237822,17460.55078125,17653.349609375,17284.599609375,250042250.0,0.1390692972887582,17603.5,0.00437902063987905
2023-09-14,17603.5,17648.55078125,17546.0,17593.25,29508800,17603.5,0.004379020639879,0.4337705172023722,17141.07001953125,16967.69609375,15728.360205078125,17232.495376178285,16911.63368224102,1.0269778946087869,1.0374714341143931,1.1192202982683763,81.11818818509302,194.90435226609407,148.3592385321088,46.54511373398526,17722.946983989994,16559.193055072505,0.06789272359259904,0.8973606180629615,0.07908705554146842,0.0797921275901902,0.004379020639879,0.012539184952978122,0.04768706572036474,17526.75,17460.55078125,17385.5,250493755.0,0.1178025376321258,17665.80078125,0.003539113315533804
2023-09-15,17665.80078125,17691.849609375,17620.900390625,17662.80078125,41392000,17665.80078125,0.0035391133155338,0.3418574162410187,17186.47509765625,16987.11109375,15738.053061523438,17273.762557613685,16941.208862594314,1.0278897028547243,1.0399532141606884,1.1224895933563435,81.23531754149322,205.1283837882911,159.71306758334526,45.41531620494584,17783.907425893336,16589.042769419164,0.0695235439311839,0.9011547927170694,0.07692431860604189,0.07925100193055652,0.0035391133155338,0.010198832332206198,0.05419010990983386,17603.5,17526.75,17487.44921875,251613080.0,0.16450655109026924,17613.599609375,-0.00295492814174636
2023-09-18,17613.599609375,17671.599609375,17601.55078125,17666.849609375,44639200,17613.599609375,-0.0029549281417463,-0.3688013324197496,17224.5525390625,17008.085078125,15747.198911132813,17306.12799111476,16967.57712717395,1.0225867737016798,1.0356015699867813,1.1185227105325186,77.11366775380178,206.63682344912013,169.09781875650026,37.53900469261987,17829.269694630984,16619.835383494017,0.07021571726720305,0.8216768920223055,0.07853711079379852,0.07716050307677462,-0.0029549281417463,-0.0022516973197477252,0.04519027612783599,17665.80078125,17603.5,17653.349609375,252962400.0,0.17646575143183335,17449.349609375,-0.009325180749117035
2023-09-20,17449.349609375,17571.150390625,17419.75,17513.19921875,30967800,17449.349609375,-0.009325180749117,-1.0659135662093795,17251.75751953125,17025.9970703125,15755.383510742187,17319.768145234782,16986.47016569164,1.0114534469673626,1.02486506589389,1.1075166527985718,67.30303043025614,192.36124969678713,173.75050494455763,18.610744752229493,17844.835285579316,16658.679753483182,0.06875563436091552,0.6665819401389176,0.0884438442220882,0.08063055071145404,-0.009325180749117,-0.0006415130894398269,0.032185244783425215,17613.599609375,17665.80078125,17460.55078125,253384970.0,0.12221640454838344,17303.5,-0.008358455337306059
2023-09-21,17303.5,17422.75,17273.099609375,17409.099609375,28822700,17303.5,-0.008358455337306,-0.9601224535447112,17269.42001953125,17039.1070703125,15762.170361328124,17318.218798069563,16998.902708213536,1.0019734293583806,1.0155168301130142,1.0977866374578382,62.729945499638525,167.34980569913023,172.47036509547215,-5.120559396341918,17845.48691907895,16693.353119983552,0.06671525724617844,0.5295798808219818,0.09509004439705451,0.0826303804555971,-0.008358455337306,-0.012737672415022772,0.020840400584062113,17449.349609375,17613.599609375,17526.75,253684245.0,0.11361643684257965,17260.80078125,-0.0024676636952061237
2023-09-22,17260.80078125,17361.80078125,17226.05078125,17314.400390625,30348000,17260.80078125,-0.0024676636952061,-0.3154787991216338,17285.9525390625,17051.5020703125,15768.454716796876,17312.75041551532,17009.173220881632,0.9985449596858685,1.012274502860478,1.0946412372839203,56.73916546233289,142.44061924000562,166.46441592437884,-24.023796684373224,17839.56384517484,16732.34123295016,0.06405331784421672,0.477283919660528,0.09559711159104362,0.08291165556304306,-0.0024676636952061,-0.019467675107223026,0.019530268957805408,17303.5,17449.349609375,17603.5,253994475.0,0.1194829139492109,17272.55078125,0.0006807331912876968
2023-09-25,17272.55078125,17308.19921875,17198.19921875,17276.349609375,23415700,17272.55078125,0.0006807331912876,0.0290579283325578,17308.53759765625,17064.475078125,15775.000073242187,17308.92187891862,17019.501752660784,0.9979208632616586,1.0121935015388626,1.0949318986405574,53.55817348047951,122.23894188040504,157.61932111558409,-35.38037923517905,17817.295258131486,16799.779937181014,0.05878690300723006,0.4646326540094758,0.09149828171119533,0.08281213104231672,0.0006807331912876,-0.022260525003620857,0.026853647845662243,17260.80078125,17303.5,17665.80078125,253912750.0,0.09221947302764434,17276.75,0.00024311514860664296
2023-09-26,17276.75,17312.349609375,17250.30078125,17284.900390625,23871700,17276.75,0.0002431151486066,-0.0188316782628001,17328.61005859375,17074.70109375,15781.547924804687,17305.85789045018,17029.589919223108,0.9970072580305983,1.0118332324027597,1.0947436894225835,51.01005654849626,105.35336092196667,147.1661290768606,-41.812768154893945,17795.339200083825,16861.880917103674,0.05386804133878982,0.44444308916663555,0.09129263354531571,0.08089835589368673,0.0002431151486066,-0.019124404826126984,0.023789159313595487,17272.55078125,17260.80078125,17613.599609375,253885030.0,0.09402563042019453,17341.599609375,0.0037535768807790415
2023-09-27,17341.599609375,17352.099609375,17217.44921875,17270.400390625,24176400,17341.599609375,0.003753576880779,0.3653266857110568,17349.325,17084.0920703125,15788.64177734375,17309.261863681117,17041.82559334671,0.9995547152050583,1.0150729425949405,1.0983591783214501,52.275271700412105,96.09649726168936,136.95220271382638,-40.855705452137016,17776.12677849463,16922.523221505373,0.04920096643467146,0.4909496738125836,0.09150806576256243,0.08015501963279124,0.003753576880779,-0.006175015253411464,0.024475185588000548,17276.75,17272.55078125,17449.349609375,253836835.0,0.09524386009619132,17170.44921875,-0.009869354297193822
2023-09-28,17170.44921875,17389.19921875,17147.0,17384.05078125,29247500,17170.44921875,-0.0098693542971938,-1.1254638008782707,17359.4,17090.0610546875,15795.184125976562,17296.041611782915,17046.869657088017,0.9891153622100993,1.0047037961892156,1.0870686331862187,41.871672439162474,74.09582936105289,124.38092804327168,-50.28509868221879,17756.90261137986,16961.897388620142,0.04579681456500069,0.26232762271126364,0.09942506155250361,0.08350298419414556,-0.0098693542971938,-0.007689240977258982,0.01187463038532477,17341.599609375,17276.75,17303.5,254175455.0,0.11506815243037531,17292.599609375,0.007113989218850092
2023-09-29,17292.599609375,17357.150390625,17205.19921875,17227.55078125,20880800,17292.599609375,0.00711398921885,0.7330647796033566,17377.81494140625,17096.843046875,15802.091728515625,17295.71380202978,17056.506125805154,0.9950963149096377,1.011449866034524,1.094323454544292,42.745996820570035,65.75863262994244,112.65646896060585,-46.89783633066341,17720.83812903631,17034.79175377619,0.039478287550722704,0.37578779641636384,0.10121426105852986,0.08428479970114446,0.00711398921885,0.001842256829679867,0.02176153880064735,17170.44921875,17341.599609375,17260.80078125,253274745.0,0.08244327716132929,17254.400390625,-0.0022089922633315995
2023-10-03,17254.400390625,17295.44921875,17201.69921875,17294.5,24738400,17254.400390625,-0.0022089922633315,-0.2871717553031563,17386.807421875,17101.0800390625,15809.300083007813,17291.7791914198,17064.266685209852,0.9923846265713271,1.0089655361656855,1.091408240720942,33.58703303092808,55.43002363685082,101.21117989585485,-45.781156259004035,17704.8782567054,17068.7365870446,0.03658760658155153,0.2918592075238617,0.09749165155621915,0.08374287892304859,-0.0022089922633315,-0.001050822826047404,0.010533197135265127,17292.599609375,17170.44921875,17272.55078125,252538370.0,0.09795897550142578,17123.099609375,-0.007609698295939715
2023-10-04,17123.099609375,17200.69921875,17032.599609375,17195.55078125,29957400,17123.099609375,-0.0076096982959397,-0.8781841497059175,17383.91494140625,17105.456015625,15815.77568359375,17275.714469320294,17066.573858706524,0.9849967436615776,1.0010314600051518,1.0826594883447533,35.37715967734776,36.23199103671868,88.21534212402761,-51.98335108730893,17710.79811627894,17057.031766533557,0.03760754421250407,0.10105727048673104,0.09914431173330317,0.08349179028413158,-0.0076096982959397,-0.00889347768677562,-0.0033670787707041905,17254.400390625,17292.599609375,17276.75,31200485.0,0.9601581513877108,17195.80078125,0.004245795068271052
2023-10-05,17195.80078125,17234.0,17154.30078125,17202.25,24783900,17195.80078125,0.004245795068271,0.4191913189278652,17381.1,17112.0690234375,15822.232290039063,17268.103641885027,17071.641581159212,0.9893390396033623,1.004893140490365,1.0868125600757153,35.739269482820774,26.577420903715392,75.88775787996518,-49.310336976249786,17713.682581802004,17048.517418197993,0.038269451507900724,0.22142374722959338,0.09920501162855315,0.08374542323970036,0.004245795068271,-0.008407461330509514,-0.0032633029833891714,17123.099609375,17254.400390625,17341.599609375,30554555.0,0.8111360155629823,17293.599609375,0.005687366896669266
2023-10-06,17293.599609375,17310.099609375,17237.099609375,17263.349609375,22409800,17293.599609375,0.0056873668966692,0.5769460296751473,17381.55,17120.0030078125,15828.881391601562,17270.531829265023,17080.34581755983,0.9949400145197063,1.0101399866275305,1.0925345374405662,36.88419298425236,26.512038331948133,66.01261397036177,-39.500575638413636,17713.606754226286,17049.493245773712,0.03820795662369212,0.36756723134529107,0.10113652565986571,0.08452335465035286,0.0056873668966692,0.0071722288133568846,0.0005206947342371038,17195.80078125,17123.099609375,17170.44921875,30150720.0,0.7432591991169697,17127.69921875,-0.009593167089115728
2023-10-09,17127.69921875,17206.849609375,17096.650390625,17170.5,23369400,17127.69921875,-0.0095931670891157,-1.095239963075564,17368.6599609375,17123.0569921875,15835.600991210937,17256.92872350169,17082.202813684937,0.9861266935544005,1.0002711096835466,1.0815945178371318,29.06219601135652,12.924461984188383,55.39498357312709,-42.47052158893871,17719.551928906723,17017.767992968278,0.04040518597961687,0.1566454006026258,0.10420111470092858,0.08692953095453299,-0.0095931670891157,-0.009535893639473492,-0.014828493931724696,17293.599609375,17195.80078125,17292.599609375,29936450.0,0.7806336422655324,17303.349609375,0.010255340684212522
2023-10-10,17303.349609375,17319.30078125,17184.55078125,17184.55078125,20047300,17303.349609375,0.0102553406842125,1.076830509490323,17359.45498046875,17130.74,15843.93609375,17261.349760251527,17090.875237045333,0.9967680223165489,1.0100760159441449,1.092111802710483,38.98611338340394,16.143634616466443,47.54471378179496,-31.401079165328518,17706.86782257033,17012.042138367167,0.040025777594105104,0.41925259475905763,0.10894268562894076,0.0894214170319735,0.0102553406842125,0.0028369121871425484,-0.010527527889980015,17127.69921875,17293.599609375,17254.400390625,29443120.0,0.6808823249709949,17407.349609375,0.006010396966356968
2023-10-11,17407.349609375,17447.80078125,17375.5,17380.650390625,21946300,17407.349609375,0.0060103969663569,0.6122959957346817,17347.15498046875,17139.92,15852.196943359375,17275.254507787096,17103.285996744537,1.0034700000647958,1.0156027338152689,1.09810328950443,48.44236669813142,26.778101668915042,43.39139135921898,-16.613289690303937,17667.088702601563,17027.221258335936,0.036886016467024114,0.5940735920308335,0.1053528441950281,0.09024591437886986,0.0060103969663569,0.016600382318886497,-0.013935032469382436,17303.349609375,17127.69921875,17123.099609375,28681825.0,0.7651640019419964,17419.69921875,0.0007094480005358506
2023-10-12,17419.69921875,17457.849609375,17402.44921875,17438.30078125,21367300,17419.69921875,0.0007094480005358,0.0322002597362862,17345.11240234375,17147.133984375,15860.664541015625,17289.01114692642,17115.69435839181,1.0043001633357054,1.0158956729808823,1.0982956718933634,54.78304492754334,35.789939547114045,41.87110099679799,-6.081161449683947,17662.50943165177,17027.71537303573,0.036597863645451346,0.6174976598997209,0.09820458588529334,0.08920296780788299,0.0007094480005358,0.01302052985773905,-0.002339649133168753,17407.349609375,17303.349609375,17195.80078125,27533180.0,0.7760563799749974,17390.349609375,-0.001684851673179777
2023-10-13,17390.349609375,17436.5,17306.55078125,17323.05078125,22759700,17390.349609375,-0.0016848516731797,-0.2298137759354645,17338.2923828125,17153.91796875,15869.978642578126,17298.662429064378,17126.465152548015,1.0030024425366195,1.013782952737428,1.0958017021344828,55.39180381374944,40.101354350012116,41.517151667440814,-1.415797317428698,17644.93569942298,17031.64906620202,0.03537180131008041,0.5848823759430625,0.09724652112297992,0.08930841631222684,-0.0016848516731797,0.005594555337545382,-0.007782412062989463,17419.69921875,17407.349609375,17293.599609375,26932505.0,0.8450643562490753,17393.0,0.00015240582763054178
2023-10-16,17393.0,17431.5,17353.150390625,17390.349609375,21609200,17393.0,0.0001524058276305,-0.0287582198410768,17327.7673828125,17164.598984375,15879.786245117188,17307.646959629674,17136.917499506915,1.0037646290919282,1.0133065162683332,1.0952918214090006,55.05134068922565,43.233675121795386,41.86045635831174,1.3732187634836492,17609.523312229572,17046.01145339543,0.03252074236598193,0.615760859623867,0.0956515923111689,0.08521218141939052,0.0001524058276305,0.015489574978031495,-0.011957849291334144,17390.349609375,17419.69921875,17127.69921875,26537525.0,0.8142884462661835,17467.69921875,0.004294786336457301
2023-10-17,17467.69921875,17494.5,17437.94921875,17490.05078125,21889100,17467.69921875,0.0042947863364573,0.4245525525407971,17317.8623046875,17178.506953125,15891.894838867187,17322.890031926847,17149.889331634095,1.0086521599159466,1.0168345401852512,1.0991577402103638,57.56084809874808,51.15399317522315,43.71916372169402,7.434829453529133,17560.842722639823,17074.881886735177,0.028061248400911572,0.8083312542722928,0.0961200913871838,0.08455207872384476,0.0042947863364573,0.009498138400090728,-0.011213845607851547,17393.0,17390.349609375,17303.349609375,25562380.0,0.8563013303143134,17344.0,-0.007081597707912168
2023-10-18,17344.0,17492.400390625,17332.30078125,17484.349609375,23155700,17344.0,-0.0070815977079121,-0.8203928181408962,17304.38232421875,17187.5749609375,15901.523193359375,17324.900505076672,17157.501514707266,1.0022894591115108,1.0091010534888143,1.090713121573348,50.090813836276396,46.90867513246849,44.357066003848914,2.5516091286195746,17504.395994766288,17104.368653671212,0.02311711181595804,0.5990374199728385,0.09857640364436639,0.08515141254809934,-0.0070815977079121,-0.003639244962419852,-0.015306332342850726,17467.69921875,17393.0,17407.349609375,24488205.0,0.9455858442870761,17310.5,-0.0019315036900369176
2023-10-19,17310.5,17344.599609375,17202.25,17251.19921875,20476800,17310.5,-0.0019315036900369,-0.2568055059401823,17297.43984375,17194.65796875,15910.911796875,17323.529028402703,17163.50145530698,1.0007550340609925,1.006737094245232,1.0879640476292431,55.91456031290801,40.3756347840681,43.56077975989275,-3.185144975824656,17485.551751327002,17109.327936172995,0.021750260070418755,0.5347137946174954,0.09340658527569394,0.08497718332736802,-0.0019315036900369,-0.006268720106972991,-0.007957294253557734,17344.0,17467.69921875,17419.69921875,23963655.0,0.8544940243881829,17208.75,-0.005877935357153197
2023-10-20,17208.75,17295.05078125,17190.599609375,17258.30078125,25928300,17208.75,-0.0058779353571531,-0.6886731200719057,17292.70234375,17199.84796875,15919.5296484375,17312.59769236435,17165.275908040043,0.9951452154740672,1.0005175645311617,1.0809835704969486,46.396816044105755,26.68022556769938,40.184668921454076,-13.504443353754695,17484.899726493477,17100.50496100652,0.022228727346704294,0.28159862909701916,0.09098095835551387,0.0861327420088503,-0.0058779353571531,-0.01044255080858758,-0.005475770797815471,17310.5,17344.0,17390.349609375,23818935.0,1.0885583255506597,16888.69921875,-0.018598142296796683
2023-10-23,16888.69921875,17224.80078125,16859.849609375,17204.75,25439800,16888.69921875,-0.0185981422967966,-2.0806762980465474,17274.097265625,17197.5449609375,15926.728999023437,17272.226409162984,17154.429763362004,0.9776892510822007,0.9820412888648344,1.060399735550567,37.34948550389811,-9.884960505725758,30.17074303601811,-40.05570354174387,17537.972055654758,17010.222475595245,0.030551499852307224,-0.23026689444510887,0.1118081076467086,0.09574357077245513,-0.0185981422967966,-0.028994467961248827,-0.02155760715946653,17208.75,17310.5,17393.0,23573525.0,1.0791682618530747,16760.80078125,-0.007573018847893631
2023-10-25,16760.80078125,16967.099609375,16677.150390625,16912.400390625,24536000,16760.80078125,-0.0075730188478936,-0.8741702285103922,17248.509765625,17193.963984375,15932.914750976563,17223.519206504603,17138.993332690945,0.9717245726731147,0.974807251921742,1.0519607393382115,37.43761030326525,-48.622973548943264,14.411999719025836,-63.0349732679691,17598.282183061117,16898.737348188883,0.04055682748119697,-0.19718045229206535,0.1139171464344268,0.09686487626092108,-0.0075730188478936,-0.040468892247767174,-0.029627934315036075,16888.69921875,17208.75,17467.69921875,23629540.0,1.0383613053830079,16555.44921875,-0.012251894475693748
2023-10-26,16555.44921875,16689.099609375,16466.25,16678.69921875,25590800,16555.44921875,-0.0122518944756937,-1.3861909663922245,17212.4447265625,17187.8699609375,15937.902998046875,17159.893493385116,17116.109249791298,0.9618302037711928,0.9632054033673288,1.0387470183987695,29.66684031627514,-94.8004819326743,-7.430496611314192,-87.3699853213601,17679.1555474178,16745.7339057072,0.054229463422478016,-0.2038571621376559,0.11989079642358273,0.1001000480460366,-0.0122518944756937,-0.04546533563480171,-0.04174979560681258,16760.80078125,16888.69921875,17344.0,23715495.0,1.0790750941525784,16765.44921875,0.012684645232227343
2023-10-27,16765.44921875,16793.099609375,16634.599609375,16636.05078125,21446600,16765.44921875,0.0126846452322273,1.342675213680305,17183.63720703125,17186.6679296875,15944.765244140624,17122.327371991298,17102.357876024973,0.9756635930308087,0.9754915430576333,1.05147043321387,34.3450658642206,-113.14695736798603,-28.57378876264856,-84.57316860533747,17686.5061845384,16680.7682295241,0.05852881685623065,0.08419786566035718,0.12948461761897428,0.1041912973360119,0.0126846452322273,-0.03148671507177725,-0.03322360125957058,16555.44921875,16760.80078125,17310.5,23579005.0,0.9095634018483817,16826.099609375,0.003617582197390279
2023-10-30,16826.099609375,16837.80078125,16661.94921875,16784.94921875,20563300,16826.099609375,0.0036175821973902,0.3504444568005483,17166.4197265625,17186.12890625,15951.964741210937,17094.115204123078,17091.524218509287,0.9801752419777489,0.9790511697637698,1.0547979438486212,40.465361536554965,-121.39334476895237,-47.13769996390933,-74.25564480504305,17694.155130477382,16638.68432264762,0.06148462082611879,0.17756558053231475,0.12696409685951504,0.1044510216032837,0.0036175821973902,-0.022235803915159447,-0.020054781618582984,16765.44921875,16555.44921875,17208.75,23144795.0,0.8884632592338796,16801.099609375,-0.001485786996415439
2023-10-31,16801.099609375,16910.0,16785.55078125,16909.69921875,18455500,16801.099609375,-0.0014857869964154,-0.2080296442783879,17141.8447265625,17186.1058984375,15959.610239257812,17066.20895700421,17080.13501815108,0.9801220275517085,0.977597817019299,1.05272618550842,32.450460385735255,-128.46509165268435,-63.40317830166433,-65.06191335102002,17690.211858919534,16593.477594205466,0.06397994394468742,0.18930931753415625,0.1233080700893509,0.10428119909526469,-0.0014857869964154,-0.005186877227213893,-0.028422562894102943,16826.099609375,16765.44921875,16888.69921875,23023530.0,0.8015929790088662,16732.94921875,-0.0040563053734276044
2023-11-01,16732.94921875,16834.099609375,16719.099609375,16808.5,23946000,16732.94921875,-0.0040563053734276,-0.4893277211745676,17115.77216796875,17185.6108984375,15966.024487304687,17034.469934313336,17066.519888762803,0.9776333229104801,0.9736604254359876,1.0480347961419658,25.82966886019122,-137.97814283193293,-78.31817120771805,-59.659971624214876,17690.555811264065,16540.988524673434,0.06716420826995566,0.16698517460923343,0.12364034902576201,0.1045137053396765,-0.0040563053734276,-0.0016617083433839719,-0.030221344124964467,16801.099609375,16826.099609375,16760.80078125,22983910.0,1.0418592832986207,16890.80078125,0.009433576857038384
2023-11-02,16890.80078125,16903.75,16823.0,16849.94921875,22356100,16890.80078125,0.0094335768570383,0.9869028955451472,17104.1572265625,17186.3858984375,15973.852241210938,17020.787157831113,17059.628943370146,0.987526047469842,0.9828012056208761,1.0574030938932455,32.834678012044606,-131.26684013382692,-88.90790499293983,-42.358935140887084,17687.639949892426,16520.674503232574,0.06822700652257237,0.31716986914779954,0.12722688298805096,0.10590841763859811,0.0094335768570383,0.020256264754217268,-0.013566400559733682,16732.94921875,16801.099609375,16555.44921875,22603845.0,0.9890396965648985,17000.94921875,0.006521208729326267
2023-11-03,17000.94921875,17027.44921875,16983.05078125,16990.349609375,24482900,17000.94921875,0.0065212087293262,0.6681953691311984,17094.4146484375,17188.2998828125,15982.350239257812,17018.89783029958,17057.32777769877,0.9945323995229024,0.989100104993523,1.0637327404445298,37.991849734119775,-115.72600864518245,-94.27152572338835,-21.454482921794096,17677.961411134434,16510.86788574057,0.06827338340599307,0.41991607557211064,0.12863727206072367,0.1066795984698695,0.0065212087293262,0.014046745597286137,-0.011331345656927061,16890.80078125,16732.94921875,16765.44921875,22588795.0,1.0838515290434927,17159.400390625,0.009320136766260534
2023-11-06,17159.400390625,17168.75,17080.94921875,17105.349609375,18888700,17159.400390625,0.0093201367662605,0.9744888705515472,17087.7046875,17192.482890625,15991.749243164062,17032.27902652105,17061.330625264505,1.0041957480209407,0.9980757578640349,1.073015848967246,43.427879378992714,-89.59134908262422,-93.33549039523552,3.744141312611305,17664.6568321387,16510.752542861304,0.06752833750231128,0.5621331455222636,0.13158178943930182,0.10852197473906677,0.0093201367662605,0.019808558667054,-0.007760051220177977,17000.94921875,16890.80078125,16826.099609375,22412740.0,0.8427662124309656,17187.80078125,0.0016550922513887123
2023-11-07,17187.80078125,17200.599609375,17120.75,17170.349609375,21619300,17187.80078125,0.0016550922513887,0.1356844096928534,17090.709765625,17197.6358984375,16000.957749023437,17047.090622209522,17066.29023922472,1.0056809235518283,0.9994281122564995,1.0741732495543272,41.91466697926655,-65.82893394435087,-87.8341791050586,22.00524516070773,17669.163147684896,16512.256383565105,0.06769214268951196,0.583922938853491,0.12709068299317516,0.1085136257660106,0.0016550922513887,0.02301642040496099,0.003509027203969506,17159.400390625,17000.94921875,16801.099609375,22325235.0,0.9683795041799113,17259.69921875,0.004183108613781128
2023-11-08,17259.69921875,17269.25,17215.0,17242.650390625,23112000,17259.69921875,0.0041831086137811,0.4123313877742308,17088.52724609375,17206.412890625,16010.728994140625,17067.339059975282,17073.874905088458,1.010016777349574,1.003096887681571,1.078008329606132,47.48970571089868,-40.725981953462906,-78.41253967473945,37.68655772127654,17663.923852849908,16513.13063933759,0.06734303061577823,0.6487425982754723,0.12246587403276428,0.107720151908965,0.0041831086137811,0.03147980628601643,-0.002522655532622986,17187.80078125,17159.400390625,16732.94921875,22478470.0,1.0281838577091769,17218.900390625,-0.002363820342864309
2023-11-09,17218.900390625,17288.599609375,17209.55078125,17284.94921875,21496900,17218.900390625,-0.0023638203428643,-0.3041149685521133,17079.10478515625,17213.2848828125,16019.842744140626,17081.773472418114,17079.562179031065,1.0081851834289492,1.0003262310390335,1.0748482782031639,47.284167808028926,-23.848920592183276,-67.49981585822822,43.65089526604494,17638.467159678912,16519.74241063359,0.06550254027468469,0.6249597862096289,0.1205180908390124,0.10773223458220647,-0.0023638203428643,0.019424751592548084,-0.010825842128689533,17259.69921875,17187.80078125,16890.80078125,22456000.0,0.95728981118632,17256.599609375,0.0021894091895975354
2023-11-10,17256.599609375,17274.900390625,17156.849609375,17189.69921875,16533000,17256.599609375,0.0021894091895975,0.1941560115749221,17070.9498046875,17219.870859375,16028.793994140626,17098.42358069972,17086.50482335828,1.0108751889503256,1.002132928307067,1.0765999997057296,51.47470092402034,-7.347024063066783,-55.46925749919593,48.12223343612915,17613.920102208118,16527.979507166885,0.06361336700451087,0.6709576062765924,0.12083187329289032,0.10763772329211829,0.0021894091895975,0.015037418636780986,-0.009362940618368731,17218.900390625,17259.69921875,17000.94921875,22214285.0,0.7442508277894156,17318.599609375,0.003592828332548148
2023-11-13,17318.599609375,17339.150390625,17278.650390625,17335.0,22743900,17318.599609375,0.0035928283325481,0.3477355811752619,17067.3623046875,17226.8638671875,16038.288491210937,17119.392726287842,17095.60657967266,1.0147203358200523,1.0053251562730596,1.0798284130420575,65.75536025334767,10.611407964741375,-42.253124406408475,52.86453237114985,17602.33624824443,16532.38836113057,0.06268970377572303,0.7348126555625681,0.12156230971361302,0.10777870037226005,0.0035928283325481,0.009277667932789724,-0.004125851498771538,17256.599609375,17218.900390625,17159.400390625,22213495.0,1.0238776023313756,17508.05078125,0.010939173844774608
2023-11-15,17508.05078125,17518.900390625,17448.30078125,17493.30078125,27787100,17508.05078125,0.0109391738447746,1.151664035173007,17073.11484375,17238.5388671875,16049.089243164062,17156.40777914138,17111.78086208746,1.0254749025869299,1.0156342666938842,1.0909061888796816,76.2036392718356,39.67339083735715,-25.867821357655355,65.5412121950125,17625.037971884478,16521.191715615525,0.06465406379392896,0.894018582777285,0.12782103907247414,0.1100773179327883,0.0109391738447746,0.018632401205706195,0.006614774981314353,17318.599609375,17256.599609375,17187.80078125,22522390.0,1.2337544994114746,17593.099609375,0.0048576982776449285
2023-11-16,17593.099609375,17668.650390625,17486.5,17518.099609375,22354800,17593.099609375,0.0048576982776449,0.4861533751351986,17079.38486328125,17248.90984375,16060.038740234375,17197.99747725887,17130.65610707913,1.0300780590288223,1.0199542909518837,1.0954581052970893,89.74000697048318,68.77515412544744,-6.939226261034795,75.71438038648223,17652.619815863764,16506.14991069874,0.06712594829042923,0.9480839346749846,0.1280662177237757,0.1089054952595806,0.0048576982776449,0.01931669760865895,0.00717898728702604,17508.05078125,17318.599609375,17259.69921875,22545675.0,0.9915338529451879,17600.5,0.00042064166004363024
2023-11-17,17600.5,17649.05078125,17528.849609375,17537.44921875,29718400,17600.5,0.0004206416600436,0.0005954795867217,17092.20986328125,17257.300859375,16071.098491210938,17236.33105085326,17149.08135778191,1.0297381170009325,1.0198871853380571,1.0951647150706887,87.85535938688929,91.38226302921976,12.725071597016118,78.65719143220363,17700.761583045394,16483.658143517103,0.07120807954405545,0.9176227921226072,0.12499394014943196,0.10814480548136424,0.0004206416600436,0.022161671228597468,0.014788976014760147,17593.099609375,17508.05078125,17218.900390625,22873810.0,1.299232615816954,17573.650390625,-0.0015255026490724743
2023-11-20,17573.650390625,17636.400390625,17556.099609375,17618.55078125,21843200,17573.650390625,-0.0015255026490724,-0.2123758247278295,17105.3673828125,17263.731875,16083.1069921875,17268.456702260093,17165.731123775757,1.0273763782637626,1.0179520000582145,1.0926775777318116,84.96010259221892,105.91114289793768,31.362285857200433,74.54885704073725,17744.40682157707,16466.327944047927,0.0747180021876224,0.8663960151793966,0.12488608409384441,0.10791304205996204,-0.0015255026490724,0.018372726285991847,0.01520177872534001,17600.5,17593.099609375,17256.599609375,22942130.0,0.9520999140010104,17627.599609375,0.0030698925693195545
2023-11-21,17627.599609375,17665.0,17617.19921875,17644.5,20175000,17627.599609375,0.0030698925693195,0.2905094489476364,17126.30986328125,17270.591875,16096.871240234375,17302.66078865199,17183.8436134071,1.029270155106122,1.0206714244050772,1.0950947762640075,87.63326491370347,120.39084522644407,49.16799773104917,71.2228474953949,17805.788138921547,16446.831587640954,0.07934905780223629,0.868878420447289,0.1225727291926252,0.1080301490475927,0.0030698925693195,0.017842089254880067,0.024339339543836713,17573.650390625,17600.5,17318.599609375,22654465.0,0.8905529219074474,17627.69921875,5.650762282316535e-06
2023-11-22,17627.69921875,17654.599609375,17533.75,17637.44921875,18139100,17627.69921875,5.650762282316535e-06,-0.0448179835161425,17163.25986328125,17275.435859375,16110.738735351562,17333.616829613704,17201.249715577414,1.0270600899344513,1.0203909969185427,1.0941583442148306,93.43248941820434,130.37131195559778,65.40866057595889,64.96265137963888,17868.22830168662,16458.291424875883,0.0821485480055597,0.8294043606537025,0.0979755231395049,0.107315900034613,5.650762282316535e-06,0.006833909667895988,0.043757070359779604,17627.599609375,17573.650390625,17508.05078125,22289430.0,0.8137982891442267,17639.400390625,0.0006637946183329912
2023-11-23,17639.400390625,17693.25,17627.349609375,17654.150390625,16889200,17639.400390625,0.0006637946183329,0.027204299103475,17207.18984375,17278.4748828125,16124.258237304688,17362.73907351954,17218.432094991047,1.0251180204786308,1.020888736434228,1.093966626620685,92.34656560934707,137.63847980515493,79.85462442179809,57.78385538335684,17916.05060453253,16498.329082967466,0.08239122915703331,0.8048627959016003,0.09125287189100853,0.106561448170708,0.0006637946183329,0.0026317580345720515,0.05241990647355421,17627.69921875,17627.599609375,17593.099609375,21907090.0,0.7709467574196299,17643.5,0.00023241205960600197
2023-11-24,17643.5,17684.150390625,17631.75,17661.30078125,18055700,17643.5,0.000232412059606,-0.0200029433195504,17261.5923828125,17278.277890625,16138.237485351563,17389.47820937482,17235.10142459924,1.0221247037189782,1.021137645295841,1.0932730427355988,91.30312510821011,142.0906345114454,92.30182643972755,49.78880807171784,17925.425745127923,16597.75902049708,0.07691449868511166,0.7876532265978875,0.07335707562562278,0.104415192412452,0.000232412059606,0.002443112411579129,0.0657216102609719,17639.400390625,17627.69921875,17600.5,21530335.0,0.8386167702453305,17741.80078125,0.005571501190239969
2023-11-28,17741.80078125,17760.0,17665.650390625,17701.05078125,22613200,17741.80078125,0.0055715011902399,0.5642665636622792,17310.4099609375,17283.902890625,16152.749487304687,17423.0327400296,17254.971987605153,1.0249208898741262,1.0264927368270145,1.0983765206780576,90.57423780850421,151.80118118148675,104.2016973880794,47.59948379340736,17964.141586121703,16656.6783357533,0.07553046134197498,0.8299448915218965,0.06502880095260556,0.10207381868513188,0.0055715011902399,0.009568324559062757,0.05823593211019218,17643.5,17639.400390625,17573.650390625,21588665.0,1.047457079907442,17904.099609375,0.009147821583957993
2023-11-29,17904.099609375,17911.349609375,17823.44921875,17831.650390625,22418200,17904.099609375,0.0091478215839579,0.955632001121942,17364.3099609375,17291.4498828125,16167.458237304687,17468.84863234821,17280.4279727726,1.0310861560091824,1.0354307898247137,1.107415856381382,92.05627303371232,170.62614641520486,117.4865871935045,53.13955922170035,18027.601690264506,16701.01823161049,0.07639713076063498,0.9069021401671017,0.0687594089865087,0.10370065891958916,0.0091478215839579,0.015685629701558845,0.06406713528543295,17741.80078125,17643.5,17627.599609375,21681410.0,1.0339825684768658,17987.94921875,0.004683263118749226
2023-11-30,17987.94921875,18007.099609375,17845.900390625,17926.900390625,46145900,17987.94921875,0.0046832631187492,0.4670645115117161,17423.65244140625,17299.1388671875,16182.727231445313,17518.286783434094,17308.1739039874,1.0323868247051766,1.039817609237707,1.1115523954328839,92.16621130000577,190.11945101951278,132.01315995870618,58.1062910608066,18087.14876835976,16760.156114452744,0.07616041805066205,0.9252448389080267,0.06673754973636221,0.10376221680891258,0.0046832631187492,0.020436586506809462,0.07064118640858119,17904.099609375,17741.80078125,17627.69921875,23065930.0,2.000608689959607,18115.349609375,0.007082541154396882
2023-12-01,18115.349609375,18141.650390625,18053.150390625,18061.80078125,24790000,18115.349609375,0.0070825411543968,0.7296233414359012,17492.7724609375,17308.12984375,16198.792978515625,17575.14990971418,17339.82785321829,1.0355905360243927,1.0466381852292659,1.1183147802062348,97.17416686394284,213.38837381041594,148.28820272904815,65.10017108136779,18141.155473770927,16844.389448104073,0.07413153224067494,0.9800998299723065,0.06169357289852461,0.1046056990004137,0.0070825411543968,0.026982165391685076,0.08261546560339528,17987.94921875,17904.099609375,17639.400390625,23108130.0,1.0727826094106274,18448.5,0.018390502960681898
2023-12-04,18448.5,18460.0,18315.44921875,18422.349609375,29478500,18448.5,0.0183905029606818,1.967081100217126,17570.657421875,17324.8278515625,16215.893979492188,17658.32610878902,17383.30519230777,1.0499607133101412,1.0648590657330057,1.1376801071424942,97.84444301470434,255.76333452196923,169.78322908763238,85.98010543433685,18285.408229653334,16855.906614096664,0.08135732097177521,1.1140899517501008,0.07817758112972265,0.11169109362949663,0.0183905029606818,0.04562586788335654,0.0922217506987093,18115.349609375,17987.94921875,17643.5,23464250.0,1.2563154586232248,18588.55078125,0.007591445442718836
2023-12-05,18588.55078125,18594.900390625,18453.650390625,18541.30078125,28525000,18588.55078125,0.0075914454427188,0.7853139752432264,17650.0375,17347.611875,16233.686235351563,17746.918934737685,17430.569725207464,1.053173444036592,1.0715337024595497,1.1450603708706852,97.97154825935282,297.2205502843317,195.27069332697226,101.94985695735943,18446.363527530666,16853.71147246933,0.09023505219528541,1.089277035286134,0.07864783232450524,0.11013250780646722,0.0075914454427188,0.04772627144448993,0.09338311302930458,18448.5,18115.349609375,17741.80078125,23666355.0,1.2052975627214246,18680.0,0.004919652953378373
2023-12-06,18680.0,18698.80078125,18594.400390625,18677.25,27288500,18680.0,0.0049196529533783,0.4929332259599965,17726.06748046875,17375.141875,16252.006987304687,17835.783798096,17479.566990885603,1.0538152368302969,1.0750991349818833,1.1493965031267799,97.8093547409517,333.6092404795272,222.93840275748326,110.67083772204396,18610.62847712094,16841.506483816564,0.09980341072567625,1.0392124020506064,0.0765840494243932,0.10816712446294105,0.0049196529533783,0.043336465253953405,0.08861612729811785,18588.55078125,18448.5,17904.099609375,24086345.0,1.1329448282834111,18703.849609375,0.001276745683886471
2023-12-07,18703.849609375,18721.80078125,18619.75,18696.75,32793000,18703.849609375,0.0012767456838864,0.0942810247606836,17801.869921875,17404.0028515625,16271.023735351562,17918.456732503524,17527.57807396362,1.0506676934197594,1.0746866550700318,1.149518918636798,97.6942223880317,360.21961627513883,250.39464546101436,109.82497081412447,18749.780132418466,16853.959711331536,0.10649557767845683,0.9757727459132928,0.07676664142049412,0.10777693992868599,0.0012767456838864,0.039798888795993026,0.08820493368638771,18680.0,18588.55078125,17987.94921875,24645030.0,1.3306131094180043,18703.5,-1.8691840573015206e-05
2023-12-08,18703.5,18785.69921875,18588.150390625,18752.25,35541800,18703.5,-1.869184057301521e-05,-0.0474818537421206,17874.0599609375,17432.6218359375,16289.696733398438,17993.22275797938,17573.69265929838,1.046404680351033,1.0729022963971244,1.1481797547312584,97.64996928608079,376.9352453811007,275.7027654450317,101.23247993606901,18866.960558718976,16881.15936315602,0.11109961586246624,0.9176853357299171,0.07824723909792321,0.10782004162471415,-1.869184057301521e-05,0.032466963282929084,0.08365156095429138,18703.849609375,18680.0,18115.349609375,25266520.0,1.4066757115740514,18770.19921875,0.003566135683160887
2023-12-11,18770.19921875,18780.44921875,18710.150390625,18726.349609375,29109900,18770.19921875,0.0035661356831608,0.3448145396425309,17951.62490234375,17462.4908203125,16308.349477539063,18067.22051614801,17620.61448515923,1.0455988981977546,1.0748867049892081,1.1509564008670259,99.97079891757531,391.05671303812414,298.7735549636502,92.28315807447393,18971.0468427971,16932.202961890398,0.11357433613936517,0.9014894539356878,0.07455840555519894,0.10786055844697699,0.0035661356831608,0.01743768971732118,0.09009279297356398,18703.5,18703.849609375,18448.5,25647170.0,1.135014116567247,18686.80078125,-0.004443130119614835
2023-12-12,18686.80078125,18819.69921875,18635.349609375,18809.900390625,33150900,18686.80078125,-0.0044431301196148,-0.5316588938171843,18023.1349609375,17489.39484375,16326.364731445312,18126.22816044344,17662.42571245691,1.036822995652582,1.068464686639967,1.1445781769935828,93.17288386997629,391.0111874071554,317.22108145235126,73.79010595480412,19037.915189742747,17008.35473213225,0.11260862563639222,0.8269997786087343,0.08056268720881923,0.10861804950858271,-0.0044431301196148,0.005285511557958644,0.08287850470251468,18770.19921875,18703.5,18588.55078125,26478065.0,1.252013695109518,18751.44921875,0.0034595776054329175
2023-12-13,18751.44921875,18770.44921875,18601.5,18723.69921875,29800900,18751.44921875,0.0034595776054329,0.3331536300724261,18094.77744140625,17521.01484375,16345.1022265625,18185.773023139303,17705.132516625265,1.036290679974935,1.0702262047017737,1.1472212873821575,93.51416842277732,391.67669154348914,332.11220347057883,59.56448807291031,19102.41861940084,17087.136263411663,0.11137370230249408,0.8258460410727922,0.08057303401748128,0.10550865322794346,0.0034595776054329,0.003824904644004201,0.08273472692326478,18686.80078125,18770.19921875,18680.0,26830915.0,1.1106926468963134,18973.849609375,0.011860437453688366
2023-12-14,18973.849609375,18996.25,18893.75,18906.400390625,39641300,18973.849609375,0.0118604374536883,1.2524801521941569,18168.0673828125,17554.63984375,16365.27822265625,18260.827936114132,17754.886128105645,1.0443515652812247,1.0808452795532735,1.1593967026547352,94.42402821253059,405.47588758001075,346.7849402924652,58.690947287545555,19208.710900781985,17127.423864843015,0.11455742606436015,0.8871557419268145,0.08168487283566593,0.10726506275799787,0.0118604374536883,0.01443553095426231,0.08372141744612582,18751.44921875,18686.80078125,18703.849609375,27423625.0,1.4455164114882697,19145.05078125,0.009023006685496826
2023-12-15,19145.05078125,19165.099609375,19020.55078125,19071.94921875,40267000,19145.05078125,0.0090230066854968,0.9419732032626836,18245.66494140625,17592.4528515625,16386.43372558594,18345.039635650883,17809.402389013267,1.0492931248453823,1.0882536359646748,1.1683476161964839,94.9822831136305,425.3234892102737,362.4926500760269,62.83083913424679,19336.047870079346,17155.28201273315,0.11952241063010544,0.9124174251963547,0.08355420470149082,0.10802434472914298,0.0090230066854968,0.023607922648167357,0.08821362956690115,18973.849609375,18751.44921875,18703.5,28319235.0,1.4218957538930694,19155.55078125,0.000548444614745236
2023-12-18,19155.55078125,19201.55078125,19073.099609375,19149.150390625,34119200,19155.55078125,0.0005484446147452,0.0145812677066256,18323.41748046875,17633.101875,16408.70197753906,18422.231173326993,17862.192522042158,1.0454136517747432,1.086340390762927,1.1674019558323958,94.70366774537631,436.8642199552378,377.3669640518691,59.49725590336868,19441.51607476913,17205.31888616837,0.1220403994497336,0.8721198224477972,0.08347773739199027,0.10578074111421822,0.0005484446147452,0.020529966571428915,0.08835264800715881,19145.05078125,18973.849609375,18770.19921875,28539275.0,1.195517405400102,19169.25,0.0007151566095091599
2023-12-19,19169.25,19213.55078125,19067.19921875,19212.55078125,29523800,19169.25,0.0007151566095091,0.0328249666982379,18403.1974609375,17672.570859375,16431.214477539062,18493.375823486327,17913.449678040506,1.0416260565963344,1.0846893840479943,1.166636223159508,94.1543117718453,442.02040855935047,390.2976529533654,51.72275560598507,19523.739742499634,17282.655179375364,0.12177691229369564,0.8418222371732881,0.08178143309730962,0.1057381248793222,0.0007151566095091,0.02581764660508834,0.09079500126087647,19155.55078125,19145.05078125,18686.80078125,28923305.0,1.0207616314940495,18779.44921875,-0.02033469130247667
2023-12-20,18779.44921875,19303.599609375,18727.099609375,19264.400390625,38696000,18779.44921875,-0.0203346913024766,-2.2707110786193074,18460.78994140625,17702.2878515625,16451.95947265625,18520.620908749534,17947.41044434284,1.0172614107172642,1.0608487092866035,1.141471886674783,72.76259826804383,409.9276688354039,394.22365612977313,15.70401270563076,19530.74781115509,17390.832071657405,0.11591680238438175,0.6489120676395899,0.11998185740556173,0.11687234613403687,-0.0203346913024766,0.001493217920031542,0.06534353144499638,19169.25,19155.55078125,18751.44921875,29849355.0,1.2963764208640354,18941.80078125,0.008645171677234442
2023-12-21,18941.80078125,18965.80078125,18582.94921875,18647.849609375,30612700,18941.80078125,0.0086451716772344,0.9006257995021237,18526.49501953125,17738.5698828125,16473.92497558594,18560.733277559102,17986.406143829397,1.0224168554970017,1.0678313362568959,1.1498049681130276,73.2993633653775,393.0633658455772,393.991598072934,-0.9282322273567729,19541.003963173815,17511.986075888683,0.10951979233772843,0.7046831446487317,0.12085004059985867,0.1149848181803522,0.0086451716772344,-0.0016891052045213684,0.07454753715687601,18779.44921875,19169.25,18973.849609375,30473035.0,1.0045832323560813,19054.69921875,0.005960280060159695
2023-12-22,19054.69921875,19089.94921875,18934.75,19011.25,26069600,19054.69921875,0.0059602800601596,0.606811580816915,18597.2599609375,17773.596875,16496.604721679687,18607.777652910616,18028.299989904717,1.0245971319846754,1.0720789580612113,1.1550679391443797,69.51330838576935,384.3773814137094,392.0687547410891,-7.691373327379722,19546.580398354596,17647.939523520403,0.10209250603702262,0.7409298482271998,0.12058851159704352,0.11380511841588664,0.0059602800601596,-0.004719316941613316,0.08023508717888195,18941.80078125,18779.44921875,19145.05078125,30932055.0,0.842802070538152,19148.849609375,0.004941058871837489
2023-12-26,19148.849609375,19173.80078125,19059.400390625,19095.0,22132200,19148.849609375,0.0049410588718374,0.4952757276711669,18672.52744140625,17808.426875,16519.02472167969,18659.308315431033,18072.243112236887,1.0255092498572265,1.075269014146147,1.1591997670567022,68.58498523492672,380.70232640824906,389.7954690745211,-9.093142666272058,19538.496122755354,17806.55876005715,0.09275323697516966,0.7750227451793671,0.11984831989879806,0.11363435800896786,0.0049410588718374,-0.00034982924539861404,0.08532035080199507,19054.69921875,18941.80078125,19155.55078125,31135880.0,0.7108262236365248,19296.94921875,0.007734125673141801
2023-12-27,19296.94921875,19312.30078125,19189.80078125,19219.400390625,20854200,19296.94921875,0.0077341256731418,0.800927819823375,18750.28486328125,17845.971875,16542.57321777344,18720.03602050903,18120.27080268838,1.029154989348417,1.0813055939969647,1.1665022705184247,69.72284937849058,385.29873561157,388.8961223819309,-3.597386770360913,19540.322764181645,17960.246962380854,0.08426942914851256,0.845973500033909,0.12043787860174178,0.11433719428892972,0.0077341256731418,0.0066616700575139465,0.08765448652447505,19148.849609375,19054.69921875,19169.25,31047930.0,0.6716776287501293,19399.25,0.005301396614061593
2023-12-28,19399.25,19414.55078125,19313.099609375,19358.349609375,32391400,19399.25,0.0053013966140615,0.5347083630598973,18825.0423828125,17886.1498828125,16565.695717773437,18784.723066174836,18170.42684964178,1.0305023279900691,1.0845961890681401,1.1710495188672592,71.16898683466121,392.6697882140397,389.6508555483527,3.018932665687032,19558.901968306167,18091.18279731883,0.07796631429246104,0.8912244443876413,0.11912466652614857,0.1142315387037321,0.0053013966140615,0.03300420443807117,0.08350882888531874,19296.94921875,19148.849609375,18779.44921875,31546590.0,1.0267797565442096,19429.150390625,0.0015413168357023554
2023-12-29,19429.150390625,19450.099609375,19338.349609375,19394.5,42430900,19429.150390625,0.0015413168357023,0.1232336892790837,18897.10244140625,17926.872890625,16588.436469726563,18846.097097074853,18219.78855713132,1.0281550015865373,1.0838003096895739,1.171246634731529,71.69943779149838,396.3551763915966,390.9917197170015,5.363456674595113,19564.9316761491,18229.273206663398,0.07068059633094924,0.8983413135715148,0.11942313739795109,0.11414513661328803,0.0015413168357023,0.02572878972824033,0.08012037138579098,19399.25,19296.94921875,18941.80078125,31360840.0,1.352989907158099,19418.400390625,-0.0005532923356847963
2024-01-02,19418.400390625,19499.80078125,19271.650390625,19496.80078125,40598500,19418.400390625,-0.0005532923356847,-0.1059844859456241,18962.25498046875,17965.8869140625,16610.918720703125,18900.60217265106,18266.792942758526,1.0240554412239515,1.0808484147490414,1.1690142319715737,70.05449317898375,393.8681708168406,391.5670099369693,2.3011608798712473,19559.476169632944,18365.03379130456,0.06299052404677641,0.8818898411773862,0.11978935530438398,0.11421561521120936,-0.0005532923356847,0.01908721663352808,0.07193075537309257,19429.150390625,19399.25,19054.69921875,32151265.0,1.262734141253851,19367.150390625,-0.002639249318638126
2024-01-03,19367.150390625,19442.19921875,19343.150390625,19434.30078125,36356200,19367.150390625,-0.0026392493186381,-0.3342558311499194,19008.1875,18006.349921875,16633.734721679688,18945.035336267625,18309.944215223877,1.0188846459256045,1.075573365765642,1.1643296418201678,71.47634413975096,383.3428169241779,389.9221713344111,-6.579354410233179,19579.79606001402,18436.57893998598,0.06014340504732408,0.8139936275756444,0.10779042967900056,0.11279662674179917,-0.0026392493186381,0.011400203443193924,0.04979539749166606,19418.400390625,19429.150390625,19148.849609375,32495150.0,1.118819269952593,19541.25,0.008989428277444311
2024-01-04,19541.25,19560.400390625,19433.5,19451.80078125,32459600,19541.25,0.0089894282774443,0.9382986364146586,19055.8224609375,18050.964921875,16658.041723632814,19001.817685194517,18358.23071658765,1.025473974689761,1.0825598567486554,1.1730820659595762,73.31993882447556,384.61616585386946,388.8609702383028,-4.244804384433337,19638.859248807938,18472.78567306706,0.06119250838588299,0.9162923756789216,0.10878367340513544,0.11338557587425926,0.0089894282774443,0.01266007276490222,0.05125193620316937,19367.150390625,19418.400390625,19296.94921875,32691880.0,0.992894871754087,19590.599609375,0.0025254069916202937
2024-01-05,19590.599609375,19637.099609375,19490.94921875,19602.099609375,40342900,19590.599609375,0.0025254069916202,0.2309250681183751,19101.35244140625,18098.6019140625,16683.722470703124,19057.892154164085,18406.558908461662,1.0256132213396683,1.0824371795344716,1.1742343259291443,70.2831376371319,385.1674346708205,388.12226312480635,-2.95482845398584,19702.747486274948,18499.95739653755,0.06296884440130175,0.906760225364561,0.10841590168860911,0.11176840606943195,0.0025254069916202,0.009863763257600189,0.04874730242906855,19541.25,19367.150390625,19399.25,33344600.0,1.2098780612153093,19417.69921875,-0.008825681401923968
2024-01-08,19417.69921875,19641.849609375,19400.599609375,19636.0,35203500,19417.69921875,-0.0088256814019239,-1.0112521379804067,19137.044921875,18149.1819140625,16709.01821777344,19092.159493648458,18446.21146964944,1.0146654981487864,1.0698939109594034,1.162108926190249,58.95661435354926,367.41734421064393,383.9812793419739,-16.56393513132997,19723.658525318326,18550.431318431674,0.06130660254371395,0.739215639755766,0.11550880071379326,0.1041186218586344,-0.0088256814019239,-0.000589380989120647,0.038165919010447746,19590.599609375,19541.25,19429.150390625,33465125.0,1.0519458690203607,19459.55078125,0.0021553306613992795
2024-01-09,19459.55078125,19596.05078125,19439.099609375,19549.5,37052500,19459.55078125,0.0021553306613992,0.1904267153631736,19174.8474609375,18203.1569140625,16734.71447265625,19127.149140086698,18485.950266182794,1.0148477489008707,1.0690206579616361,1.1628253839075657,59.78497300478469,352.66207212120935,377.717437897821,-25.055365776611666,19740.90806949156,18608.78685238344,0.059041993393396705,0.7514777711162336,0.11528745646592614,0.10138116164043033,0.0021553306613992,0.002119144203292178,0.04042295726735645,19417.69921875,19590.599609375,19418.400390625,33540660.0,1.1047039622953156,19517.849609375,0.0029958979413426956
2024-01-10,19517.849609375,19532.30078125,19354.099609375,19463.55078125,36103400,19517.849609375,0.0029958979413426,0.2824120368704925,19212.22998046875,18262.404921875,16760.65197265625,19164.358708590345,18526.416907092294,1.0159075562397986,1.06874476241605,1.1645041995512413,60.90735867613416,341.73335153551307,370.5206206253594,-28.787269089846347,19764.350891757505,18660.109069179995,0.0574759839799977,0.776768749975525,0.11520301069512656,0.0951644197948579,0.0029958979413426,0.007781176668248957,0.03983177705850638,19459.55078125,19417.69921875,19367.150390625,33890335.0,1.0653007708539912,19584.349609375,0.00340713763713274
2024-01-11,19584.349609375,19626.5,19532.30078125,19589.75,33718400,19584.349609375,0.0034071376371327,0.3274149968195946,19257.107421875,18318.7829296875,16786.46947265625,19204.357841998408,18567.90446404456,1.0169933199379815,1.0690857402778935,1.1666747222384233,81.57212091592437,334.58140974859634,363.33277845000686,-28.751368701410513,19774.20368861707,18740.01115513293,0.05370445886952392,0.8164228873290361,0.11274167852467129,0.09271459320733702,0.0034071376371327,0.0022055707477770525,0.04803116588183376,19517.849609375,19459.55078125,19541.25,33918710.0,0.9940944098404686,19745.599609375,0.008233615270164973
2024-01-12,19745.599609375,19775.900390625,19635.75,19691.25,31008900,19745.599609375,0.0082336152701649,0.8555881810675464,19306.81494140625,18377.1729296875,16813.61197265625,19255.904676986655,18614.088587390852,1.0227269318787384,1.0744633946104338,1.174381783134225,81.5561822642446,338.02839085857704,358.2719009317209,-20.243510073143852,19810.19577600059,18803.43410681191,0.052145404213176656,0.9358376777707659,0.11461030255785208,0.09341599178051715,0.0082336152701649,0.007911957933427693,0.05301725637455945,19584.349609375,19517.849609375,19590.599609375,33979110.0,0.9125871748848042,19885.55078125,0.007087714460114691
2024-01-15,19885.55078125,19896.900390625,19763.80078125,19876.5,35121900,19885.55078125,0.0070877144601146,0.7301894688608711,19352.4,18438.861953125,16840.98322753906,19315.870972630782,18663.949849895133,1.0275495949468798,1.0784586831770178,1.1807832424375517,81.93980184134261,348.0410377369517,356.2257282927671,-8.184690555815394,19892.599293764095,18812.200706235908,0.05582762797007766,0.9934760072842982,0.1106867576509266,0.0931764428999087,0.0070877144601146,0.024094078151557508,0.04805040572391417,19745.599609375,19584.349609375,19417.69921875,33753140.0,1.0405520790065754,19827.55078125,-0.0029166906483016897
2024-01-16,19827.55078125,19923.30078125,19736.19921875,19894.30078125,41454800,19827.55078125,-0.0029166906483016,-0.3646169105274547,19386.525,18500.753984375,16867.82098144531,19364.60238297547,18709.581258967875,1.022749088929037,1.071715822933247,1.1754660428908041,76.83669923072053,347.29264383554255,354.43911140132224,-7.1464675657796874,19956.955459727164,18816.09454027284,0.05884813907878102,0.8865727835256688,0.10927703537550333,0.09274195119295235,-0.0029166906483016,0.01891102236309483,0.03564889995843812,19885.55078125,19745.599609375,19459.55078125,33812530.0,1.2260188752512753,19487.599609375,-0.017145394084501664
2024-01-17,19487.599609375,19707.69921875,19470.05078125,19556.400390625,41490700,19487.599609375,-0.0171453940845016,-1.9216985284310848,19403.12744140625,18552.6899609375,16893.240981445313,19376.31640453733,18740.091782513253,1.0043535336364635,1.0503921345317548,1.1535737654354898,56.54547088202513,315.6299324089632,346.67727560285044,-31.04734319388723,19964.509380120977,18841.745502691523,0.057865098336334124,0.575235915285743,0.12830487963244255,0.10255011741411975,-0.0171453940845016,-0.0015498633612521795,0.017334339895359152,19827.55078125,19885.55078125,19517.849609375,34181105.0,1.2138489963972785,19414.80078125,-0.0037356488015064526
2024-01-18,19414.80078125,19468.650390625,19143.5,19388.400390625,37178000,19414.80078125,-0.0037356488015064,-0.4542374927474185,19415.40498046875,18600.9669921875,16918.919985351564,19379.98158327187,18766.550958934302,0.9999688804215334,1.0437522301611692,1.1475201016412027,50.54493339197109,281.4187285359003,333.6255661894604,-52.206837653560115,19965.884930914388,18864.92503002311,0.05670548216731763,0.4994512068797786,0.12935413818720343,0.10326233773862975,-0.0037356488015064,-0.008657363226595827,0.012809618594884942,19487.599609375,19827.55078125,19584.349609375,34563815.0,1.075633578064227,19606.400390625,0.009868739398039006
2024-01-19,19606.400390625,19618.94921875,19537.150390625,19555.94921875,37538800,19606.400390625,0.009868739398039,1.0345237906204097,19456.7525390625,18649.9069921875,16945.638486328124,19401.545279210266,18799.48623076531,1.0076913067204847,1.051286765067417,1.157017506684307,55.578984382386665,266.69232706371986,320.2389183643123,-53.54659130059247,19924.047315646265,18989.457762478738,0.048034200532239016,0.6601214683543695,0.10676826108544349,0.10345094506815866,0.009868739398039,-0.007049632399307337,0.0440349001848972,19414.80078125,19487.599609375,19745.599609375,34505955.0,1.0878933795630348,19206.44921875,-0.020399010726427913
2024-01-23,19206.44921875,19752.349609375,19158.75,19743.5,44759000,19206.44921875,-0.0203990107264279,-2.2777497095920936,19469.9849609375,18690.2799609375,16970.611733398437,19382.96470202357,18815.445563627454,0.9864645122882102,1.0276169890922602,1.1317476070088504,44.64161389013924,220.21038254632367,300.2332112007146,-80.02282865439093,19888.303761191553,19051.66616068345,0.04297063414207053,0.18500609818679334,0.13056128465449016,0.11570812841642739,-0.0203990107264279,-0.034150503044669045,0.013971661963733117,19606.400390625,19414.80078125,19885.55078125,35213270.0,1.2710833160339838,19451.0,0.012732742969026267
2024-01-24,19451.0,19470.650390625,19080.5,19193.150390625,41769400,19451.0,0.0127327429690262,1.3479386659806627,19489.8,18734.1059765625,16996.138735351564,19389.444254211805,18840.369267014612,0.9980092150766042,1.0382667859536174,1.1444364101089846,51.93108182111011,200.7917090492665,280.344910770425,-79.55320172115847,19860.077535792603,19119.522464207395,0.037997058542682316,0.4476068674846924,0.13625137114416258,0.11801191865608245,0.0127327429690262,-0.018991290724928445,0.020798060189794798,19206.44921875,19606.400390625,19827.55078125,35998260.0,1.1603171931087781,19393.0,-0.0029818518328106336
2024-01-25,19393.0,19480.05078125,19289.80078125,19479.650390625,38563500,19393.0,-0.0029818518328106,-0.3717476574050353,19502.00751953125,18777.58796875,17020.314487304688,19389.782896667824,18862.04106046502,0.9944104462362616,1.032773753065313,1.1394031534766929,46.39286175900022,178.66264338576366,260.0084572934927,-81.34581390772905,19839.613176959403,19164.401862103095,0.034622656881864555,0.33855791937552787,0.13616440196278926,0.11814885368100224,-0.0029818518328106,-0.004854348984545509,0.012750133590556212,19451.0,19206.44921875,19487.599609375,36819825.0,1.0473569605504642,19711.650390625,0.01643120665317377
2024-01-29,19711.650390625,19728.900390625,19470.05078125,19475.400390625,41540400,19711.650390625,0.0164312066531737,1.75267054073595,19522.742578125,18826.688984375,17045.86298828125,19420.436943711367,18895.359073412474,1.0096762948004894,1.047005684694981,1.1563891135448194,52.60407825732294,184.70841918774022,244.94844967234224,-60.240030484602016,19858.253462171222,19187.231694078775,0.03437128597107481,0.7815226293421736,0.1453402197035916,0.12226759105066863,0.0164312066531737,0.015289861210509237,0.021490504388748333,19393.0,19451.0,19414.80078125,37854135.0,1.0973807749140219,19574.19921875,-0.006973093026262922
2024-01-30,19574.19921875,19799.25,19558.80078125,19770.25,39664800,19574.19921875,-0.0069730930262629,-0.8085188869700003,19531.4900390625,18871.8009765625,17070.186982421874,19435.080969905524,18921.980255582574,1.0021866831256643,1.0372194600324491,1.146689209608931,53.41881508806205,176.37543302333506,231.23384634254083,-54.858413319205766,19862.537145201542,19200.44293292346,0.03389880705229746,0.564506196995718,0.14715761170191247,0.12415406309468074,-0.0069730930262629,-0.0016423806121187434,0.009018349614031473,19711.650390625,19393.0,19606.400390625,38217805.0,1.0378618028952735,19802.099609375,0.011642897268905772
2024-01-31,19802.099609375,19813.30078125,19546.400390625,19574.150390625,35992100,19802.099609375,0.0116428972689057,1.2286742007665263,19550.1375,18917.681953125,17095.401479492186,19470.035126045474,18956.494740045022,1.0128879967915827,1.0467508470880018,1.1583290180771593,56.92058794482943,186.01685185579845,222.19044744519238,-36.173595589393926,19898.4762539703,19201.7987460297,0.035635427522725305,0.8616624715199224,0.15239034694747552,0.12441039010734922,0.0116428972689057,0.031013040663627978,0.01919534365897735,19574.19921875,19711.650390625,19206.44921875,37895865.0,0.9497632525342804,19777.349609375,-0.0012498674629574102
2024-02-01,19777.349609375,19871.25,19703.75,19869.94921875,42128500,19777.349609375,-0.0012498674629574,-0.1822123960309254,19568.0849609375,18961.366953125,17120.335478515626,19499.30317207686,18988.68512707757,1.0106941813087607,1.0430339573231833,1.1551963823485627,55.31478109457633,189.4764608914229,215.6476501344385,-26.17118924301559,19924.73395992865,19211.43596194635,0.036452110638632934,0.7933761892345863,0.15250423091943419,0.12456954011367823,-0.0012498674629574,0.01677803760089458,0.0184850045075442,19802.099609375,19574.19921875,19451.0,37972365.0,1.1094515708989945,19910.80078125,0.006747677242441963
2024-02-02,19910.80078125,20101.150390625,19874.80078125,19884.650390625,49946000,19910.80078125,0.0067476772424419,0.6929783692399274,19595.26748046875,19007.57296875,17145.553232421877,19538.49342056954,19024.846525280413,1.0161025258315945,1.0475193657804172,1.1612807420876394,56.50753332517923,200.67338241202378,212.65279658995556,-11.979414177931773,19969.853444145156,19220.68151679234,0.03823228889830162,0.9211760869033916,0.15320418208268127,0.12486886445614548,0.0067476772424419,0.0267003960836385,0.02807074761438133,19777.349609375,19802.099609375,19393.0,38651855.0,1.2922018878524717,19853.5,-0.0028778742693241766
2024-02-05,19853.5,20044.0,19805.75,19989.650390625,51778800,19853.5,-0.0028778742693241,-0.3603691397835866,19610.87998046875,19053.1699609375,17170.112983398438,19568.494047181965,19057.342739975298,1.0123717048787655,1.0420050858047938,1.1562824321072374,52.24389827793186,202.58802062717223,210.6398413973989,-8.05182077022667,20001.664805550772,19220.09515538673,0.0398538796291853,0.8104266132641094,0.15121570866523576,0.12512972559947597,-0.0028778742693241,0.0071962320031033755,0.015979018742403817,19910.80078125,19777.349609375,19711.650390625,39617815.0,1.3069574886954265,20033.75,0.009079003702118005
2024-02-06,20033.75,20044.44921875,19824.849609375,19923.19921875,45963000,20033.75,0.009079003702118,0.948101092963192,19633.0375,19101.29296875,17195.510483398437,19612.80413792654,19095.63322076058,1.0204101122915903,1.0488164352421332,1.165057008301194,53.03114798337849,216.15831529001662,211.74353617592246,4.414779114094159,20066.863647382233,19199.211352617764,0.044193482275191785,0.9618353485802925,0.15395135204963029,0.12600129480643946,0.009079003702118,0.023477373256209688,0.022620562895529384,19853.5,19910.80078125,19574.19921875,39898820.0,1.1519889560643648,20109.55078125,0.003783654146128468
2024-02-07,20109.55078125,20169.900390625,20011.44921875,20157.19921875,58018300,20109.55078125,0.0037836541461284,0.3686181139991222,19667.630078125,19150.93,17221.53673828125,19660.113342052584,19135.39469372095,1.0224694435155417,1.050056095513377,1.1676978127363666,55.726106323527986,230.37375587725182,215.46958011618833,14.904175761063499,20137.957120407104,19197.303035842895,0.0478275257785323,0.9698015034174507,0.14954287670768496,0.12588768738117792,0.0037836541461284,0.01552619055251303,0.035629945376429495,20033.75,19853.5,19802.099609375,41039560.0,1.4137164238602948,19987.55078125,-0.006066769035624198
2024-02-08,19987.55078125,20209.05078125,19949.349609375,20207.55078125,55978000,19987.55078125,-0.0060667690356241,-0.7093376487063465,19694.030078125,19197.8930078125,17246.9894921875,19691.297860071383,19168.812579506404,1.0149040446247224,1.0411325228823887,1.158900849931167,61.13747333886354,229.15367364927806,218.20639882280628,10.947274826471784,20174.347695482447,19213.712460767554,0.04877799165046787,0.8055485500813508,0.15210565186398153,0.12733746890404984,-0.0060667690356241,0.010628379233148522,0.027133205999223087,20109.55078125,20033.75,19777.349609375,41985835.0,1.333259181340564,19961.5,-0.0013033503471789887
2024-02-09,19961.5,20040.650390625,19745.44921875,20015.0,54127000,19961.5,-0.0013033503471789,-0.1880651581091636,19716.21259765625,19244.2530078125,17272.512490234374,19717.03139720744,19199.89836070223,1.0124408986324742,1.0372707109959698,1.1556801600974924,62.43794579893501,223.50820589346768,219.26676023693858,4.241445656529095,20203.202953643642,19229.222241668856,0.0493999903455351,0.7518401025064128,0.1522665594051427,0.12752677613518867,-0.0013033503471789,0.0025463174136994837,0.022730495392889072,19987.55078125,20109.55078125,19910.80078125,42887015.0,1.262083640001525,19675.19921875,-0.014342648661172741
2024-02-12,19675.19921875,20015.0,19634.599609375,19999.94921875,40401200,19675.19921875,-0.0143426486611727,-1.6149872811345778,19720.755078125,19282.9209765625,17296.579736328124,19713.047380211494,19218.537610037438,0.9976899535948534,1.0203432997865987,1.137519643691524,51.50057978367015,193.69920779825043,214.15324974920094,-20.45404195095051,20204.248875921636,19237.261280328363,0.04903400461911536,0.4528888895958356,0.16155693530852414,0.13279077120787716,-0.0143426486611727,-0.008980823595335807,0.004638888254502538,19961.5,19987.55078125,19853.5,43221155.0,0.9347552142000832,19782.900390625,0.005473955850590073
2024-02-13,19782.900390625,19796.05078125,19508.75,19709.80078125,39268800,19782.900390625,0.00547395585059,0.55359193993693,19722.6201171875,19320.4969921875,17321.258740234374,19719.700047869923,19240.66948378597,1.003056402905868,1.0239333076485806,1.1421167876600473,64.41013943187923,176.72872775586075,206.66834535053292,-29.93961759467217,20206.804710331526,19238.435524043474,0.049099418866974276,0.562249268451017,0.16004506635540366,0.13204274888651202,0.00547395585059,-0.012521350689461586,0.0018890680449272779,19675.19921875,19961.5,20033.75,43634150.0,0.8999556540003644,19922.30078125,0.007046509251548372
2024-02-14,19922.30078125,19943.75,19579.19921875,19618.099609375,34524400,19922.30078125,0.0070465092515483,0.7256802826860248,19724.4576171875,19359.1840234375,17346.2194921875,19738.995355810883,19267.400122902207,1.0100303474955936,1.029087835372129,1.1485096674939879,62.435325546514555,172.53902409437796,199.84248109930195,-27.303457004923985,20211.516104827293,19237.39912954771,0.04938624900036326,0.7031000065521003,0.16002141630975084,0.13239292880216222,0.0070465092515483,-0.009311495917382229,0.0018480755400875903,19782.900390625,19675.19921875,20109.55078125,43604275.0,0.7917664036381754,20037.0,0.005757327931618761
2024-02-15,20037.0,20065.75,19952.0,20011.69921875,35406900,20037.0,0.0057573279316187,0.5846020358585515,19734.930078125,19397.61703125,17371.625991210938,19767.37675049556,19297.580510239375,1.0153063588611255,1.0329619338148568,1.153432615354348,66.49837782182199,176.44003127875112,195.16199113519178,-18.721959856440662,20239.99587918051,19229.864277069486,0.05118495976991806,0.7990401658981079,0.16078365461166116,0.13216859297969763,0.0057573279316187,0.00247400090642369,0.010563544688941828,19922.30078125,19782.900390625,19987.55078125,43301880.0,0.8176758145373827,20164.900390625,0.006383210591655475
2024-02-16,20164.900390625,20191.44921875,20098.099609375,20136.849609375,31059200,20164.900390625,0.0063832105916554,0.653093897346675,19768.7951171875,19431.9450390625,17397.47849121094,19805.236144793602,19331.593054568224,1.0200368950707126,1.0377190934869926,1.1590702871575407,62.86942247706808,187.68854349552566,193.66730160725857,-5.978758111732901,20294.44253605613,19243.14769831887,0.05317951000580625,0.876778482322976,0.14753735706339638,0.12719032738876584,0.0063832105916554,0.010189634577812301,0.03475547501110232,20037.0,19922.30078125,19961.5,42780305.0,0.7260163292430944,20271.900390625,0.005306249866215307
2024-02-20,20271.900390625,20285.80078125,20190.69921875,20242.650390625,26832800,20271.900390625,0.0053062498662153,0.5352394662450528,19811.65009765625,19465.61203125,17423.462744140626,19849.680358682304,19368.467852060647,1.0232312952580966,1.0414211666235096,1.163482867229838,70.1588792108263,202.89819217253535,195.51347972031394,7.384712452221407,20355.229207638018,19268.07098767448,0.05487469315299968,0.923351711384994,0.14656558786805993,0.12675907240776682,0.0053062498662153,0.030327579672299265,0.04414671152344507,20164.900390625,20037.0,19675.19921875,42263045.0,0.6348998279702752,20128.30078125,-0.007083677731635318
2024-02-21,20128.30078125,20342.30078125,20077.80078125,20329.099609375,31364400,20128.30078125,-0.0070836777316353,-0.8206204401950519,19837.7451171875,19494.578046875,17448.00649902344,19876.215637022084,19398.26522183278,1.014646607381338,1.0325076404757878,1.1536160754167863,59.90767117028224,201.04711398161817,196.62020657257477,4.426907409043395,20389.87837610965,19285.61185826535,0.05566492115515195,0.7631209579992946,0.14715745727634907,0.12808102367957636,-0.0070836777316353,0.017459542524345117,0.026618878541037727,20271.900390625,20164.900390625,19782.900390625,41954325.0,0.7475844266353946,20283.94921875,0.007732815561112272
2024-02-22,20283.94921875,20308.900390625,20004.099609375,20179.25,31743900,20283.94921875,0.0077328155611122,0.8007844510780976,19891.6201171875,19526.1800390625,17472.92249511719,19915.047406710455,19432.99792759424,1.019723335718819,1.0388078558208298,1.1608790243543032,64.25351998076601,209.72210341629034,199.2405859413179,10.481517474972435,20392.263108067105,19390.977126307895,0.05033707540463191,0.8918252214739939,0.1240691015581239,0.12883411222714786,0.0077328155611122,0.018152945358618888,0.05610094753735684,20128.30078125,20271.900390625,19922.30078125,41303570.0,0.7685509993446087,20313.5,0.0014568554146587864
2024-02-23,20313.5,20365.650390625,20280.150390625,20358.69921875,39835600,20313.5,0.0014568554146587,0.1139908705838559,19934.7451171875,19558.3800390625,17498.107993164063,19952.99527273803,19467.527420629758,1.0189997354160272,1.0386085125367928,1.160896938568205,62.033781574864996,216.48607935894324,202.68968462484298,13.79639473410026,20424.040508725542,19445.449725649458,0.04908970630541475,0.8870411303293106,0.11837576760139812,0.1287780614526814,0.0014568554146587,0.013799470978689499,0.044342193203434244,20283.94921875,20128.30078125,20037.0,41206880.0,0.966722061946937,20255.80078125,-0.002840437086174208
2024-02-26,20255.80078125,20335.75,20210.349609375,20299.5,28150900,20255.80078125,-0.0028404370861742,-0.3562722977930084,19977.88515625,19588.0920703125,17522.359497070312,19981.833892596314,19498.4401014384,1.01391116341026,1.0340874807276137,1.1559973292772991,62.01901307476327,214.71562620165787,205.09487294020596,9.62075326145191,20415.477880590697,19540.2924319093,0.04380771246988349,0.8175505550485408,0.11829473018553853,0.1290996024108704,-0.0028404370861742,0.004507852201802054,0.044490320283091744,20313.5,20283.94921875,20164.900390625,40686250.0,0.6919020553626839,20292.849609375,0.0018290478132709787
2024-02-27,20292.849609375,20329.099609375,20234.94921875,20249.25,28512700,20292.849609375,0.0018290478132709,0.1547207898488877,20006.9451171875,19620.213046875,17547.430747070313,20011.454437051427,19529.59341547513,1.0142902622320829,1.03428283683225,1.1564570279192044,58.465092238143505,213.83707937669897,206.84331422750458,6.993765149194388,20447.279235208123,19566.610999166878,0.0440181262498011,0.8246449462874514,0.10568786234481255,0.12836621134605614,0.0018290478132709,0.0010334116854524567,0.029485061231931287,20255.80078125,20313.5,20271.900390625,40034865.0,0.7121967315238855,20020.400390625,-0.013425872856423937
2024-02-28,20020.400390625,20335.650390625,19987.349609375,20323.5,38512900,20020.400390625,-0.0134258728564239,-1.5146622754364896,20029.25517578125,19645.5920703125,17570.397250976563,20012.306432629863,19548.84074783395,0.9995579074169988,1.0190784945025348,1.13943925710116,47.418996232577136,188.97802860926095,203.27025710385587,-14.292228494594923,20419.65427011568,19638.856081446822,0.03898288687304435,0.48865931647224303,0.1146325765594875,0.13268853664805544,-0.0134258728564239,-0.005360630874788552,0.022795372974828254,20292.849609375,20255.80078125,20128.30078125,39977270.0,0.9633699349655441,20090.05078125,0.003478970912970114
2024-02-29,20090.05078125,20160.05078125,19901.30078125,20009.25,48948700,20090.05078125,0.0034789709129701,0.3352758868762115,20043.652734375,19667.91609375,17593.744506835938,20019.710656307972,19570.064670713014,1.002314849867431,1.0214631120799904,1.141886013716076,53.06025102411075,172.90412508224836,197.19703069953437,-24.29290561728601,20419.756040871103,19667.549427878894,0.03752841974268156,0.5616825830470601,0.10820633519039541,0.13059004214137102,0.0034789709129701,-0.009559205429323647,0.014541446490788923,20020.400390625,20292.849609375,20283.94921875,40625100.0,1.2048881110446497,20349.80078125,0.012929285387492495
2024-03-01,20349.80078125,20360.19921875,20171.0,20171.900390625,28202800,20349.80078125,0.0129292853874924,1.3694467807786346,20072.27529296875,19692.01109375,17618.16326171875,20051.14781106436,19600.642557400737,1.0138263093859852,1.0334038856858443,1.1550466685404506,60.17347252028316,179.06099126384652,193.5698228123968,-14.50883154855029,20450.172331719496,19694.378254218,0.037653632509026445,0.8671972254636193,0.11615418976767757,0.13208292831078758,0.0129292853874924,0.001787027407881503,0.028944787000359407,20090.05078125,20020.400390625,20313.5,39928815.0,0.7063269971823607,20432.05078125,0.004041808609535957
2024-03-04,20432.05078125,20482.599609375,20383.150390625,20456.75,25412600,20432.05078125,0.0040418086095359,0.3968685847011056,20098.33779296875,19717.54109375,17642.903266601563,20087.424284415374,19633.24680147326,1.0166040093324533,1.036237261233678,1.1580889195220132,72.20355570368342,188.40541928346283,192.53694210661,-4.131522823147179,20500.465979500823,19696.209606436674,0.04001606408194968,0.9149335951282778,0.1149087858121534,0.1322195386761333,0.0040418086095359,0.008701211169254153,0.02617925847014968,20349.80078125,20090.05078125,20255.80078125,38702145.0,0.656619936698599,20382.0,-0.0024496210285426256
2024-03-05,20382.0,20440.400390625,20328.0,20422.30078125,27107000,20382.0,-0.0024496210285426,-0.3135043462331,20124.76279296875,19741.79609375,17667.426518554686,20115.479114471054,19662.60967200372,1.0127821236790489,1.0324288582056969,1.153648494227182,68.19094565413394,189.58682712751033,191.94691911079008,-2.3600919832797445,20528.602707251895,19720.922878685607,0.04013363222588827,0.8184890818519656,0.1147112721388054,0.13248526027931212,-0.0024496210285426,0.004393192298819182,0.026619991437278,20432.05078125,20349.80078125,20292.849609375,37468555.0,0.7234599786407562,20379.55078125,-0.00012016577126872097
2024-03-06,20379.55078125,20396.75,20139.349609375,20368.75,35547900,20379.55078125,-0.0001201657712687,-0.0585863927390278,20142.05283203125,19773.798125,17691.575771484375,20140.628797021433,19690.725009621223,1.011791149154423,1.0306341074395893,1.151935307769371,65.14327481537026,188.15651864774554,191.18883901818117,-3.0323203704356274,20558.887115453537,19725.218548608966,0.04138945388519556,0.7848829362931259,0.11106893456300579,0.12296927551360107,-0.0001201657712687,0.0179392211752758,0.017260911274723956,20382.0,20432.05078125,20020.400390625,36947800.0,0.9621114112342277,20434.80078125,0.0027110509251671022
2024-03-07,20434.80078125,20471.349609375,20384.5,20413.650390625,24346300,20434.80078125,0.0027110509251671,0.2512405352090476,20158.31533203125,19803.658125,17716.2877734375,20168.64517647177,19719.90445164588,1.013715702163832,1.0318700036259083,1.1534471014796022,63.71446040081138,189.29908016761328,190.81088724806762,-1.5118070804543322,20594.729426686077,19721.90123737642,0.04329866732081047,0.8167696146897069,0.11076177399599577,0.12195469071095456,0.0027110509251671,0.01716023536992517,0.016173906793744086,20379.55078125,20382.0,20090.05078125,35264200.0,0.6903970599077819,20288.75,-0.007147159535022651
2024-03-11,20288.75,20483.25,20264.30078125,20478.75,22816800,20288.75,-0.0071471595350226,-0.8275674083126323,20173.37529296875,19828.339140625,17740.599775390627,20180.083731093506,19742.21212020879,1.0057191573227442,1.0232198398519265,1.1436338261880026,54.21702611523835,176.3862204020661,187.92595387886732,-11.539733476801217,20605.746628719433,19741.00395721807,0.04286554227753448,0.6334208555133547,0.11171574813354705,0.12306062242445524,-0.0071471595350226,-0.003000067760184244,0.015069341013634885,20434.80078125,20379.55078125,20349.80078125,33606140.0,0.6789473590242735,20171.400390625,-0.0057839743392273935
2024-03-12,20171.400390625,20326.25,20135.30078125,20299.80078125,24347400,20171.400390625,-0.0057839743392273,-0.6783907373890564,20183.8703125,19848.79015625,17764.648779296876,20179.25674628698,19759.043032774134,0.9993821838090549,1.0162533953875983,1.1354798308274454,46.60196739281558,154.89798570225685,181.32036024354522,-26.422374541288377,20604.621137290484,19763.119487709515,0.04169178837122133,0.48518134589314954,0.11392978432024839,0.12377549295346957,-0.0057839743392273,-0.01275693729501659,0.010515261409463239,20288.75,20434.80078125,20432.05078125,32117160.0,0.7580807269384965,19646.30078125,-0.026031886691369688
2024-03-13,19646.30078125,20247.900390625,19549.5,20236.80078125,41486300,19646.30078125,-0.0260318866913696,-2.894169024273124,20182.425390625,19855.7771875,17785.842534179686,20128.49903533108,19754.621768008485,0.9734360663300636,0.9894501028959031,1.1046033238793722,37.04507849021753,94.40896704768238,163.93808160437266,-69.52911455669027,20610.663256645603,19754.1875246044,0.042436709932742,-0.1259659081024423,0.13899178867782663,0.13693974654752702,-0.0260318866913696,-0.036095536196153466,-0.0014687748357058439,20171.400390625,20288.75,20382.0,32171415.0,1.2895391763153718,19916.349609375,0.013745530577579768
2024-03-14,19916.349609375,19933.900390625,19514.69921875,19598.400390625,38249400,19916.349609375,0.0137455305775797,1.4587704768473595,20189.0978515625,19866.1191796875,17807.904282226562,20108.294328097167,19760.96403629737,0.9864903204594458,1.0025284470123819,1.1183994081354538,40.69225405368536,67.48375676079013,144.64721663565615,-77.16345987486602,20594.684390589486,19783.511312535513,0.04017876796764118,0.1637607317516087,0.14625297283083358,0.13977823961411737,0.0137455305775797,-0.022728723358375724,0.00674568521879837,19646.30078125,20171.400390625,20379.55078125,32120445.0,1.1908116466007865,19825.19921875,-0.004576661507392554
2024-03-15,19825.19921875,19942.400390625,19671.150390625,19867.75,41574600,19825.19921875,-0.0045766615073925,-0.5462715582988172,20184.2427734375,19874.04015625,17829.306528320314,20081.33288911172,19763.48306306022,0.982211690638204,0.9975424756558801,1.1119444935931402,38.010078803940544,38.34820464273071,123.38741423707107,-85.03920959434036,20605.305887997216,19763.179658877787,0.04172196294763293,0.07364639376805807,0.14503710555784988,0.14023240716737914,-0.0045766615073925,-0.029831539295423037,-0.00487401347696681,19916.349609375,19646.30078125,20434.80078125,32472955.0,1.2802838546722957,19843.099609375,0.0009029110087364067
2024-03-18,19843.099609375,19894.44921875,19709.19921875,19804.30078125,22428300,19843.099609375,0.0009029110087364,0.0533713871804799,20174.54775390625,19882.534140625,17850.942275390626,20058.64400532727,19766.60528056276,0.9835709752419569,0.9980166244920748,1.111599561706654,39.66437326267154,16.51213993179772,102.0123593760164,-85.50021944421869,20618.20849474931,19730.887013063188,0.04398222416233704,0.12646216577384703,0.1434050193245311,0.1402173560791454,0.0009029110087364,-0.021965394153163675,-0.009677116865049684,19825.19921875,19916.349609375,20288.75,31824025.0,0.7047600044306149,19610.55078125,-0.011719380172598215
2024-03-19,19610.55078125,19798.94921875,19594.099609375,19785.80078125,21287100,19610.55078125,-0.0117193801725982,-1.32791663125419,20146.8302734375,19887.4021484375,17871.218779296876,20015.968460177057,19760.485496275985,0.9733814458696982,0.9860790582338954,1.097325874828866,34.43660045438101,-19.33496417855349,77.74289466510243,-97.07785884365592,20657.268658947985,19636.391887927013,0.05067183061381582,-0.025312660068799807,0.14633589038451966,0.14271282363326615,-0.0117193801725982,-0.027804197949274023,-0.027490818136286288,19843.099609375,19825.19921875,20171.400390625,31335420.0,0.6793302914082531,19632.05078125,0.0010963486053923166
2024-03-20,19632.05078125,19697.44921875,19465.849609375,19651.69921875,21521000,19632.05078125,0.0010963486053923,0.0745397337775479,20114.83779296875,19889.2181640625,17890.895283203125,19979.404871707815,19755.44884078477,0.975998463587536,0.9870700104603825,1.097320758435245,39.996397726858476,-45.48486096952911,53.097343538176126,-98.58220450770523,20670.475862577823,19559.199723359674,0.055246587154013566,0.06555621534492378,0.14454734193002072,0.14133166831021088,0.0010963486053923,-0.0007253273864971099,-0.03156337575883639,19610.55078125,19843.099609375,19646.30078125,31069830.0,0.6926655215043017,19897.400390625,0.013516143185022145
2024-03-21,19897.400390625,19916.44921875,19790.849609375,19790.849609375,22056500,19897.400390625,0.0135161431850221,1.4336680566632678,20103.2927734375,19895.3541796875,17911.520537109376,19971.5949211285,19761.015568229486,0.9897582756649425,1.0001028486811052,1.1108716509802306,45.49197223043003,-44.28683564514358,33.62050770151219,-77.90734334665578,20667.285481165603,19539.300065709398,0.056109485553856996,0.3174689317861911,0.15239394481239715,0.14440932730429926,0.0135161431850221,-0.0009514403553692041,-0.011471429860591575,19632.05078125,19610.55078125,19916.349609375,30604435.0,0.7206961997501342,19994.599609375,0.004885020999818579
2024-03-22,19994.599609375,20048.599609375,19806.69921875,19855.0,26015800,19994.599609375,0.0048850209998185,0.4891433670651338,20088.82529296875,19906.8921875,17932.496284179688,19973.78584381864,19770.17572670578,0.9953095473617997,1.004405882196422,1.1149925416136586,41.00390882736762,-35.08973469988632,19.87845922123249,-54.96819392111881,20648.130919074334,19529.51966686317,0.05568325852296761,0.41576547848243905,0.15067086207856445,0.14320362539042167,0.0048850209998185,0.008544700547815198,-0.014264954336778324,19897.400390625,19632.05078125,19825.19921875,30318030.0,0.8580966507388508,20005.25,0.0005326633607609654
2024-03-26,20005.25,20044.5,19895.30078125,19895.55078125,23428500,20005.25,0.0005326633607609,0.0128542867068066,20073.41279296875,19917.806171875,17953.690532226563,19976.782430121628,19779.394325658493,0.9966043246521277,1.004390233912833,1.1142695126715547,38.78373523012534,-26.634542004023388,10.575858976181314,-37.2104009802047,20623.563666745766,19523.261919191733,0.05481388535682324,0.43805081822262576,0.15053306859420568,0.14316081791468427,0.0005326633607609,0.008171626097587703,-0.015174637556304882,19994.599609375,19897.400390625,19843.099609375,29497675.0,0.7942490382716604,20087.80078125,0.004126455867834666
2024-03-27,20087.80078125,20174.400390625,20063.0,20063.0,28219300,20087.80078125,0.0041264558678346,0.406131740019076,20065.01279296875,19929.2051953125,17975.32778808594,19987.35560641957,19791.488696466004,1.001135707637786,1.0079579483668923,1.1175206938125606,42.398336646947406,-13.12132823086722,5.836421534771606,-18.957749765638827,20608.52841702078,19521.49716891672,0.054175457515029696,0.5209635080136593,0.15126186797539068,0.14328084508740382,0.0041264558678346,0.02433638939179139,-0.008293920433672053,20005.25,19994.599609375,19610.55078125,29501095.0,0.9565509348042844,20255.150390625,0.00833090745957632
2024-03-28,20255.150390625,20380.5,20146.150390625,20150.349609375,26471400,20255.150390625,0.0083309074595763,0.8662351019466891,20063.12783203125,19942.6212109375,17997.5475390625,20012.859871581994,19809.67150800165,1.0095709183633463,1.015671419337599,1.1254394714981317,47.03808318242747,10.965304712270154,6.862198170271316,4.103106541998837,20603.569267414117,19522.68639664838,0.053874095794775784,0.6776534384868528,0.154248471437705,0.14419760101907256,0.0083309074595763,0.03173889556001486,-0.0018577587414132513,20087.80078125,20005.25,19632.05078125,29399030.0,0.9004174627530228,20492.55078125,0.011720495086271043
2024-04-01,20492.55078125,20504.5,20387.05078125,20392.25,24756300,20492.55078125,0.011720495086271,1.2371659186205584,20086.7353515625,19957.560234375,18020.71279296875,20058.544720121805,19836.451087344725,1.0202031550963773,1.026806410232125,1.1371664937274681,51.26525512181206,48.649560490088334,15.21967063423472,33.42988985585362,20659.594776703663,19513.875926421337,0.05703857945204354,0.8542015823398954,0.151117207861243,0.1453406469931844,0.011720495086271,0.02991096218305067,0.02358346393741928,20255.150390625,20087.80078125,19897.400390625,28711200.0,0.8622523614477974,20569.75,0.0037671844551745437
2024-04-02,20569.75,20579.25,20481.849609375,20524.150390625,28128700,20569.75,0.0037671844551745,0.3668157956675963,20110.7203125,19971.24421875,18044.169541015624,20107.23093725306,19865.207907448854,1.0228251241311672,1.0299683772675563,1.1399665666654017,56.34799613098045,83.77819360102512,28.931375227592802,54.84681837343232,20722.97829323581,19498.462331764193,0.06088871718386177,0.874866234448642,0.1511780681669197,0.1447901284808945,0.0037671844551745,0.028765286720486616,0.023877451778155923,20492.55078125,20255.150390625,19994.599609375,27670200.0,1.0165701729658623,20605.69921875,0.0017476740723636475
2024-04-03,20605.69921875,20657.900390625,20496.55078125,20528.19921875,30258700,20605.69921875,0.0017476740723636,0.1458158634994847,20123.515234375,19986.8071875,18067.164536132812,20154.70410691944,19894.246782401842,1.0239612204308783,1.030965027352496,1.140505427818534,60.18573911283196,113.21363364690114,45.787826911454474,67.42580673544667,20766.723420809678,19480.307047940325,0.06392602673472435,0.8748273067285454,0.14476965278072382,0.14456648207935635,0.0017476740723636,0.03001458210969621,0.012574984897924857,20569.75,20492.55078125,20005.25,27772995.0,1.0895007902460645,20664.650390625,0.0028609158684291813
2024-04-04,20664.650390625,20772.400390625,20537.5,20755.349609375,33121800,20664.650390625,0.0028609158684291,0.2676406203867223,20135.14521484375,20010.348203125,18090.8825390625,20203.2704196533,19924.45868860667,1.0262975593238284,1.0326981909988862,1.1422687835159577,80.56733613654536,139.68806182505068,64.56787389417372,75.12018793087697,20809.49989388516,19460.790535802338,0.06698284733941122,0.8926013952576445,0.14446466087458187,0.1386423017536939,0.0028609158684291,0.028716414288289416,0.011384055955286243,20605.69921875,20569.75,20087.80078125,28158455.0,1.1762648199270875,20715.099609375,0.0024413294101934824
2024-04-05,20715.099609375,20730.150390625,20609.900390625,20654.75,28297700,20715.099609375,0.0024413294101934,0.2217242539258174,20151.8001953125,20036.3541796875,18115.07103515625,20252.016056769655,19955.464214911313,1.0279528086127774,1.0338756953286243,1.1435284779823842,77.61645966852097,162.86268754211778,84.22683662376252,78.63585091835526,20867.039522903695,19436.560867721302,0.07098515474141436,0.8937838652963224,0.14413552970063076,0.13820165629881823,0.0024413294101934,0.02270776616711201,0.01634283237047396,20664.650390625,20605.69921875,20255.150390625,28217990.0,1.0028247936865808,20819.099609375,0.005020492392560527
2024-04-08,20819.099609375,20866.099609375,20768.5,20806.849609375,27481500,20819.099609375,0.0050204923925605,0.5039683310076408,20173.77763671875,20060.6081640625,18139.52103515625,20306.024014160637,19989.332269596165,1.0319881573137637,1.0378099925540292,1.1477204700733528,84.06105966797828,187.45975683563665,104.87342066613735,82.5863361694993,20943.42590562991,19404.129367807593,0.07630184914007039,0.9192317443708957,0.14482987211043788,0.13708607163086522,0.0050204923925605,0.01593500153352223,0.02156813135103075,20715.099609375,20664.650390625,20492.55078125,27814670.0,0.9880217885022544,20790.69921875,-0.0013641507633793681
2024-04-09,20790.69921875,20912.75,20741.5,20912.75,22792400,20790.69921875,-0.0013641507633793,-0.1947186955063689,20191.57255859375,20092.2931640625,18163.23353027344,20352.183557454864,20020.758424464944,1.0296721148596846,1.0347598976873722,1.144658476371911,82.2422888334937,202.32911321989377,124.36455917688863,77.96455404300514,21002.008262882624,19381.136854304877,0.08027464942980907,0.8696324439957213,0.14495371039724458,0.1279942337118488,-0.0013641507633793,0.010741463496153347,0.017416291027733122,20819.099609375,20715.099609375,20569.75,27736975.0,0.821733444256268,20915.19921875,0.005988254588749964
2024-04-10,20915.19921875,20933.849609375,20822.849609375,20864.55078125,25719500,20915.19921875,0.0059882545887499,0.6098729015080615,20222.89501953125,20121.5771484375,18187.38927734375,20405.804096625827,20055.834534044752,1.0342336840768902,1.0394413452016174,1.149983590267368,97.91395887209194,221.60477291445568,143.81260192440206,77.79217099005362,21095.205780576933,19350.584258485567,0.08626962264336167,0.8968219986120275,0.1427600477845534,0.1258600849975969,0.0059882545887499,0.015020116362679525,0.030876678886082143,20790.69921875,20819.099609375,20605.69921875,27882110.0,0.922437362165202,20745.5,-0.00811367929012452
2024-04-12,20745.5,20931.400390625,20735.150390625,20873.19921875,32597400,20745.5,-0.0081136792901245,-0.9333360154635144,20251.6,20148.6271484375,18210.82552734375,20438.156087423366,20082.880238592017,1.0243881964881787,1.0296234997632971,1.1391850396265897,86.87776541436239,220.64411536273474,159.1789046120686,61.46521075066613,21154.039215500998,19349.160784499,0.08912275726371789,0.7736472393462167,0.14457760533372976,0.12731533503378076,-0.0081136792901245,0.003912459579363592,0.028461068555350355,20915.19921875,20790.69921875,20664.650390625,28294610.0,1.1520710128183425,20478.75,-0.012858210214263366
2024-04-15,20478.75,20623.80078125,20362.30078125,20493.30078125,31952800,20478.75,-0.0128582102142633,-1.4525415720820247,20293.2224609375,20163.969140625,18232.312026367188,20442.022174335423,20098.404542960958,1.0091423399817165,1.015611056393694,1.12321190918541,69.23662553237897,196.0977983024095,166.5626833501368,29.535114952272693,21153.937579422072,19432.50734245293,0.08482784044193305,0.6077752296186819,0.11613783386333054,0.1264861905172057,-0.0128582102142633,-0.01140953284472912,0.0423718046475432,20745.5,20915.19921875,20715.099609375,27817935.0,1.1486402567264609,20423.0,-0.0027223341268387546
2024-04-16,20423.0,20495.19921875,20326.25,20361.25,31141100,20423.0,-0.0027223341268387,-0.3433480037541436,20318.55498046875,20180.94515625,18253.716274414062,20440.21053868443,20111.133776570332,1.0051403763521396,1.0119942273206681,1.118840661976684,64.57541182897809,170.18432712064896,167.28701210423924,2.8973150164097206,21162.221075509577,19474.888885427925,0.08304390699552798,0.561899500373802,0.10871502745703145,0.12549973301566206,-0.0027223341268387,-0.019025780019642835,0.025438918303909874,20478.75,20745.5,20819.099609375,27462520.0,1.1339491059087077,20324.69921875,-0.00481323905645592
2024-04-18,20324.69921875,20617.099609375,20291.150390625,20515.150390625,29636300,20324.69921875,-0.0048132390564559,-0.5721608147941118,20343.52998046875,20191.3971484375,18274.34001953125,20429.20946059544,20119.508891949925,0.9990743611488848,1.0066019240438155,1.1121988097533135,60.2568379750563,140.10066968911997,161.8497436212154,-21.749073932095428,21154.64774220509,19532.41221873241,0.0797420863060669,0.4883920913783671,0.10888714586424933,0.12366605201546076,-0.0048132390564559,-0.02241386858118466,0.025195207094190986,20423.0,20478.75,20790.69921875,26865605.0,1.1031316808238638,20385.19921875,0.0029766738168595097
2024-04-19,20385.19921875,20428.400390625,20038.349609375,20178.25,27183000,20385.19921875,0.0029766738168595,0.2803082941797211,20370.6349609375,20203.554140625,18295.061264648437,20425.018008991115,20129.92812045189,1.0007149633695969,1.0089907486999898,1.1142460210363077,59.68598843234945,119.76047461097914,153.43188981916816,-33.67141520818902,21146.819187706198,19594.4507341688,0.07620618878665912,0.5093819594045497,0.10904381000270194,0.12371352864950187,0.0029766738168595,-0.025340423223168096,0.02731930091803214,20324.69921875,20423.0,20915.19921875,27103340.0,1.0029391211562855,20574.849609375,0.009303337612249774
2024-04-22,20574.849609375,20604.099609375,20468.099609375,20566.19921875,36990800,20574.849609375,0.0093033376122497,0.9726504982765346,20418.84990234375,20216.8351171875,18317.231513671875,20439.28768521815,20147.376021978285,1.007639985002943,1.017708730872674,1.1232510542883105,60.26321729480342,117.58843869237171,146.26319959380888,-28.674760901437168,21111.545070643188,19726.154734044314,0.06784859789971744,0.6126034323392316,0.10079322462935911,0.12449347286665147,0.0093033376122497,-0.008225899140777537,0.049172450018435176,20385.19921875,20324.69921875,20745.5,27888525.0,1.3263806529746553,20652.650390625,0.003781353581051139
2024-04-23,20652.650390625,20689.75,20621.55078125,20687.900390625,48926300,20652.650390625,0.0037813535810511,0.3683663575682737,20469.8798828125,20232.818125,18340.435766601564,20459.607942875944,20167.190703101685,1.0089287533126152,1.0207500637346336,1.1260719567107582,55.726431240491195,120.75299209012519,141.16115809307215,-20.408166002946956,21061.524328869764,19878.235436755236,0.05780634272837216,0.6544597511476983,0.10077542020738268,0.12441051183841038,0.0037813535810511,0.008491748306171054,0.0519863981988955,20574.849609375,20385.19921875,20478.75,29258790.0,1.6721915021092806,20730.650390625,0.0037767549696869906
2024-04-24,20730.650390625,20772.55078125,20710.19921875,20723.19921875,36984300,20730.650390625,0.0037767549696869,0.3678631203439472,20511.5423828125,20246.7561328125,18363.758266601562,20485.421509328236,20189.287161435932,1.010682180975142,1.0238998412702904,1.1288893095662307,55.751778644529836,128.07846279104342,138.54461903266642,-10.466156241622997,21048.249335246845,19974.835430378153,0.05233218862020338,0.7041225726795483,0.09230063444183255,0.12316344357405437,0.0037767549696869,0.015063917672477167,0.04187732988439041,20652.650390625,20574.849609375,20423.0,30005180.0,1.2325971715550448,20867.900390625,0.0066206316451156155
2024-04-25,20867.900390625,20894.0,20686.69921875,20690.849609375,107777900,20867.900390625,0.0066206316451156,0.6790754605793142,20555.207421875,20261.923125,18387.28026855469,20521.84806945174,20215.899444933544,1.0152123480114938,1.0299071939956834,1.1349095725871208,58.74002768170738,143.3069260149423,139.4970804291216,3.809845585820682,21055.709624773615,20054.70521897638,0.04869833639975381,0.812379213256459,0.09320403566605491,0.12369065667697784,0.0066206316451156,0.02672616042326892,0.04367683266038136,20730.650390625,20652.650390625,20324.69921875,34093285.0,3.161264747588858,20839.349609375,-0.0013681674109785602
2024-04-26,20839.349609375,20941.099609375,20814.5,20926.400390625,66099300,20839.349609375,-0.0013681674109785,-0.1951582470206964,20596.91240234375,20278.9591015625,18410.091015625,20552.08631134919,20240.34847099007,1.0117705606692613,1.027634086394963,1.1319525575233844,55.94376132933432,151.32737560899477,141.86313946509625,9.464236143898518,21040.197785217242,20153.62701947026,0.043043867373347464,0.7734549980634762,0.09388492340096528,0.12280151131644018,-0.0013681674109785,0.022278437691561903,0.04169403578435671,20867.900390625,20730.650390625,20385.19921875,36226825.0,1.824595448262441,20992.19921875,0.0073346631368109705
2024-04-29,20992.19921875,21002.099609375,20847.849609375,20911.099609375,41065400,20992.19921875,0.0073346631368109,0.7572136630731933,20642.13232421875,20299.5730859375,18432.90201171875,20594.001826339743,20269.83281403948,1.0169588533312777,1.0341202314886275,1.1388439652857794,58.81358985616026,168.07980637374567,147.10647284682614,20.973333526919532,21049.833031906564,20234.431616530936,0.03950180158562907,0.929318477904599,0.0954977925380428,0.12354620708688126,0.0073346631368109,0.020284454919409667,0.04502227234074163,20839.349609375,20867.900390625,20574.849609375,36869130.0,1.1138152703901611,20997.19921875,0.00023818371519324089
2024-04-30,20997.19921875,21146.5,20971.849609375,21052.349609375,36823500,20997.19921875,0.0002381837151932,-0.0193713370133218,20679.234765625,20326.0130859375,18455.24826171875,20632.401577997865,20298.356986773226,1.0153760260826263,1.033021042049651,1.137735939445689,56.04546412791462,179.68835120226868,153.62284851791466,26.065502684354016,21073.490901439876,20284.97862981012,0.03813063106863403,0.9032460426607004,0.092916801233328,0.11844233331255079,0.0002381837151932,0.016683032037447587,0.03663506880049905,20992.19921875,20839.349609375,20652.650390625,37386735.0,0.9849348973639982,21083.599609375,0.004114853115640527
2024-05-02,21083.599609375,21126.099609375,21009.349609375,21010.44921875,32855900,21083.599609375,0.0041148531156405,0.4048620226312905,20708.78720703125,20352.0270703125,18477.886005859375,20675.3728190814,20329.150815110548,1.0180991961816328,1.0359459299329277,1.141017949926163,59.56564392391757,193.6279733120573,161.6238734767432,32.00409983531409,21131.690234103822,20285.88417995868,0.04084285794669444,0.9431422552557033,0.0858157538194889,0.11823683911971854,0.0041148531156405,0.01702547735355253,0.02884213070565078,20997.19921875,20992.19921875,20730.650390625,37791715.0,0.8693942574450512,20959.55078125,-0.005883664574517944
2024-05-03,20959.55078125,21208.69921875,20830.650390625,21193.44921875,40630500,20959.55078125,-0.0058836645745179,-0.6893000822602472,20728.27724609375,20372.7720703125,18499.697763671877,20702.437386906982,20353.872382410136,1.0111573929859432,1.0288021045399394,1.1329672002754863,51.44887588928518,192.4471100626106,167.7885207939167,24.658589268693902,21160.036658077028,20296.51783411047,0.041658976947987675,0.7678268599787237,0.08911378799630677,0.11856872716914621,-0.0058836645745179,0.0043919315747824594,0.018950195371844503,21083.599609375,20997.19921875,20867.900390625,38416805.0,1.057623089686922,20864.94921875,-0.004513530060225701
2024-05-06,20864.94921875,21048.94921875,20805.05078125,21044.099609375,30888200,20864.94921875,-0.0045135300602257,-0.5393629305144283,20741.23974609375,20389.3310546875,18520.547255859376,20717.914704225364,20373.914611286207,1.0059644203611093,1.0233268155187052,1.1265838385066576,54.10350620995956,181.78223945335048,170.58726452580345,11.194974927547037,21173.070665471125,20309.408826716375,0.04163983683363785,0.6432383221122452,0.09112308237992021,0.11871051185908896,-0.0045135300602257,0.0012284265034587794,0.012581470652745397,20959.55078125,21083.599609375,20839.349609375,38448280.0,0.8033701377538865,20636.05078125,-0.010970476616080305
2024-05-07,20636.05078125,20914.900390625,20548.80078125,20911.349609375,37453900,20636.05078125,-0.0109704766160803,-1.2459622939060695,20739.809765625,20398.7540625,18540.9030078125,20710.118140132476,20384.19446108871,0.9949971101207026,1.01163290257939,1.1130013879342704,55.54813092040615,153.09527470873581,167.0888665623899,-13.993591853654095,21172.89614840013,20306.72338284987,0.04176377581755113,0.38020982822120536,0.09949583008863092,0.12091372078352507,-0.0109704766160803,-0.0169657516008086,-0.0013839870907264018,20864.94921875,20959.55078125,20992.19921875,38664885.0,0.9686799792628376,20704.900390625,0.0033363752640866995
2024-05-08,20704.900390625,20768.75,20516.25,20586.80078125,27005200,20704.900390625,0.0033363752640866,0.3196712982596185,20739.2998046875,20407.4140625,18561.658759765625,20709.621211607955,20396.771164207785,0.9983413415888455,1.0145773652268688,1.1154660614440925,59.85182636842318,134.3673335659878,160.5445599631095,-26.1772263971217,21172.53269269111,20306.06691668389,0.041778931023087953,0.4602991658580251,0.09984326184255929,0.12059067927447639,0.0033363752640866,-0.013920848446491108,-0.0004923567321580835,20636.05078125,20864.94921875,20997.19921875,38600260.0,0.6996118678993354,20344.80078125,-0.017391999120075496
2024-05-09,20344.80078125,20736.25,20318.900390625,20681.099609375,26295900,20344.80078125,-0.0173919991200754,-1.948685117159723,20715.58486328125,20411.7440625,18580.142763671876,20674.876408716722,20394.733109974146,0.9821012013670698,0.9967203546622462,1.0949754821598252,50.593842318636156,89.43729877676014,146.32310772583963,-56.88580894907949,21181.144966060616,20250.02476050188,0.044947811597109054,0.1017870949230932,0.1153675613699591,0.12600229551528222,-0.0173919991200754,-0.03504139908806114,-0.022781908777237403,20704.900390625,20636.05078125,21083.599609375,38540980.0,0.6822841557220393,20469.099609375,0.006109611465920928
2024-05-10,20469.099609375,20482.05078125,20299.099609375,20398.0,22511100,20469.099609375,0.0061096114659209,0.6231532796884337,20699.5048828125,20415.4470703125,18599.2830078125,20655.278618303226,20397.649443283983,0.9888690442239122,1.0026280364509146,1.1005316495682707,52.388556812393425,63.13205212535104,129.68489660574193,-66.55284448039089,21176.223047975527,20222.786717649473,0.046060827818045,0.25834225515723236,0.1181792841457541,0.1255581250984283,0.0061096114659209,-0.02339988948206595,-0.015468436438393907,20344.80078125,20704.900390625,20959.55078125,38526915.0,0.5842954204872101,20511.0,0.00204700702154037
2024-05-13,20511.0,20540.25,20184.099609375,20471.650390625,24038600,20511.0,0.0020470070215403,0.1785725960356457,20679.294921875,20419.3970703125,18618.718505859375,20641.537797512443,20402.094563155202,0.9918616702111553,1.0044860741662485,1.101633283383339,48.01530397237396,45.145556113562634,112.77702850730607,-67.63147239374344,21151.763731561143,20206.826112188857,0.04569486643244614,0.3218983788716986,0.11600567310842763,0.12559518796589572,0.0020470070215403,-0.01696381884466458,-0.01932562126339421,20469.099609375,20344.80078125,20864.94921875,38442870.0,0.6253071115658119,20683.80078125,0.00842478578567607
2024-05-14,20683.80078125,20709.75,20508.0,20544.349609375,26136600,20683.80078125,0.008424785785676,0.8765084354619262,20676.2099609375,20427.9570703125,18638.310263671876,20645.562843582687,20413.141865825586,1.0003671282274091,1.0125241946640524,1.1097465643956475,50.91427935896118,44.323770493341726,99.0863769045132,-54.762606411171475,21147.66326550007,20204.75665637493,0.045603454932334135,0.5080504476673835,0.11730664523283943,0.12672266789565936,0.008424785785676,0.0023139117317634295,-0.0029741013111277415,20511.0,20469.099609375,20636.05078125,38119830.0,0.6856431416404533,20741.849609375,0.0028064874893602987
2024-05-15,20741.849609375,20811.25,20681.900390625,20744.5,21688100,20741.849609375,0.0028064874893602,0.2616843905081213,20689.36494140625,20436.9370703125,18657.6592578125,20654.733011753386,20426.032365572624,1.0025367945375505,1.0149196789134038,1.111706957596505,50.33259783578138,47.80548291489322,88.83019810658922,-41.024715191696004,21152.223586275853,20226.506296536645,0.04474362999351893,0.5566962165986766,0.10752114856633051,0.12679636315686238,0.0028064874893602,0.0017845639463558438,0.012847444759811921,20683.80078125,20511.0,20704.900390625,37606595.0,0.5767100158895002,20929.05078125,0.009025288265053666
2024-05-16,20929.05078125,20950.55078125,20667.80078125,20846.849609375,24680000,20929.05078125,0.0090252882650536,0.9422228820618566,20714.66748046875,20455.110078125,18677.94451171875,20680.858513610205,20445.75857795213,1.0103493479189751,1.023169794800168,1.1205221628171602,51.76373430094398,64.92195527036165,84.04854953934371,-19.12659426898206,21171.504603239304,20257.830357698196,0.0441075989466179,0.7346386601425441,0.1106596596258443,0.12413305907790048,0.0090252882650536,0.02871741071745726,0.024778474330411804,20741.849609375,20683.80078125,20344.80078125,37283540.0,0.6619543101325679,21064.55078125,0.00647425444260441
2024-05-17,21064.55078125,21078.650390625,20934.44921875,20967.400390625,26742600,21064.55078125,0.0064742544426044,0.6630570473533776,20751.66005859375,20474.600078125,18698.499765625,20717.400634337806,20470.02493886577,1.0150778646996328,1.0288137839505496,1.1265369438875896,56.11794107148492,88.40156232640584,84.91915209675614,3.4824102296497017,21195.16281638783,20308.157300799667,0.04274383413585224,0.8527494667808512,0.10970934854071861,0.12463196612008261,0.0064742544426044,0.02909024740894206,0.03640159957779199,20929.05078125,20741.849609375,20469.099609375,37138855.0,0.7200706645371808,21187.650390625,0.005843922837631688
2024-05-21,21187.650390625,21224.69921875,21068.849609375,21114.650390625,35418000,21187.650390625,0.0058439228376316,0.5940783270021128,20791.7826171875,20491.3570703125,18719.225263671877,20762.18632541278,20498.16711344456,1.0190396264104,1.0339798539415077,1.1318657739400977,55.39697315142214,115.60975250762567,91.05727217893005,24.552480328695623,21240.851228786312,20342.714005588685,0.043196739776181596,0.9407653565756436,0.11058164519864283,0.12212768035458693,0.0058439228376316,0.03298963437301938,0.03936440175364675,21064.55078125,20929.05078125,20511.0,37550605.0,0.9432071733597901,21237.75,0.0023645665494447243
2024-05-22,21237.75,21261.75,21103.19921875,21255.19921875,29683000,21237.75,0.0023645665494447,0.2133239074047496,20824.92763671875,20507.4710546875,18740.892509765625,20807.478103944897,20527.170363897716,1.0198234716817627,1.0356103852769099,1.1332304472123351,56.480887060532005,139.60577060535434,100.76697186421491,38.83879874113943,21303.467645582365,20346.387627855132,0.04595838383801401,0.9313352652170558,0.1071564298823015,0.12195921603821638,0.0023645665494447,0.026781790474996292,0.03221896651545619,21187.650390625,21064.55078125,20683.80078125,37185215.0,0.7982473679391123,21489.55078125,0.011856283328036232
2024-05-23,21489.55078125,21505.25,21249.150390625,21280.05078125,34296400,21489.55078125,0.0118562833280362,1.2520255561221814,20866.77265625,20529.6220703125,18764.01451171875,20872.437406545385,20564.910772421335,1.0298454454485786,1.046758226120764,1.1452533661082527,60.04209187699202,176.90179274054753,115.99393603948144,60.907856701066095,21422.08706258188,20311.45824991812,0.053224752622732546,1.060743713739295,0.11300216182541027,0.12420522441565517,0.0118562833280362,0.03604795068695554,0.04052266294135798,21237.75,21187.650390625,20741.849609375,36453720.0,0.9408203058563022,21483.75,-0.0002699349702117715
2024-05-24,21483.75,21567.44921875,21444.94921875,21483.0,52358500,21483.75,-0.0002699349702117,-0.0749760003830435,20904.42763671875,20551.7060546875,18786.948759765626,20930.65765354106,20600.943683306774,1.0277129024218614,1.0453511714712325,1.1435465266190472,63.772969488495626,203.6436076727914,133.52387036614343,70.11973730664798,21519.76678109338,20289.088492344115,0.05887165676746461,0.9707342028996415,0.11307704553586297,0.12421317770167248,-0.0002699349702117,0.02650379248192891,0.03632783319309518,21489.55078125,21237.75,20929.05078125,37222430.0,1.406638416675107,21493.0,0.0004305579798684622
2024-05-27,21493.0,21613.599609375,21439.150390625,21573.80078125,35971800,21493.0,0.0004305579798684,0.0016806465793246,20935.6826171875,20572.8700390625,18809.538759765626,20984.21406748953,20635.92628396141,1.0266204543220845,1.0447254057985305,1.1426649145684746,67.27646469674262,223.01233894252437,151.42156408141963,71.59077486110473,21604.39645865017,20266.96877572483,0.0638826881062524,0.916708424632402,0.11171078971819368,0.12416523973605187,0.0004305579798684,0.020339822253953477,0.029955079220898906,21483.75,21489.55078125,21064.55078125,33632125.0,1.0695666717461356,21387.349609375,-0.004915572075792074
2024-05-28,21387.349609375,21558.150390625,21345.349609375,21542.5,28460800,21387.349609375,-0.004915572075792,-0.5833593659500461,20963.0826171875,20594.84203125,18831.87951171875,21022.60792862148,20665.39386535018,1.0202387692657207,1.0384808767613984,1.1356991529213016,72.17005001479217,227.21786830408382,166.58082492595247,60.63704337813135,21659.51023564516,20266.654998729842,0.06644324512527841,0.8046023599166667,0.11361248147567549,0.12350778600397719,-0.004915572075792,0.009425264957097834,0.026296406090978497,21493.0,21483.75,21187.650390625,31750200.0,0.896397503007855,21256.30078125,-0.0061273991643899794
2024-05-29,21256.30078125,21356.150390625,21243.19921875,21288.349609375,25281000,21256.30078125,-0.0061273991643899,-0.7159725511354846,20976.2876953125,20616.5400390625,18853.419267578123,21044.86439077658,20688.566685581547,1.013349029628349,1.0310314311215818,1.1274507016244033,65.6951074013615,217.4693837277664,176.75853668631527,40.71084704145113,21684.947797239372,20267.62759338563,0.06756773288203889,0.6975651551254515,0.11421264807783123,0.12360837938979309,-0.0061273991643899,0.0008734814775577249,0.012580938268921704,21387.349609375,21493.0,21237.75,30960980.0,0.8165439207673659,21038.55078125,-0.01024402139586189
2024-05-30,21038.55078125,21262.849609375,20983.94921875,21201.80078125,35289300,21038.55078125,-0.0102440213958618,-1.1664645325883092,20978.3552734375,20644.3850390625,18873.317021484374,21044.26309463119,20702.29155207835,1.0028694102577582,1.019093121032265,1.114724600731331,71.48830726281503,189.9830281910181,179.40343498725585,10.579593203762244,21687.51338330718,20269.19716356782,0.06760855182651739,0.5424415281826352,0.12059633565476102,0.11014944489123212,-0.0102440213958618,-0.020986944054386947,0.001969384681699493,21256.30078125,21387.349609375,21489.55078125,30884270.0,1.1426302127264139,21103.30078125,0.003077683471320869
2024-05-31,21103.30078125,21177.25,21003.0,21129.349609375,64228200,21103.30078125,0.0030776834713208,0.2913620262992925,20979.34033203125,20668.1240625,18893.5777734375,21049.885731452032,20718.017404202732,1.005908691467743,1.0210554531913025,1.1169563030523075,70.39624023343438,171.44832766289983,177.81241352238465,-6.364085859484817,21689.16839433161,20269.51226973089,0.06766924517798686,0.5873172362448172,0.12019685599838541,0.10654186001754819,0.0030776834713208,-0.017708696980275773,0.0009344311332035726,21038.55078125,21256.30078125,21483.75,32452885.0,1.9791214247978262,21797.400390625,0.032890570843386646
2024-06-03,21797.400390625,21926.599609375,21629.30078125,21926.599609375,52059200,21797.400390625,0.0328905708433866,3.5538587893966667,21021.2328125,20707.5680859375,18918.270029296877,21121.077603754216,20760.34614876831,1.0369230284944784,1.052629661781849,1.152187824619772,79.14495815188396,210.34278095809714,184.31848700952713,26.024293948570005,21819.526579215242,20222.939045784755,0.07595118457948012,0.9861415749979663,0.1651149637614914,0.12730902437922398,0.0328905708433866,0.014162768837528539,0.039974597648558596,21103.30078125,21038.55078125,21493.0,33024320.0,1.5763897636650808,20323.849609375,-0.06760213396290005
2024-06-04,20323.849609375,21753.349609375,19624.25,21753.349609375,92929300,20323.849609375,-0.0676021339629,-7.443302272319462,20994.17783203125,20717.1830859375,18936.0277734375,21045.151128099053,20743.228637419554,0.9680707561868168,0.981014142949314,1.0732900190336785,44.86905575239746,120.87036402746526,171.62886241311475,-50.75849838564949,21849.41873823994,20138.936925822563,0.08147410325388295,0.10810561223740614,0.2972118033500511,0.20145384092107482,-0.0676021339629,-0.04972565649433358,-0.025933425655728315,21797.400390625,21103.30078125,21387.349609375,36126375.0,2.5723394611277772,21054.400390625,0.035945492379209965
2024-06-05,21054.400390625,21092.150390625,20116.599609375,20570.75,55213500,21054.400390625,0.0359454923792099,3.8881662819167855,21015.0953125,20746.060078125,18956.84677734375,21046.03201024438,20755.43145127075,1.0018703259509663,1.01486259614302,1.1106488667613295,53.738509455310485,107.6710072267997,158.83729137585175,-51.166284149052046,21853.759254810906,20176.431370189097,0.07981538316526392,0.5234331513145608,0.3222372391853625,0.21450908968718566,0.0359454923792099,-0.009498378513870809,0.020272755374061813,20323.849609375,21797.400390625,21256.30078125,37014355.0,1.4916780259982918,21365.0,0.014752241983262637
2024-06-06,21365.0,21462.80078125,21193.19921875,21253.69921875,38366900,21365.0,0.0147522419832626,1.5689373540580185,21048.10029296875,20780.7190625,18978.890029296876,21076.409914030628,20779.336100240525,1.0150559766734442,1.0281164927807704,1.125724421555728,55.06499447658379,120.87978760688566,151.24579062205854,-30.36600301517288,21887.319549771015,20208.881036166484,0.07974299296574258,0.6888062651458133,0.3257677021940131,0.21655366463757847,0.0147522419832626,0.01551671605826277,0.03188132262997456,21054.400390625,20323.849609375,21038.55078125,37582440.0,1.0208730460289432,21764.150390625,0.018682442809501598
2024-06-07,21764.150390625,21781.349609375,21333.5,21390.19921875,37282200,21764.150390625,0.0186824428095015,1.9990287878029265,21119.0677734375,20818.0540625,19002.96453125,21141.909007039616,20817.956268490896,1.0305450327688637,1.0454459540399226,1.145302900230871,57.65895329580638,161.6920565288092,153.33504380340867,8.357012725400523,21947.85794282899,20290.27760404601,0.07848738195100272,0.8891712528758886,0.3227701749513997,0.21829642306164387,0.0186824428095015,0.031314987936017946,0.06976473373399106,21365.0,21054.400390625,21103.30078125,38131755.0,0.977720537646379,21808.25,0.0020262499837344627
2024-06-10,21808.25,21930.5,21758.30078125,21844.30078125,37085600,21808.25,0.0020262499837344,0.176301102912282,21186.02529296875,20854.3270703125,19026.986533203126,21205.370053988223,20856.79131678537,1.0293695819969475,1.0457422062323685,1.1461746694329875,56.91367861636872,195.34275393597272,161.7365858299215,33.60616810605123,22010.08325935847,20361.967326579026,0.07779259724221826,0.8775369770141296,0.3226709261326484,0.21818899468121744,0.0020262499837344,0.0004977478589449635,0.06542302378613951,21764.150390625,21365.0,21797.400390625,38860480.0,0.9543268636928829,21852.0,0.0020061215365745344
2024-06-11,21852.0,21961.44921875,21782.349609375,21856.349609375,44745100,21852.0,0.0020061215365745,0.1740983979918933,21253.07529296875,20891.2620703125,19051.54728515625,21266.953858370296,20895.81910828398,1.0281806138064826,1.0459875485958676,1.1469934527063679,56.85263658800705,222.97116069159893,173.983500802257,48.98765988934193,22063.992757925585,20442.157828011917,0.07631060011584066,0.869288326440386,0.32267318960240027,0.21816892985620942,0.0020061215365745,0.07519000681446175,0.06537955243527871,21808.25,21764.150390625,20323.849609375,39895805.0,1.1215489949381896,21960.94921875,0.004985777903624422
2024-06-12,21960.94921875,22023.900390625,21904.69921875,21935.19921875,35472600,21960.94921875,0.0049857779036244,0.5001694400658415,21316.93271484375,20928.7250390625,19077.051279296877,21333.048654596936,20937.58891653755,1.0302114995867955,1.0493209298588853,1.1511710534941444,55.43210921277345,250.76747220165635,189.3402950821369,61.427177119519456,22140.147914649082,20493.71751503842,0.07723580224391827,0.8911592643440324,0.3221895470810077,0.21822332617983967,0.0049857779036244,0.04305745171107622,0.06174631302085176,21852.0,21808.25,21054.400390625,40362605.0,0.878848131828954,22074.30078125,0.005161505605742356
2024-06-13,22074.30078125,22120.80078125,21992.150390625,22120.75,31190000,22074.30078125,0.0051615056057423,0.5193997498372958,21383.5552734375,20965.108046875,19103.295029296874,21403.644095230564,20982.165852408627,1.0323026502833483,1.0529066071061977,1.155523209341466,56.640549161434826,278.7297500548193,207.2181860766734,71.51156397814592,22226.24645283334,20540.864094041663,0.0788167513418673,0.9098449851503213,0.3222597939434586,0.21785710608717607,0.0051615056057423,0.033199194067399906,0.06423974703166069,21960.94921875,21852.0,21365.0,40837700.0,0.7637550596630075,22214.30078125,0.006342216742779794
2024-06-14,22214.30078125,22229.400390625,22054.150390625,22148.25,34231400,22214.30078125,0.0063422167427797,0.6486078407767526,21447.8177734375,20999.543046875,19130.101279296876,21480.84949389908,21030.484869225937,1.0357371092905203,1.057846865127657,1.1612223300297386,57.87910622116487,308.6292013636521,227.50038913406917,81.12881222958293,22339.18932458266,20556.446222292336,0.08312002279775606,0.9299458552535447,0.32176994161630784,0.2169321865838684,0.0063422167427797,0.02068311340188611,0.06140985625355899,22074.30078125,21960.94921875,21764.150390625,41315270.0,0.8285411180902363,22329.599609375,0.005190297424185308
2024-06-18,22329.599609375,22338.150390625,22253.349609375,22323.55078125,32391200,22329.599609375,0.0051902974241853,0.5225505085444793,21511.07021484375,21034.7400390625,19157.73802734375,21561.68283823012,21081.430545310217,1.0380515421295229,1.0615581446648679,1.165565557765957,60.27098791645113,337.7351828222709,249.54734787170952,88.18783495056135,22465.25309397385,20556.887335713647,0.08871551899557481,0.9289164123739834,0.32162805659395,0.21702516371426908,0.0051902974241853,0.023906072673185674,0.06005581800733428,22214.30078125,22074.30078125,21808.25,41597700.0,0.7786776672748734,22224.900390625,-0.004688808603000805
2024-06-19,22224.900390625,22406.30078125,22127.25,22406.30078125,52210600,22224.900390625,-0.0046888086030008,-0.558544087686746,21562.93271484375,21067.1240625,19185.074033203124,21624.84641464868,21126.272500028444,1.0306993341089246,1.0549565438875386,1.1584474655745882,60.61921339648985,348.33810602691665,269.30549950275093,79.03260652416571,22555.0985914095,20570.766838278003,0.09202513310100006,0.833597280160314,0.32261639461609337,0.21750398244618138,-0.0046888086030008,0.01706481743661903,0.04895540472288307,22329.599609375,22214.30078125,21852.0,42437330.0,1.230298890151666,22305.099609375,0.003608529952459527
2024-06-20,22305.099609375,22333.599609375,22182.19921875,22293.55078125,34702700,22305.099609375,0.0036085299524595,0.3494538476248328,21616.3001953125,21099.933046875,19212.33927734375,21689.63243319404,21172.501014120466,1.031864815340225,1.0571170799368241,1.1609778115712541,64.31759943563523,359.0732330416431,287.2590462105294,71.81418683111372,22648.821227933797,20583.7791626912,0.09553170739599119,0.8335522436346832,0.3226349194678482,0.21753260797731486,0.0036085299524595,0.015671016184089614,0.0502571887028993,22224.900390625,22329.599609375,21960.94921875,42688315.0,0.8129320634932533,22236.19921875,-0.0030889972173018254
2024-06-21,22236.19921875,22393.30078125,22186.19921875,22392.599609375,48207200,22236.19921875,-0.0030889972173018,-0.3834728373824323,21653.6326171875,21130.3550390625,19238.9940234375,21741.6864127708,21214.21466920398,1.0269038739070546,1.0523343870769417,1.1557880412905799,62.79475331361174,357.895614977213,301.38635996386614,56.50925501334683,22720.285886373338,20586.979348001663,0.09851956833692058,0.7730815244237669,0.32134097020640934,0.21777974631394872,-0.0030889972173018,0.007334249863874209,0.034744720590039746,22305.099609375,22224.900390625,22074.30078125,43383855.0,1.1111783404217999,22289.099609375,0.0023790212573915337
2024-06-24,22289.099609375,22309.099609375,22073.650390625,22150.650390625,32202800,22289.099609375,0.0023790212573915,0.2149057212458394,21693.90009765625,21159.7550390625,19265.688271484374,21793.821002923578,21256.36701979892,1.0274362613010768,1.0533722894347144,1.1569324332090254,56.493650537958025,357.1143714155951,312.5319622542119,44.58240916138317,22793.836696693168,20593.96349861933,0.10140515021139074,0.7705608269781751,0.3212403865762932,0.217641595380347,0.0023790212573915,0.003367147535345172,0.03748645415139351,22236.19921875,22305.099609375,22214.30078125,42376070.0,0.7599288938308815,22370.650390625,0.003658774139790655
2024-06-25,22370.650390625,22391.75,22287.099609375,22349.75,26474200,22370.650390625,0.0036587741397906,0.3549521912265952,21737.7826171875,21191.3540625,19292.890771484374,21848.75713508562,21300.06440689014,1.0291137226175548,1.0556498808262504,1.1595281731283977,92.74855432798726,358.93808198509214,321.813186200388,37.124895784704165,22873.42100277705,20602.144231597948,0.10448520951640938,0.7786396539018793,0.32123017306600243,0.21759859741034665,0.0036587741397906,0.001838402029956887,0.04083424327106511,22289.099609375,22236.19921875,22329.599609375,41901190.0,0.6318245376801948,22436.80078125,0.002957016871209195
2024-06-26,22436.80078125,22464.849609375,22309.5,22379.5,38300800,22436.80078125,0.0029570168712091,0.2781571868161108,21790.25517578125,21221.78609375,19320.97052734375,21904.76129186318,21344.642303923858,1.0296713186813595,1.0572531775663232,1.1612667567344308,89.96301754194279,361.55340681748567,329.7612303238076,31.792176493678085,22954.341426070423,20626.16892549208,0.10684466436014398,0.7777051980930804,0.3201302461463169,0.21738763981255377,0.0029570168712091,0.009534368519122038,0.04906878089349509,22370.650390625,22289.099609375,22224.900390625,42393190.0,0.9034658632671898,22537.400390625,0.004483687775089118
2024-06-27,22537.400390625,22571.650390625,22395.900390625,22459.900390625,42989900,22537.400390625,0.0044836877750891,0.4452244963344129,21854.31015625,21257.6241015625,19349.281025390625,21965.012634602397,21391.417130853315,1.0312565452531406,1.0602031667766876,1.1647668128366548,88.57596380543946,367.50722380933075,337.31042902091224,30.196794788418515,23035.546587612997,20673.073724887006,0.10810100368463246,0.7891420448258657,0.3185071055281144,0.21635997775434787,0.0044836877750891,0.010414693739021041,0.06026917018905986,22436.80078125,22370.650390625,22305.099609375,43278635.0,0.9933284633399366,22559.69921875,0.0009894143840243341
2024-06-28,22559.69921875,22673.650390625,22537.69921875,22592.25,43007900,22559.69921875,0.0009894143840243,0.0628376618942231,21930.367578125,21299.2430859375,19377.443017578124,22021.649452140264,21437.2321146924,1.0286968122345903,1.0591784472211923,1.164224774047077,84.80858402150807,369.7626026270518,343.80086374214017,25.961738884911654,23086.056791524694,20774.678364725303,0.10539624648630277,0.7722754670232328,0.31472638174317336,0.2137691532641885,0.0009894143840243,0.0145483495995673,0.07230290970686437,22537.400390625,22436.80078125,22236.19921875,43664565.0,0.9849611464124285,22727.599609375,0.007442492428509473
2024-07-01,22727.599609375,22739.69921875,22570.400390625,22580.400390625,0,22727.599609375,0.0074424924285094,0.7690136846793887,22011.58251953125,21345.335078125,19406.23626953125,22088.882800448337,21487.8347615427,1.032529105492911,1.0647572186705359,1.1711492787016333,86.2934925577186,380.7095818346461,351.1826073606413,29.52697447400476,23150.72397753284,20872.44106152966,0.10350382186203654,0.8142792691871,0.31499539344610605,0.2138254851054771,0.0074424924285094,0.01967329356882419,0.07696894646775676,22559.69921875,22537.400390625,22289.099609375,40453155.0,0.0,22677.80078125,-0.002191116923076164
2024-07-02,22677.80078125,22810.650390625,22592.19921875,22806.30078125,0,22677.80078125,-0.0021911169230761,-0.2852156133503556,22055.6025390625,21392.397109375,19435.00376953125,22144.970227191352,21534.50009564887,1.0282104395509273,1.060086939546933,1.1668534284929013,82.44547784491157,380.9751481231069,357.1411155131345,23.83403260997244,23227.46772233318,20883.73735579182,0.10626462652245787,0.7654734738556606,0.2962374519205842,0.213461929897329,-0.0021911169230761,0.013730060827990886,0.04039015547026681,22727.599609375,22559.69921875,22370.650390625,37850195.0,0.0,22851.19921875,0.007646175181297288
2024-07-03,22851.19921875,22871.650390625,22764.099609375,22820.55078125,0,22851.19921875,0.0076461751812972,0.7913031836257955,22181.97001953125,21441.717109375,19463.88701171875,22212.230131149317,21586.135355378326,1.0301699622995384,1.0657355053322073,1.174030613977148,83.291652544967,390.67396973801806,363.8476863581112,26.82628337990684,23080.817714810604,21283.122324251897,0.08104308990480796,0.8722706320173002,0.14095467774554518,0.21379702456000554,0.0076461751812972,0.018469586708917296,0.1243538826526831,22677.80078125,22727.599609375,22436.80078125,33203730.0,0.0,22914.19921875,0.002756966905627767
2024-07-04,22914.19921875,22962.80078125,22866.69921875,22937.599609375,30704400,22914.19921875,0.0027569669056277,0.256265232607788,22274.9599609375,21488.5041015625,19492.55326171875,22279.08432996843,21638.216291196826,1.028697661362063,1.0663468760063124,1.1755360578519485,82.63781368119585,398.84627761593583,370.8474046096761,27.998873006259714,23060.280257621034,21489.639664253966,0.07051148895986134,0.9069927012654249,0.08548928804926706,0.21321067027443008,0.0027569669056277,0.01671882389247248,0.08833302272303722,22851.19921875,22677.80078125,22537.400390625,31978275.0,0.9601643615861081,22987.650390625,0.0032054871817164265
2024-07-05,22987.650390625,23011.80078125,22838.19921875,22878.5,41259000,22987.650390625,0.0032054871817164,0.3053478971166232,22356.09248046875,21535.2041015625,19521.231015625,22346.566811935725,21691.13527548813,1.0282499238499754,1.0674452065656121,1.177571761341559,81.69085102713147,406.5631789505933,377.9905594778596,28.572619472733663,23078.32711989934,21633.85784103816,0.06461188511020276,0.9372248821056508,0.07598101932958252,0.21319326576057623,0.0032054871817164,0.018969719752261582,0.075949000263281,22914.19921875,22851.19921875,22559.69921875,32122880.0,1.284411609419828,22971.150390625,-0.0007177767070413177
2024-07-08,22971.150390625,23040.75,22897.94921875,23029.349609375,37034300,22971.150390625,-0.0007177767070413,-0.1239844106907051,22416.44248046875,21580.0141015625,19549.66376953125,22406.05096228708,21741.33194666997,1.024745581759441,1.064464104727428,1.1750151133763356,78.60623900412197,406.6597463330072,383.72439684888917,22.935349484118035,23132.09705731814,21700.787903619363,0.06385086103407357,0.8875528279281168,0.05285502330884422,0.21326484413626484,-0.0007177767070413,0.010716080247627158,0.05545817219310889,22987.650390625,22914.19921875,22727.599609375,32110485.0,1.1533397891685535,23067.349609375,0.004187827649644538
2024-07-09,23067.349609375,23082.349609375,22974.94921875,23035.05078125,32561800,23067.349609375,0.0041878276496445,0.4128478033443556,22479.3974609375,21624.0030859375,19578.073017578125,22469.031785819265,21793.332639325068,1.0261551560471844,1.066747424965738,1.1782236989648591,87.85105777929348,409.775117187226,388.93454091655656,20.84057627066943,23191.293728415298,21767.501193459702,0.06333766451835106,0.9129479077897567,0.053042014174082594,0.2130721119254795,0.0041878276496445,0.01717753991591109,0.057735013555649806,22971.150390625,22987.650390625,22677.80078125,31884295.0,1.02124886248857,22977.650390625,-0.0038885793239785693
2024-07-10,22977.650390625,23125.30078125,22685.650390625,23124.150390625,32958800,22977.650390625,-0.0038885793239785,-0.4709730517128196,22535.67998046875,21666.7691015625,19605.5240234375,22517.47165294362,21839.77647270938,1.0196120290374773,1.0605019273024867,1.1719987878496019,79.9617849016028,400.3906396691709,391.22576066707944,9.164879002091482,23216.013702323045,21855.346258614456,0.060378361996966314,0.8248188322569141,0.0581194290452723,0.21335780287011,-0.0038885793239785,0.0055336777148764504,0.0515124652491763,23067.349609375,22971.150390625,22851.19921875,31294980.0,1.0531657153958878,23005.25,0.0012011502005557784
2024-07-11,23005.25,23063.099609375,22904.30078125,23059.94921875,33766300,23005.25,0.0012011502005557,0.0860084271892637,22587.89501953125,21707.0301171875,19632.283525390623,22563.926733615655,21885.48131691686,1.0184769311220843,1.059806425651226,1.1718071395131946,85.56972408000534,390.6769507414174,391.1159986819471,-0.4390479405296901,23242.306562486705,21933.483476575795,0.0579435615748675,0.818878070658008,0.057540402945167164,0.21301993753330958,0.0012011502005557,0.003973552834239724,0.04755262492745027,22977.650390625,23067.349609375,22914.19921875,31209665.0,1.0819180532697164,23095.44921875,0.003920810195498836
2024-07-12,23095.44921875,23189.400390625,23021.400390625,23086.25,35369700,23095.44921875,0.0039208101954988,0.3836274340131683,22638.95244140625,21748.9951171875,19660.458017578127,22614.54792267607,21932.931038557377,1.0201642182219008,1.0619087959837943,1.1747157262613463,86.05099957453756,385.80973098899995,390.05474514335765,-4.245014154357705,23283.917350750668,21993.987532061834,0.05697833510748127,0.8538927240296744,0.056896077439964284,0.2130305675311747,0.0039208101954988,0.004689423507544088,0.0462596051226849,23005.25,22977.650390625,22987.650390625,31418650.0,1.1257549258163544,23209.849609375,0.004953373694594587
2024-07-15,23209.849609375,23234.30078125,23081.30078125,23188.80078125,34314300,23209.849609375,0.0049533736945945,0.496623368672246,22688.7298828125,21791.5201171875,19688.873515625,22671.2433214093,21983.006276628657,1.022968219431149,1.0650863035052258,1.178830753875064,86.44903734464235,386.7256471759756,389.38892554988126,-2.663278373905655,23349.18306188834,22028.276703736658,0.05821861183830551,0.8945167826209871,0.055780225230103675,0.21308175547332123,0.0049533736945945,0.010391260981314154,0.04481567247731211,23095.44921875,23005.25,22971.150390625,31422795.0,1.0920193445554414,23204.25,-0.00024126004559454906
2024-07-16,23204.25,23288.05078125,23181.349609375,23258.19921875,34335200,23204.25,-0.0002412600455945,-0.0718380336514681,22732.46240234375,21836.4141015625,19716.877265625,22722.005862227463,22030.898187349103,1.0207539152295093,1.0626401336810893,1.1768724675511872,85.18328826380151,382.58942296006717,388.0290250319185,-5.439602071851311,23408.437827146783,22056.486977540717,0.05947225714828934,0.8489680100373999,0.05524815043032178,0.2123816583955577,-0.0002412600455945,0.0059348123188527335,0.03916999883230243,23209.849609375,23095.44921875,23067.349609375,31519995.0,1.089314893609596,23210.05078125,0.0002499878793755794
2024-07-18,23210.05078125,23233.849609375,22993.55078125,23167.650390625,35622300,23210.05078125,0.0002499878793755,-0.0180795786218809,22781.719921875,21883.3161328125,19744.598515625,22768.4863307058,22077.139465541295,1.018801515462567,1.0606276781994735,1.1755139393126983,83.7728218583834,375.4515384124461,385.51352770802407,-10.061989295577973,23445.42936690786,22118.010476842137,0.05826684265357328,0.8226794967133322,0.04992740107994851,0.21188440683250048,0.0002499878793755,0.010114192995112292,0.04432642546468113,23204.25,23209.849609375,22977.650390625,30690580.0,1.1606916519661734,22853.599609375,-0.015357621369917696
2024-07-19,22853.599609375,23232.5,22833.0,23232.5,30218600,22853.599609375,-0.0153576213699176,-1.7260582128288782,22809.144921875,21927.667109375,19770.798515625,22776.592357245725,22107.58888294654,1.0019489852711387,1.042226676252492,1.1559269895605704,61.048903090439225,337.1456773960781,375.8399576456349,-38.69428024955681,23434.13009811355,22184.159745636447,0.05480128065994575,0.5355645935212533,0.07939941915380874,0.21351182743088482,-0.0153576213699176,-0.0065919905510698484,0.024590789084369735,23210.05078125,23204.25,23005.25,30466375.0,0.9918672634995138,22942.650390625,0.0038965757155153824
2024-07-22,22942.650390625,23001.05078125,22667.75,22761.5,29609000,22942.650390625,0.0038965757155153,0.3809753959359894,22844.46748046875,21972.422109375,19798.26501953125,22792.407408043753,22140.33639305158,1.0042978857020937,1.044156637644242,1.1588212587310946,58.594135387456525,310.39561296848115,362.75108871020416,-52.35547574172301,23410.149928770617,22278.78503216688,0.049524678024163424,0.5867827086118731,0.07822596317011736,0.2135317560414978,0.0038965757155153,-0.006615971253806641,0.03177032031981919,22853.599609375,23210.05078125,23095.44921875,29536465.0,1.0024557779680134,22865.19921875,-0.0033758598312010335
2024-07-23,22865.19921875,23031.94921875,22307.19921875,23022.80078125,45631600,22865.19921875,-0.003375859831201,-0.4148649108042348,22873.2724609375,22022.830078125,19826.073515625,22799.339961444348,22168.762386216225,0.9996470447243049,1.0382498133816922,1.153289338947011,57.32711616350323,279.7218722791258,346.1452454239885,-66.4233731448627,23374.92988194314,22371.61503993186,0.04386407077188775,0.4919534309172502,0.08008810921492765,0.2092112400351927,-0.003375859831201,-0.014849315976859567,0.02584669724086508,22942.650390625,22853.599609375,23209.849609375,30207905.0,1.5105847293945078,22921.44921875,0.0024600704092652137
2024-07-24,22921.44921875,22965.44921875,22816.75,22856.849609375,31512400,22921.44921875,0.0024600704092652,0.2237751270279653,22900.81240234375,22071.8770703125,19854.3767578125,22810.969414521078,22198.279516903825,1.0009011390532214,1.0384911598470348,1.1544784053586894,53.023710164367046,256.9892051033785,328.3140373598665,-71.32483225648804,23343.271769544506,22458.35303514299,0.0386413686490402,0.5233205780411974,0.07972988121752829,0.20904108261877208,0.0024600704092652,-0.012187456231078309,0.024621493720889953,22865.19921875,22942.650390625,23204.25,30459815.0,1.0345565132289871,22917.25,-0.00018320040368846602
2024-07-25,22917.25,22938.650390625,22732.19921875,22753.19921875,34439400,22917.25,-0.0001832004036884,-0.0654844258502099,22924.83486328125,22120.0020703125,19882.60025390625,22821.091375042877,22226.47443780956,0.9996691420755489,1.0360419464317092,1.1526284141581302,50.13831332065421,235.91507855424788,309.8342455987428,-73.91916704449494,23309.633025747957,22540.03670081454,0.03357041957000295,0.490144361354123,0.07960625713404898,0.20911778673422138,-0.0001832004036884,-0.012615258105619365,0.021413445857731306,22921.44921875,22865.19921875,23210.05078125,30266745.0,1.1378626938575656,23292.05078125,0.016354526884770237
2024-07-26,23292.05078125,23306.75,22965.5,22970.400390625,34525200,23292.05078125,0.0163545268847702,1.7442792872122814,22962.5673828125,22172.1670703125,19912.6767578125,22865.944651824506,22268.26174539546,1.0143487177607204,1.0505085365533338,1.169709681151312,60.83891669886252,246.6141576419177,297.1902280073778,-50.57607036546011,23335.210268705887,22589.924496919113,0.03245655241254026,0.9420900155475169,0.09584902282156368,0.21105943469723365,0.0163545268847702,0.01918521280538843,0.03348435833526375,22917.25,22921.44921875,22853.599609375,29843510.0,1.1568746437667687,23394.19921875,0.004385549321497706
2024-07-29,23394.19921875,23496.400390625,23326.05078125,23423.150390625,36107300,23394.19921875,0.0043855493214977,0.4344849667081291,23004.2923828125,22225.2140625,19942.939755859374,22916.254610579315,22312.416156115243,1.0169493079573626,1.0525972507154564,1.1730567060393702,64.19770242059855,260.33480256654,289.81914291921026,-29.484340352670245,23373.867300397473,22634.717465227524,0.03213095290521377,1.0275071675377225,0.09628840127374791,0.21110228565761582,0.0043855493214977,0.019681633134658094,0.036990741406092154,23292.05078125,22917.25,22942.650390625,29498480.0,1.224039340332112,23440.900390625,0.001996271444827613
2024-07-30,23440.900390625,23530.0,23381.349609375,23421.19921875,29987100,23440.900390625,0.0019962714448276,0.1730204784989074,23039.957421875,22275.4510546875,19974.29201171875,22966.22087534557,22356.670439821508,1.0174020707334004,1.0523198983973998,1.173553504518329,62.96734738094087,271.8432668300811,286.2239677013845,-14.380700871303361,23433.967695585456,22645.94714816454,0.034202343910267115,1.0087976069421354,0.09399534550681865,0.21057368000345456,0.0019962714448276,0.02517805186682609,0.031384782973551184,23394.19921875,23292.05078125,22865.19921875,30997835.0,0.9673933679561815,23530.80078125,0.0038351935773317525
2024-07-31,23530.80078125,23556.0,23459.599609375,23495.849609375,32149100,23530.80078125,0.0038351935773317,0.3742581992875451,23082.607421875,22324.7760546875,20005.483017578124,23019.990390193612,22402.71476693635,1.0194169294301758,1.054021806248277,1.176217577979712,69.19924128447872,284.9334820513177,285.96587057137117,-1.0323885200534733,23495.75930578399,22669.45553796601,0.035797678863388395,1.042407498101455,0.09323411154716807,0.2103916037028843,0.0038351935773317,0.02658433839347052,0.03761387659359183,23440.900390625,23394.19921875,22921.44921875,32605290.0,0.9860087120832233,23506.599609375,-0.0010284890896821164
2024-08-01,23506.599609375,23637.75,23429.55078125,23608.849609375,29214900,23506.599609375,-0.0010284890896821,-0.1579864223029617,23115.37744140625,22371.1550390625,20036.744013671876,23066.334125353744,22446.004368600614,1.0169247579435134,1.0507548478534026,1.1731746232489422,67.44244199966103,290.0116656556893,286.7750295882348,3.2366360674544694,23554.405293556953,22676.349589255547,0.037985782690639444,0.9455550667814031,0.09116081364685187,0.21036274261030058,-0.0010284890896821,0.025716419263873247,0.02868122518870808,23530.80078125,23440.900390625,22917.25,34066035.0,0.8575961364449958,23259.44921875,-0.010514085181696387
2024-08-02,23259.44921875,23395.099609375,23225.650390625,23296.099609375,30923600,23259.44921875,-0.0105140851816963,-1.1960182694041677,23132.63994140625,22411.5890234375,20067.42576171875,23084.72603901053,22477.904166645687,1.0054818333603492,1.037831328890862,1.1590649191846247,55.143950735993606,270.9696226103333,283.6139481926545,-12.644325582321187,23565.46785973679,22699.812023075712,0.03742140278211652,0.6464892535493311,0.10031188884209918,0.21227876061029602,-0.0105140851816963,-0.0013996862193965676,0.015067076824464953,23506.599609375,23530.80078125,23292.05078125,34076995.0,0.9074626445201521,22542.44921875,-0.030826181362111016
2024-08-05,22542.44921875,22868.349609375,22397.69921875,22772.55078125,40193400,22542.44921875,-0.030826181362111,-3.418820348696142,23110.3798828125,22432.6469921875,20094.15900390625,23033.080627557145,22480.435345159585,0.9754252994999499,1.0048947512346955,1.1218408899007821,34.80905795500762,195.76608891257274,266.04437633663815,-70.27828742406541,23614.52229122545,22606.23747439955,0.043629088831020554,-0.06326412397073779,0.14984629433109714,0.22333233453291498,-0.030826181362111,-0.03640859821854214,-0.019366971582992498,23259.44921875,23506.599609375,23394.19921875,34023715.0,1.1813348424767842,22443.30078125,-0.0043982992503552865
2024-08-06,22443.30078125,22910.75,22406.05078125,22696.94921875,27000600,22443.30078125,-0.0043982992503552,-0.5267529427759188,23083.98740234375,22451.8380078125,20119.907509765624,22976.911118385036,22478.979087751366,0.9722454093425514,0.9996197537787539,1.1154773335989079,33.38723019568371,126.70571178284445,238.17664342587943,-111.47093164303499,23667.792770695534,22500.18203399197,0.05058098136827807,-0.04871593841497965,0.1503443627173692,0.22365047042697167,-0.0043982992503552,-0.04255807553254154,-0.022978806041443423,22542.44921875,23259.44921875,23440.900390625,33522030.0,0.8054583806529616,22848.900390625,0.01807219059835674
2024-08-07,22848.900390625,22870.849609375,22650.80078125,22773.44921875,24591600,22848.900390625,0.0180721905983567,1.932247404346636,23073.06494140625,22478.956015625,20148.513515625,22964.71962050313,22493.485805511118,0.990284578518263,1.0164573646010453,1.1340241240578801,43.28729905510515,103.51016336316752,211.24334741333706,-107.73318405016954,23666.279103039047,22479.850779773453,0.051420490787784906,0.31105933971252686,0.1642764929128267,0.22691322846207249,0.0180721905983567,-0.02897905587507066,-0.009470061469966984,22443.30078125,22542.44921875,23530.80078125,33123520.0,0.742421095342524,22705.69921875,-0.00626731131156566
2024-08-08,22705.69921875,22905.599609375,22676.0,22842.0,24382600,22705.69921875,-0.0062673113115656,-0.7312834776345516,23059.4673828125,22505.3230078125,20175.525263671876,22940.051010812356,22501.807900147935,0.9846584416634798,1.008903503000954,1.1254080834085625,47.01428804592535,72.73395458435334,183.54146884754033,-110.80751426318699,23673.975352544698,22444.959413080305,0.053297672451029496,0.21215331493838357,0.1651564354240968,0.2271246488072338,-0.0062673113115656,-0.03407129929186281,-0.011835464777806726,22848.900390625,22443.30078125,23506.599609375,32694710.0,0.745765905248892,22923.5,0.00959233975363083
2024-08-09,22923.5,22982.44921875,22869.400390625,22948.150390625,21118900,22923.5,0.0095923397536308,1.0042767053935064,23055.3798828125,22538.6669921875,20203.106015625,22938.474724068325,22518.34484524017,0.9942798651124888,1.0170743464085916,1.1346522649671322,49.632508097298384,65.16708461993403,159.86659200201908,-94.69950738208505,23672.488363350338,22438.271402274662,0.05353270982083082,0.39314692070188867,0.16897378331335888,0.22722289098597245,0.0095923397536308,-0.01444355864106972,-0.003553536692711412,22705.69921875,22848.900390625,23259.44921875,32062340.0,0.6586824292924347,22915.849609375,-0.00033373571335093555
2024-08-12,22915.849609375,22993.25,22753.75,22862.900390625,25324300,22915.849609375,-0.0003337357133509,-0.0819578708532538,23046.39990234375,22576.21296875,20230.586767578126,22936.319951240388,22533.933267363107,0.9943353281414042,1.015044004107116,1.1327328204884457,50.998725260731824,57.885692835901864,139.47041216879563,-81.58471933289377,23666.274084672517,22426.525720014983,0.053793580338393855,0.39469613617501514,0.16829662222186922,0.22564693621495416,-0.0003337357133509,0.016564322137384124,-0.007776406844218986,22923.5,22705.69921875,22542.44921875,31560070.0,0.8024158374807153,22705.80078125,-0.009166093847948309
2024-08-13,22705.80078125,22962.75,22684.44921875,22952.69921875,27582500,22705.80078125,-0.0091660938479483,-1.048504299752335,23021.1974609375,22608.26296875,20257.1640234375,22914.365744574636,22540.673169868478,0.9862997274480327,1.0043142550418322,1.1208775697812108,45.990995243215814,34.76520081466879,118.52936989797027,-83.76416908330148,23653.94380615997,22388.45111571503,0.05497075869281686,0.2507716306311823,0.16986590556315395,0.22696402314497024,-0.0091660938479483,0.01169614053469803,-0.021717022583438106,22915.849609375,22923.5,22443.30078125,31223480.0,0.8833896798178806,22672.650390625,-0.0014599965420455385
2024-08-14,22672.650390625,22778.94921875,22599.94921875,22765.650390625,23576200,22672.650390625,-0.0014599965420455,-0.2052073321403341,22994.61748046875,22625.76796875,20283.562275390625,22891.34523467467,22545.848747153046,0.9859981541281465,1.0020720809096846,1.1177844445072145,45.501205928754885,13.610194983903057,97.54553491515684,-83.93533993125378,23639.531938043212,22349.70302289429,0.0560926449959181,0.2503800030666648,0.1698447492531323,0.21538895790842413,-0.0014599965420455,-0.007713719128134344,-0.022909579468200825,22705.80078125,22915.849609375,22848.900390625,30685530.0,0.7683165322547794,23056.5,0.016930072257177242
2024-08-16,23056.5,23071.75,22750.30078125,22846.099609375,20454900,23056.5,0.0169300722571772,1.8072626169065704,22986.93994140625,22680.4209765625,20311.506279296875,22907.074259943747,22565.87428648038,1.0030260686620776,1.0165816597419481,1.1351447639066061,45.68200924283358,27.501139938620327,83.53665591984954,-56.03551598122921,23624.67172309946,22349.20815971304,0.05548644433045577,0.5545370801565744,0.18152603638429884,0.15120622557100863,0.0169300722571772,0.015449899951123891,-0.0066157020808435,22672.650390625,22705.80078125,22705.69921875,29927160.0,0.6834895125364385,23139.75,0.0036106954654868684
2024-08-19,23139.75,23195.599609375,23104.099609375,23174.19921875,21337100,23139.75,0.0036106954654868,0.3496908249814362,23001.2474609375,22722.12796875,20340.485029296877,22929.23385423482,22588.379216422323,1.0060215229325156,1.0183795299377048,1.1376203648374794,45.30302921026749,44.71198125711817,75.77172098730327,-31.0597397301851,23639.223015348078,22363.27190652692,0.05547312644620784,0.6085484687496016,0.1728969747702498,0.1305097361480363,0.0036106954654868,0.009433550723057182,0.012521020562013208,23056.5,22672.650390625,22923.5,29483085.0,0.7237064913661512,23280.349609375,0.0060761075368143125
2024-08-20,23280.349609375,23292.69921875,23175.400390625,23223.599609375,21727000,23280.349609375,0.0060761075368143,0.619486863252574,23018.132421875,22760.4349609375,20370.33427734375,22962.673449962454,22615.515310263607,1.01139176639938,1.022842913561617,1.1428555512350045,47.13563118396755,68.90264365044641,74.3979055199319,-5.495261869485489,23667.35433553977,22368.910508210232,0.05640960802256579,0.7019472710179454,0.17360657162513535,0.12754360840799037,0.0060761075368143,0.0159060216493514,0.014719276674677095,23139.75,23056.5,22915.849609375,29088985.0,0.7469150264266697,23368.650390625,0.00379293192463237
2024-08-21,23368.650390625,23383.19921875,23256.25,23283.75,22340700,23368.650390625,0.0037929319246323,0.3696334038621925,23043.30498046875,22792.5249609375,20401.133779296873,23001.337920501745,22645.05001929739,1.0141188692521323,1.0252769463091467,1.1454584163523094,47.10544060413514,94.11416347541672,78.34115711102886,15.773006364387854,23706.45128016319,22380.15868077431,0.05755652674444797,0.745304399877836,0.17319056385244164,0.12162068182322044,0.0037929319246323,0.029192963320737286,0.022018228096703396,23280.349609375,23139.75,22705.80078125,27924440.0,0.8000411109408103,23440.69921875,0.0030831403149367276
2024-08-22,23440.69921875,23474.849609375,23408.94921875,23467.150390625,21863200,23440.69921875,0.0030831403149367,0.2919591819659438,23069.26748046875,22825.1739453125,20433.893779296875,23043.181853668248,22676.251948687688,1.0161007166177132,1.0269669477618113,1.1471479431149607,48.84336531614537,118.54173750807604,86.38127319043829,32.16046431763775,23752.674833158217,22385.86012777928,0.05924829241050112,0.7717498844713584,0.1732673497388134,0.12166945600560779,0.0030831403149367,0.0338755643867108,0.022653454196746248,23368.650390625,23280.349609375,22672.650390625,27441980.0,0.796706360109584,23418.650390625,-0.0009406216051508487
2024-08-23,23418.650390625,23496.849609375,23401.0,23485.30078125,23411800,23418.650390625,-0.0009406216051508,-0.1483708697975249,23094.3375,22856.506953125,20467.18302734375,23078.94076194984,22705.365613077385,1.0140429614239854,1.0245944596281866,1.1442048648970475,53.03390894113363,134.5703663441127,96.01909182117319,38.55127452293951,23790.92400909128,22397.750990908724,0.06032530780250763,0.7327872320175592,0.17336707649958788,0.12178293357029055,-0.0009406216051508,0.015707084363411727,0.021878732859527128,23440.69921875,23368.650390625,23056.5,26890600.0,0.8706313730448558,23561.75,0.006110497701109496
2024-08-26,23561.75,23579.75,23466.75,23514.30078125,19994300,23561.75,0.0061104977011094,0.6232502625602355,23107.8224609375,22888.52296875,20502.21453125,23124.922594145097,22738.94931452533,1.0196438907140575,1.0294133016870144,1.1492295119674305,74.86345826898186,157.01019690546673,108.2173128380319,48.79288406743483,23830.478767427554,22385.166154447445,0.0625464651817915,0.8140687592324594,0.165057475197543,0.12197856342464068,0.0061104977011094,0.018237016389546223,0.011579024160770945,23418.650390625,23440.69921875,23139.75,26164055.0,0.7641896487375524,23604.849609375,0.0018292193650726318
2024-08-27,23604.849609375,23633.19921875,23555.55078125,23592.0,22130300,23604.849609375,0.0018292193650726,0.1547395631797165,23118.35498046875,22919.1339453125,20536.411533203125,23170.629928928898,22772.90618883316,1.021043652514085,1.029918916905791,1.149414520215026,79.12977971121916,176.24011621956743,121.82187351433902,54.41824270522841,23864.348956984148,22372.361003953352,0.06453694280113001,0.8260714189529267,0.1645341183454328,0.12168437185961688,0.0018292193650726,0.01393879410940313,0.009004385602400466,23561.75,23418.650390625,23280.349609375,25465205.0,0.8690407165385081,23615.94921875,0.0004702258035396145
2024-08-28,23615.94921875,23679.349609375,23547.25,23646.80078125,24488600,23615.94921875,0.0004702258035396,0.0060215929865321,23127.107421875,22947.1669140625,20570.36078125,23213.04128986424,22805.96669981029,1.0211371784615237,1.0291444389275635,1.1480571230562018,73.98154650253073,190.18329687199002,135.49415818586922,54.6891386861208,23892.88060410854,22361.33423964146,0.06622299695890146,0.8191818466718627,0.16443915925698818,0.12116350039370553,0.0004702258035396,0.010582503653022712,0.007467666566042475,23604.849609375,23561.75,23368.650390625,25190280.0,0.9721448114113856,23631.400390625,0.0006542685086201594
2024-08-29,23631.400390625,23664.349609375,23494.44921875,23618.25,29804300,23631.400390625,0.0006542685086201,0.0261618337523281,23132.13740234375,22973.2029296875,20604.51228515625,23252.885013746218,22838.33664846969,1.0215830893443796,1.028650661509934,1.1469041374810585,81.45437990278313,200.17268235468873,148.42986301963313,51.7428193350556,23910.296870148904,22353.977934538594,0.06727951285005582,0.8207973487032361,0.16395074125554318,0.12083295467126248,0.0006542685086201,0.00813547284129057,0.004275231017856429,23615.94921875,23604.849609375,23440.69921875,25073040.0,1.1886990967190256,23734.55078125,0.004364971559870812
2024-08-30,23734.55078125,23766.400390625,23673.94921875,23728.55078125,70150200,23734.55078125,0.0043649715598708,0.4322330922129925,23143.5349609375,23003.3959375,20639.52029296875,23298.757943984674,22873.482300735584,1.0255369726928076,1.0317846480465989,1.1499565127652522,79.88731923925714,213.9464749923609,161.5331854141787,52.4132895781822,23950.916641380085,22336.153280494917,0.0697716819669318,0.8660076978633295,0.16450352088419762,0.1202864923712746,0.0043649715598708,0.013489265408371365,0.009697326523743,23631.400390625,23615.94921875,23418.650390625,27119805.0,2.5866778909361625,23760.69921875,0.0011017034929794445
2024-09-02,23760.69921875,23835.19921875,23693.650390625,23835.19921875,25228700,23760.69921875,0.0011017034929794,0.075125732148042,23168.5974609375,23032.5079296875,20673.86978515625,23342.752351105184,22908.275121049875,1.025556219309813,1.0316158054209938,1.1493106740862846,80.71408182803677,224.38568674560884,174.10368568046474,50.2820010651441,24020.993788688356,22316.201133186645,0.0735820395850865,0.8473159952330975,0.15923974575282318,0.12017533246148468,0.0011017034929794,0.008443736935923596,0.021550381321838508,23734.55078125,23631.400390625,23561.75,26835060.0,0.9401395040666949,23788.44921875,0.0011678949236519909
2024-09-03,23788.44921875,23817.55078125,23771.19921875,23817.0,18146200,23788.44921875,0.0011678949236519,0.0823692213686235,23230.8974609375,23063.5529296875,20707.80728515625,23385.199671833263,22942.791752332236,1.0240004398775389,1.0314303824424818,1.1487671722636714,95.37325649812776,232.22112972327523,185.72717448902685,46.493955234248375,24072.672703273125,22389.122218601875,0.07247031620289528,0.8311761440409332,0.1055797521194796,0.11975624169033754,0.0011678949236519,0.007778046139386596,0.05527349703259499,23760.69921875,23734.55078125,23604.849609375,25732700.0,0.7051805679155316,23748.900390625,-0.0016625223343196271
2024-09-04,23748.900390625,23761.400390625,23605.349609375,23611.80078125,20620200,23748.900390625,-0.0016625223343196,-0.2273702220842665,23296.17744140625,23092.7489453125,20740.75478515625,23419.837835527716,22974.403855794695,1.0194333576981642,1.0284137435030527,1.1450354934826972,94.8644881411981,232.55872263628407,195.0934841184783,37.46523851780577,24081.37877552097,22510.976107291528,0.06741031536951494,0.7882846281255921,0.10356259599876946,0.11992618769686951,-0.0016625223343196,0.005629719586686788,0.05817324386017897,23788.44921875,23760.69921875,23615.94921875,25413680.0,0.8113819014011351,23762.80078125,0.0005853067045784588
2024-09-05,23762.80078125,23836.349609375,23749.05078125,23821.0,23179400,23762.80078125,0.0005853067045784,0.0186151758370597,23341.8724609375,23120.591953125,20773.62978515625,23452.500973215556,23005.32138228314,1.0180331856845213,1.027776487272775,1.1438925708702894,92.57408724078631,231.28183972469196,202.33115523972106,28.950684484970907,24123.838980161,22559.905941713998,0.06700118172028265,0.7691472780252265,0.08670511396533863,0.11981343448189044,0.0005853067045784,0.005560414890906307,0.0399975655283602,23748.900390625,23788.44921875,23631.400390625,25343070.0,0.9146247869733225,23477.69921875,-0.01199780973314224
2024-09-06,23477.69921875,23794.349609375,23434.900390625,23746.0,38704200,23477.69921875,-0.0119978097331422,-1.3583858551401204,23380.4724609375,23141.409921875,20804.71978515625,23454.900806123598,23023.846003321054,1.0041584599274005,1.0145319277438283,1.1284794729848209,66.38386516338255,204.90259781703935,202.84544375518473,2.057154061854618,24104.267080061854,22656.677841813147,0.061914456205586894,0.5671646039104,0.09583708061866514,0.1233602267175049,-0.0119978097331422,-0.010821842168713403,0.034000274229057714,23762.80078125,23748.900390625,23734.55078125,26059150.0,1.4852441464898125,23502.150390625,0.0010414637161495488
2024-09-09,23502.150390625,23526.55078125,23294.44921875,23452.849609375,23648800,23502.150390625,0.0010414637161495,0.0685335468804926,23409.40498046875,23160.704921875,20836.13603515625,23459.400766552302,23042.603038117286,1.003961886696122,1.0147424471708333,1.1279514757904467,62.11762295511723,183.85054908948223,199.04646482204424,-15.195915732562014,24101.87021280711,22716.93974813039,0.059161284356956285,0.5669675572320759,0.09117943559002756,0.12309303633016913,0.0010414637161495,-0.010881364464265242,0.025242671957816265,23477.69921875,23762.80078125,23760.69921875,26185645.0,0.9031207747603697,23643.650390625,0.006020725663318238
2024-09-10,23643.650390625,23712.94921875,23531.650390625,23591.849609375,22265300,23643.650390625,0.0060207256633182,0.6134262901601298,23445.79501953125,23182.3839453125,20868.0712890625,23476.948349797323,23066.173522529352,1.008438842484502,1.0198972826263526,1.1330060197281986,64.19870114061519,176.5493650540484,194.54704486844508,-17.99767981439669,24104.734003124875,22786.856035937628,0.05620956619681046,0.650131784595642,0.09248426820762784,0.12363554120597887,0.0060207256633182,-0.006086938530270758,0.03175971188745508,23502.150390625,23477.69921875,23788.44921875,26032695.0,0.8552821749726642,23531.25,-0.00475393557119963
2024-09-11,23531.25,23723.05078125,23498.150390625,23665.099609375,23090100,23531.25,-0.0047539355711996,-0.5656710901903044,23487.06748046875,23198.456953125,20899.134541015625,23482.11993553091,23084.4118157635,1.001881142444368,1.0143454820097493,1.1259437539778843,54.488266727868314,159.8506926681257,187.60777442838122,-27.757081760255517,24046.78461482425,22927.350346113253,0.04766172999851267,0.5394686144293084,0.08683806746308034,0.1233829710950396,-0.0047539355711996,-0.009164651291009629,0.03635411174009939,23643.650390625,23502.150390625,23748.900390625,25808075.0,0.8946850937158234,23907.349609375,0.015982984727755722
2024-09-12,23907.349609375,23934.599609375,23593.599609375,23680.0,23740100,23907.349609375,0.0159829847277557,1.703620525466519,23548.80244140625,23223.0479296875,20931.13103515625,23522.617999706537,23116.683886101207,1.0152257070762254,1.0294664887123932,1.142191005790363,67.92995812207894,174.94827496356447,185.07587453541788,-10.127599571853409,23990.14806284911,23107.456819963387,0.037483487539631176,0.9061977173305465,0.09932541771891008,0.12783951635238863,0.0159829847277557,0.006082987836983245,0.05445764820069465,23531.25,23643.650390625,23762.80078125,25816270.0,0.919579009671033,23928.19921875,0.0008721004091070128
2024-09-13,23928.19921875,23966.55078125,23885.19921875,23966.5,20577800,23928.19921875,0.000872100409107,0.0499997083388601,23592.38740234375,23244.5879296875,20962.806533203126,23561.244782472582,23148.50801679332,1.0142339056526721,1.0294094819460924,1.1414597172783123,64.76961782905106,186.44636924815495,185.3499734779653,1.0963957701896447,23999.90118458096,23184.87362010654,0.03454620978262741,0.9120251032514364,0.08391534579789421,0.12695393537205446,0.000872100409107,0.019188421991547466,0.037807092088998795,23907.349609375,23531.25,23477.69921875,25822415.0,0.7968968045785029,23968.19921875,0.0016716677938997115
2024-09-16,23968.19921875,24026.0,23917.5,24006.150390625,17209800,23968.19921875,0.0016716677938997,0.1374983116176763,23633.80986328125,23265.6679296875,20994.645029296877,23600.002347832335,23180.65276981123,1.0141487706553938,1.030196050729584,1.1416339350012201,64.6813715811646,196.52098591844333,187.5841759660609,8.936809952382418,24015.180808780104,23252.438917782398,0.032273336182784065,0.9384043402027025,0.0836639110666937,0.12689799133388852,0.0016716677938997,0.019830050458314874,0.03580199521386351,23928.19921875,23907.349609375,23502.150390625,25616050.0,0.6718366024426092,23969.900390625,7.097620724327847e-05
2024-09-17,23969.900390625,24008.25,23912.55078125,24008.25,16183800,23969.900390625,7.097620724327847e-05,-0.0376692612178546,23668.28740234375,23285.3129296875,21026.626279296874,23635.230732860207,23211.603656901967,1.012743338085855,1.029399968254869,1.1399784288850046,64.41107380608958,202.3103547308492,190.52941171901858,11.78094301183063,24039.659458180624,23296.915346506878,0.03138140495962394,0.9060792721744633,0.08227180046433187,0.12680416783440404,7.097620724327847e-05,0.0137986306940725,0.02961943410730905,23968.19921875,23928.19921875,23643.650390625,25338890.0,0.6386941180138515,23898.650390625,-0.002972477934362505
2024-09-18,23898.650390625,24000.30078125,23800.849609375,23972.55078125,18564600,23898.650390625,-0.0029724779343625,-0.3707218489027271,23694.78740234375,23303.8629296875,21057.981533203125,23660.318319314,23238.546666067577,1.0086037061577975,1.0255231273343863,1.1348974901959552,60.408134701440055,198.85689320517486,192.19490801624985,6.6619851889250015,24051.48172404808,23338.09308063942,0.03010740849010806,0.78576707824557,0.08324103074682276,0.12705002344031954,-0.0029724779343625,0.015613296812748922,0.022679957598776168,23969.900390625,23968.19921875,23531.25,25150085.0,0.738152574832252,23853.94921875,-0.001870447541779785
2024-09-19,23853.94921875,24078.0,23702.0,24012.30078125,45138100,23853.94921875,-0.0018704475417797,-0.2501239831621259,23715.44990234375,23319.594921875,21089.112783203123,23678.759357355524,23262.680099506102,1.0058400459184442,1.0229143901798117,1.1311025486927544,54.87180549692971,190.3191088607855,191.81974818515698,-1.500639324371491,24057.757669843704,23373.142134843794,0.02886791259786397,0.7023023278394737,0.08355992147920414,0.12695292856141943,-0.0018704475417797,-0.0022336390899666547,0.017629593560478884,23898.650390625,23969.900390625,23907.349609375,26313830.0,1.7153755268617301,24193.80078125,0.014247182275078707
2024-09-20,24193.80078125,24243.150390625,23885.0,23956.55078125,42372300,24193.80078125,0.0142471822750787,1.5136674420043168,23754.207421875,23343.9179296875,21121.88478515625,23727.81092153595,23299.19463604508,1.0185059156707617,1.0364070356194006,1.145437588896072,64.06991175314997,208.57174880337334,195.17014830880026,13.401600494573074,24129.01013301526,23379.404710734736,0.031556743147329334,1.0864330036948504,0.09566746709265987,0.1300705456203059,0.0142471822750787,0.011099939451017171,0.033099703770090416,23853.94921875,23898.650390625,23928.19921875,27261855.0,1.554270609978668,24379.19921875,0.0076630554734369305
2024-09-23,24379.19921875,24393.69921875,24262.30078125,24294.80078125,35691300,24379.19921875,0.0076630554734369,0.7931504350435608,23795.0798828125,23371.3969140625,21155.56328125,23789.847902223002,23341.54775693547,1.0245479039706615,1.0431211839152459,1.1523776935004648,67.4082404585926,235.28498310251598,203.19311526754342,32.09186783497256,24251.0184333779,23339.1413322471,0.03832208614644831,1.140568049369817,0.09678053102372612,0.13091159035840635,0.0076630554734369,0.01714772128890174,0.034693909355205,24193.80078125,23853.94921875,23968.19921875,28046705.0,1.2725665991780497,24389.69921875,0.0004306950325063674
2024-09-24,24389.69921875,24429.0,24353.75,24390.05078125,26025400,24389.69921875,0.0004306950325063,0.0016956445827705,23834.32236328125,23397.2819140625,21188.8027734375,23846.976599035097,23382.651735830157,1.0233015584418022,1.0424159228551684,1.1510654697926197,69.21199486980248,254.37045176306856,213.42858256664846,40.9418691964201,24352.215864070207,23316.428862492296,0.0434577910708124,1.0361882844847972,0.09688768709641453,0.130772162432228,0.0004306950325063,0.01751358250488133,0.03324950687520101,24379.19921875,24193.80078125,23969.900390625,28241460.0,0.9215316771866611,24371.25,-0.0007564348614769179
2024-09-25,24371.25,24394.349609375,24268.5,24377.25,29281600,24371.25,-0.0007564348614769,-0.1282148665381866,23872.08740234375,23420.509921875,21221.138525390626,23896.90739912699,23421.420295209366,1.0209098848057687,1.0405943372410094,1.1484421521889758,68.19248908484666,264.9529131579402,223.73344868490682,41.21946447303338,24431.42826717239,23312.74653751511,0.046861496056159656,0.9462060874170429,0.09718392215881408,0.1305404277459251,-0.0007564348614769,0.019775158916939928,0.031982656053914926,24389.69921875,24379.19921875,23898.650390625,28481110.0,1.0281059972732804,24496.900390625,0.005155681002205537
2024-09-26,24496.900390625,24512.650390625,24338.400390625,24399.150390625,30998100,24496.900390625,0.0051556810022055,0.5187623493081875,23915.36240234375,23446.3629296875,21253.68328125,23954.04958879347,23463.595985225667,1.0243165032792585,1.0448059882075493,1.1525955320994252,83.68585833078366,280.248001956963,235.03635933931807,45.21164261764491,24527.70939458096,23303.015410106542,0.051209509764917706,0.9748435083804566,0.09791795897136134,0.13083626505791146,0.0051556810022055,0.026953657274059184,0.03662499833667754,24371.25,24389.69921875,23853.94921875,28540800.0,1.0860977968382106,24489.55078125,-0.0003000220133079212
2024-09-27,24489.55078125,24573.400390625,24469.0,24529.55078125,41993700,24489.55078125,-0.0003000220133079,-0.0782684986737101,23953.11240234375,23471.9529296875,21285.554287109375,24005.04970236076,23503.829506638383,1.0223953517979467,1.043353778640014,1.1505244566772208,83.00794333683513,288.45133058774445,245.71935358900336,42.73197699874109,24609.995022144554,23296.22978254295,0.05484737087748989,0.9083213368227137,0.09770860731613253,0.1308608601821098,-0.0003000220133079,0.012224205806852906,0.0318101659879082,24496.900390625,24371.25,24193.80078125,27132975.0,1.5476998007037561,24245.19921875,-0.009977788677409505
2024-09-30,24245.19921875,24456.099609375,24217.400390625,24410.0,26120900,24245.19921875,-0.0099777886774095,-1.137330038792335,23977.33740234375,23499.784921875,21314.537783203126,24027.921084874022,23532.902828681978,1.0111714579442865,1.031720047623973,1.1374958943682267,68.81542019759907,272.09881292709906,250.9952454566225,21.10356747047655,24640.051923644776,23314.622881042724,0.055278408121847526,0.7020944221047757,0.10599855757672494,0.12790366034847767,-0.0099777886774095,-0.005496488986272419,0.0203908140724105,24489.55078125,24496.900390625,24379.19921875,27177585.0,0.9611192458785429,24271.30078125,0.001076566220986619
2024-10-01,24271.30078125,24329.44921875,24191.05078125,24248.5,22116800,24271.30078125,0.0010765662209866,0.0723748993458984,24001.47998046875,23526.3579296875,21342.951533203126,24051.100103576497,23561.859611135627,1.0112418401282262,1.0316641808217357,1.1372045119200713,74.46846981748865,258.2683460940898,252.44986558411597,5.818480509973824,24670.372779715013,23332.587181222487,0.05573762949539346,0.7016921105180037,0.10599748796095539,0.1277561747183299,0.0010765662209866,-0.004854444347102915,0.020297731813447406,24245.19921875,24489.55078125,24389.69921875,27376115.0,0.8078867289971569,23755.44921875,-0.021253560620801304
2024-10-03,23755.44921875,24122.0,23713.0,23931.849609375,27320600,23755.44921875,-0.0212535606208013,-2.371265182598934,24001.807421875,23544.1629296875,21368.328779296877,24022.942876450164,23569.451360453837,0.9897358478553381,1.0089740412387345,1.1117130152810983,45.40254685612372,203.3387292466432,242.62763831662141,-39.28890906997822,24670.18582593971,23333.429017810293,0.05569400606518714,0.3157045457879084,0.1321696077315997,0.13699004034426518,-0.0212535606208013,-0.02526750910396469,0.00027575289875669817,24271.30078125,24245.19921875,24371.25,27711135.0,0.985906928749039,23534.94921875,-0.00928208083836024
2024-10-04,23534.94921875,23920.30078125,23483.400390625,23704.94921875,26223100,23534.94921875,-0.0092820808383602,-1.0611970381663571,23990.41484375,23556.4329296875,21392.48427734375,23976.467290002533,23568.09833528898,0.9810146832405169,0.9990879896374113,1.1001503571829327,39.38112838138756,140.39571058557704,222.18125277041253,-81.78554218483549,24683.265951501,23297.563735999003,0.05776066085255467,0.17131060345806576,0.13621547577712953,0.13878322668975349,-0.0092820808383602,-0.039268281151322304,-0.009588581943580698,23755.44921875,24271.30078125,24496.900390625,27863320.0,0.9411333609921574,23181.94921875,-0.014998970115421728
2024-10-07,23181.94921875,23659.650390625,23089.5,23616.349609375,30375500,23181.94921875,-0.0149989701154217,-1.6868101338933816,23975.62734375,23561.7269140625,21414.8765234375,23900.798902264196,23552.95523267961,0.9668964605755396,0.9838815848813767,1.0825161281401052,31.83891784183021,61.32188444843996,190.009379106018,-128.68749465757804,24724.8822121631,23226.3724753369,0.06250137755902227,-0.029644956916300272,0.13995618743291302,0.14311280190398004,-0.0149989701154217,-0.05339426493282773,-0.012597060608213528,23534.94921875,23755.44921875,24489.55078125,27446885.0,1.1067011793870234,23512.55078125,0.014261163260275156
2024-10-08,23512.55078125,23544.80078125,23106.5,23175.19921875,25631100,23512.55078125,0.0142611632602751,1.5151974152128518,23976.14736328125,23566.1369140625,21438.58828125,23863.822890739033,23551.370744388252,0.9806642587315244,0.9977261384414463,1.0967396953937434,40.82937195138669,25.043405885742686,157.01618446196295,-131.97277857622026,24724.031768074776,23228.26295848772,0.062385703045757766,0.19006133898498231,0.1495464700070611,0.14197544170174753,0.0142611632602751,-0.030218289026613054,0.00044252931974897436,23181.94921875,23534.94921875,24245.19921875,27546000.0,0.9304835547810935,23599.599609375,0.003702228181657663
2024-10-09,23599.599609375,23797.44921875,23570.69921875,23600.099609375,25890900,23599.599609375,0.0037022281816576,0.3597074726981728,23973.94482421875,23570.244921875,21463.152275390625,23838.658768704365,23553.262072426947,0.9843853309253644,1.00124541291774,1.0995402402485863,44.041283010985694,3.278767592910299,126.26870108815243,-122.98993349524213,24726.198923857868,23221.690724579632,0.06275597154784064,0.2511843305183798,0.1485447849411753,0.1418807848999288,0.0037022281816576,-0.027674708410927118,-0.0018631125279819916,23512.55078125,23181.94921875,24271.30078125,27727280.0,0.9337699190111688,23598.150390625,-6.140861599301939e-05
2024-10-10,23598.150390625,23755.5,23580.599609375,23695.55078125,19427900,23598.150390625,-6.140861599301939e-05,-0.0521564543535429,23977.28984375,23573.389921875,21487.38578125,23815.75320888728,23555.022398630794,0.9841875601623163,1.0010503567298576,1.098232732025357,44.81370456436985,-13.92627151222041,98.22970656807786,-112.15597808029827,24721.81068016692,23232.76900733308,0.062102167615157515,0.2453802267308646,0.14750482622486785,0.1418230557045821,-6.140861599301939e-05,-0.006621589289957375,0.0028430444887117545,23599.599609375,23512.55078125,23755.44921875,27544170.0,0.7053361927406053,23611.25,0.0005551116997797312
2024-10-11,23611.25,23654.0,23546.30078125,23608.30078125,17121900,23611.25,0.0005551116997797,0.0153108630347425,23962.48486328125,23574.99890625,21510.572783203126,23796.276712802777,23557.22740260606,0.9853423021324694,1.001537692277067,1.0976578930728065,36.38487494361536,-26.202315971939242,73.34330206007445,-99.54561803201369,24724.433658663267,23200.536067899233,0.06359514046471469,0.26951544158198887,0.13524304151966415,0.14157842278907798,0.0005551116997797,0.003242020220260766,-0.012385296329915585,23598.150390625,23599.599609375,23534.94921875,27213260.0,0.629174894885802,23727.05078125,0.00490447482661871
2024-10-14,23727.05078125,23740.19921875,23646.099609375,23670.5,16763300,23727.05078125,0.0049044748266187,0.4912722466390308,23952.42744140625,23579.4079296875,21533.482783203126,23789.68376694061,23563.887142945037,0.9905906547172483,1.0062615164894202,1.1018677758786857,34.245749324586185,-26.284028472044156,53.41783595365073,-79.70186442569488,24721.558052323882,23183.296830488616,0.06422151682113145,0.35348609393682123,0.13657148763468813,0.14195964088971236,0.0049044748266187,0.02351405213411084,-0.008406334119049896,23611.25,23598.150390625,23181.94921875,27022535.0,0.6203452044747098,23735.69921875,0.0003644969440042001
2024-10-15,23735.69921875,23814.94921875,23662.30078125,23800.400390625,17789200,23735.69921875,0.0003644969440042,-0.0055485732202965,23940.80244140625,23588.9329296875,21556.383525390625,23784.542381398645,23570.624871407977,0.9914329010834859,1.0062218282403859,1.1010983911467536,34.18687415326423,-25.358611302930512,37.66254650233448,-63.02115780526499,24715.934154509214,23165.670728303285,0.06475402944408593,0.36769782529245315,0.1363888829837411,0.1398114141818965,0.0003644969440042,0.009490609486655588,-0.009700353283867869,23727.05078125,23611.25,23512.55078125,27051505.0,0.6576048171811513,23673.150390625,-0.0026352216359225578
2024-10-16,23673.150390625,23768.150390625,23588.80078125,23702.849609375,17373100,23673.150390625,-0.0026352216359225,-0.3338150720359721,23925.96494140625,23611.546953125,21578.90302734375,23773.933620372583,23574.645480004725,0.9894334647985824,1.0026090386039637,1.0970506869893952,33.47303589489022,-29.334232444758527,24.26319071291588,-53.597423157674406,24710.060326532704,23141.8695562798,0.06554347020457808,0.3387858444410955,0.1365893696461767,0.12035589658252638,-0.0026352216359225,0.0031166114030503067,-0.012380109852941357,23735.69921875,23727.05078125,23599.599609375,27110970.0,0.6408144009602017,23377.0,-0.012509969553620603
2024-10-17,23377.0,23720.150390625,23366.0,23717.30078125,17807000,23377.0,-0.0125099695536206,-1.414432749748015,23899.882421875,23630.2209375,21601.89078125,23736.130418432338,23566.894676867287,0.9781219667676516,0.9892840215853357,1.0821737891708423,25.46770137263492,-55.7392746718906,8.262697635954584,-64.00197230784518,24721.605507174958,23078.159336575045,0.0687637763897799,0.18183781663848855,0.14285031956898261,0.12356454312615406,-0.0125099695536206,-0.009371513740028425,-0.021827608760268458,23673.150390625,23735.69921875,23598.150390625,27073090.0,0.6577379973988932,23440.69921875,0.002724867123668595
2024-10-18,23440.69921875,23471.19921875,23120.94921875,23285.650390625,19475900,23440.69921875,0.0027248671236685,0.2527524754088306,23879.219921875,23642.0569140625,21624.3852734375,23707.99411370069,23561.94583537249,0.9816358865758724,0.9914830720506077,1.0839937839779235,27.57763726171224,-70.71036124959573,-7.53191414115548,-63.17844710844025,24726.200629305,23032.239214445,0.07093872498356388,0.24112710048860098,0.14343645143374611,0.11720027144354353,0.0027248671236685,-0.0072232847159722224,-0.01732417538959008,23377.0,23673.150390625,23611.25,25789980.0,0.7551731331315495,23263.25,-0.007570133343465235
2024-10-21,23263.25,23559.05078125,23224.55078125,23527.599609375,20166200,23263.25,-0.0075701333434652,-0.8738544607439206,23832.6923828125,23653.2079296875,21645.42802734375,23665.63753144348,23550.23227320102,0.976106670045254,0.9835135288690352,1.0747419718664155,28.389719042703632,-95.78952218654376,-25.183435750233137,-70.60608643631062,24708.651899282573,22956.732866342427,0.07350906917270958,0.1749607875102469,0.13357878006976345,0.11762506695807129,-0.0075701333434652,-0.01954734220978327,-0.03846236437439665,23440.69921875,23377.0,23727.05078125,24679675.0,0.8171177294676693,22814.44921875,-0.019292264892050714
2024-10-22,22814.44921875,23306.19921875,22789.69921875,23277.099609375,24168100,22814.44921875,-0.0192922648920507,-2.15663582158907,23754.4548828125,23651.0269140625,21663.756025390627,23584.571977853626,23521.37803577157,0.9604282367791719,0.9646282718144858,1.053116052083061,22.96768769105097,-150.14859068772785,-50.176466737732085,-99.97212394999576,24701.519755281493,22807.390010343508,0.07973787461266477,0.003726887466581312,0.14192376042335347,0.12386662987669626,-0.0192922648920507,-0.03881284437882748,-0.06418381448708754,23263.25,23440.69921875,23735.69921875,24103515.0,1.002679484714159,22841.099609375,0.001168136489707372
2024-10-23,22841.099609375,22989.05078125,22673.30078125,22751.80078125,26061900,22841.099609375,0.0011681364897073,0.082395656529496,23677.02490234375,23649.5319140625,21681.47677734375,23513.765085617568,23494.700450422682,0.9646946651272051,0.9658161392950535,1.0534844948035555,29.270653539655626,-188.90055233324165,-77.92128385683401,-110.97926847640764,24658.0234105056,22696.0263941819,0.08286501468896135,0.0739416084662851,0.14220287844189008,0.12389578706053846,0.0011681364897073,-0.035147446263827486,-0.06349400193441035,22814.44921875,23263.25,23673.150390625,24105340.0,1.0811670775023294,22787.849609375,-0.0023313238377605794
2024-10-24,22787.849609375,22893.19921875,22747.55078125,22841.849609375,19531500,22787.849609375,-0.0023313238377605,-0.3005587969747091,23597.8548828125,23651.172890625,21698.419775390626,23444.630278356373,23466.980809597284,0.965674622652779,0.963497654630388,1.0502077960174756,31.672539209427924,-221.35692624544754,-106.60841233455673,-114.74851391089081,24598.331319041346,22597.37844658365,0.08479384598279759,0.09519022932174585,0.14194827604616023,0.12224448604391684,-0.0023313238377605,-0.025202138453394363,-0.06497001141201209,22841.099609375,22814.44921875,23377.0,23617835.0,0.8269809658675319,22499.05078125,-0.012673369057437878
2024-10-25,22499.05078125,22839.19921875,22362.80078125,22819.80078125,26167800,22499.05078125,-0.0126733690574378,-1.4323139548001318,23497.96240234375,23647.7008984375,21713.76927734375,23354.575088155765,23429.02276926994,0.9574894365736956,0.9514265626869716,1.0361651399108132,32.70263959307401,-267.3012063262795,-138.7469711329013,-128.5542351933782,24519.2149560652,22476.7098486223,0.08692264769472469,0.010938005758848898,0.14194513891072955,0.1255289429037359,-0.0126733690574378,-0.04017151658798579,-0.08155519994438076,22787.849609375,22841.099609375,23440.69921875,23376320.0,1.1194148608506387,22649.94921875,0.0067068801687293345
2024-10-28,22649.94921875,22756.05078125,22407.0,22548.69921875,29092800,22649.94921875,0.0067068801687293,0.6885138462546091,23405.98232421875,23639.5698828125,21729.927021484375,23287.467862498073,23398.47086532798,0.9676991507984494,0.9581371120977114,1.042338945563692,25.96263326194152,-288.21378737165287,-168.64033438065164,-119.57345299100123,24381.54875603605,22430.41589240145,0.08336043480711475,0.11251582628744676,0.14660531526591356,0.12037892673931697,0.0067068801687293,-0.026363503863389703,-0.07511781571381293,22499.05078125,22787.849609375,23263.25,22731275.0,1.2798578170384196,22795.05078125,0.006406264362830649
2024-10-29,22795.05078125,22808.80078125,22450.0,22670.80078125,23194400,22795.05078125,0.0064062643628306,0.6556167275877561,23333.47490234375,23632.6758984375,21747.0665234375,23240.570997617306,23374.807332619042,0.9769248205272817,0.9645564843868196,1.0481896837296678,28.282973130350214,-289.73874716649516,-192.86001693782035,-96.87873022867481,24260.782570393098,22406.167234294404,0.0794830321613317,0.2096842074936298,0.14904661147281345,0.1210112143278426,0.0064062643628306,-0.0008502698142743847,-0.05981177652599068,22649.94921875,22499.05078125,22814.44921875,22584950.0,1.0269847841150854,22749.80078125,-0.0019850800261089763
2024-10-30,22749.80078125,22896.55078125,22685.400390625,22731.150390625,27854400,22749.80078125,-0.0019850800261089,-0.2626684946816716,23257.39990234375,23622.064921875,21763.10927734375,23193.830977010897,23350.29727178104,0.9781747261849938,0.9630741790139926,1.045337800372736,27.62963947212218,-291.2413367816407,-212.53628090658444,-78.70505587505627,24107.159331618703,22407.640473068797,0.0730743275553586,0.20132775018039262,0.14832035741163163,0.12018698247038036,-0.0019850800261089,-0.003997129283895173,-0.06268720468312872,22795.05078125,22649.94921875,22841.099609375,22871830.0,1.2178474568934798,22689.349609375,-0.002657217637036302
2024-10-31,22689.349609375,22779.5,22621.099609375,22758.599609375,24362900,22689.349609375,-0.0026572176370363,-0.3362221479269814,23204.094921875,23608.47890625,21778.60302734375,23145.785132474146,23324.377755608257,0.9778166175309541,0.9610678307346742,1.0418184114420828,26.28244617701813,-293.92190546978236,-228.81340581922404,-65.10849965055831,24056.056406204785,22352.133437545213,0.0734319944128988,0.19790576101856716,0.13208211903782205,0.1198926409700951,-0.0026572176370363,-0.0043224789389287865,-0.044878107736793904,22749.80078125,22795.05078125,22787.849609375,22723945.0,1.072124580481074,22823.55078125,0.005914720967565845
2024-11-01,22823.55078125,22881.5,22799.69921875,22806.94921875,6042900,22823.55078125,0.0059147209675658,0.601825938525308,23168.525,23596.1359375,21795.63228515625,23115.096146643275,23304.73748210401,0.9851102209247243,0.9672579799380553,1.0471616736163147,26.973833539547,-281.9670221503002,-239.44412908543927,-42.52289306486091,24021.726666982257,22315.323333017746,0.07365178982971235,0.2978354754213847,0.13238174669333644,0.12050233538001236,0.0059147209675658,0.014422830685391741,-0.03022731984198368,22689.349609375,22749.80078125,22499.05078125,21714935.0,0.2782831263367816,22518.30078125,-0.01337434314781416
2024-11-04,22518.30078125,22832.650390625,22362.650390625,22831.80078125,22594400,22518.30078125,-0.0133743431478141,-1.5090232541151174,23135.342578125,23578.1289453125,21810.92603515625,23058.258492796296,23273.89682716856,0.9733290399832494,0.9550503703444543,1.0324321280514892,23.048518098152442,-293.73778852790565,-250.30286097393255,-43.4349275539731,24036.612677734884,22234.072478515118,0.07791283803698809,0.1576820882317928,0.1302937244354725,0.12391802600593065,-0.0133743431478141,-0.005812306077535023,-0.02862780999292447,22823.55078125,22689.349609375,22649.94921875,21325880.0,1.0594826567532032,22679.849609375,0.007174112722551085
2024-11-05,22679.849609375,22697.5,22343.94921875,22458.30078125,21434200,22679.849609375,0.007174112722551,0.7396442408196611,23093.70751953125,23560.4909375,21826.73603515625,23022.219551518076,23250.600857843325,0.9820791914937766,0.9626221146893281,1.0390857145495618,28.93317537098406,-286.7253737479368,-257.5873635287334,-29.13801021920341,23998.534955028455,22188.880084034045,0.0783613834835241,0.27130561368914224,0.12108476727603242,0.12424361023437544,0.007174112722551,-0.0050537800060422855,-0.03541517803074923,22518.30078125,22823.55078125,22795.05078125,21116035.0,1.0150674593975622,23031.19921875,0.015491708076836863
2024-11-06,23031.19921875,23052.19921875,22720.30078125,22782.19921875,21578000,23031.19921875,0.0154917080768368,1.6498589268865076,23065.2875,23549.0179296875,21843.970283203125,23023.074757921117,23241.99687199653,0.9985220959743077,0.9780110273607333,1.0543504189098716,42.833736203529966,-249.93590189043243,-256.0570712010732,6.1211693106407665,23938.35972816082,22192.215271839177,0.07570443057870262,0.48047797183843083,0.13462999468744938,0.12937256265439984,0.0154917080768368,0.012369270403981947,-0.024085170936510414,22679.849609375,22518.30078125,22749.80078125,20900390.0,1.0324209261166897,22806.25,-0.009767151793245166
2024-11-07,22806.25,23073.55078125,22793.900390625,23067.150390625,20350800,22806.25,-0.0097671517932451,-1.1142795323385732,23025.69248046875,23532.8239453125,21859.27353515625,23002.42478097625,23224.908759369213,0.9904696685819594,0.9691250847326708,1.0433214975475158,37.675568458404555,-236.20863623978948,-252.08738420881647,15.878747969026989,23868.309213446817,22183.075747490686,0.07318926314096896,0.36978511588919893,0.13792447114078718,0.1310251665088531,-0.0097671517932451,0.005152214260769172,-0.03355773132709605,23031.19921875,22679.849609375,22689.349609375,20946535.0,0.9715592578915797,22645.650390625,-0.0070419121677172125
2024-11-08,22645.650390625,22857.099609375,22600.25,22821.900390625,19203600,22645.650390625,-0.0070419121677172,-0.8160499329714064,22977.4125,23513.1089453125,21873.074033203124,22968.446267609463,23202.192744908654,0.9855613807962494,0.9631074496909336,1.035320886138323,37.92382574536134,-235.57318456917346,-248.78454428088787,13.211359711714408,23788.8374071708,22165.9875928292,0.07062804893029315,0.29556819956879865,0.138932023339557,0.13176403548937748,-0.0070419121677172,-0.007794597445860529,-0.040895742892688824,22806.25,23031.19921875,22823.55078125,21050620.0,0.9122581662677869,22591.400390625,-0.002395603529340873
2024-11-11,22591.400390625,22770.55078125,22478.69921875,22590.099609375,20059500,22591.400390625,-0.0023956035293408,-0.3075930799375228,22920.62998046875,23490.2459375,21886.89328125,22932.537136468087,23178.240103564196,0.9856361020563441,0.9617353709592255,1.0321885386071918,44.84291810578569,-236.7183642053642,-246.37130826578314,9.652944060418946,23667.55518778257,22173.704773154932,0.0651749282589755,0.27961006897327423,0.13648096223091732,0.1312696020488022,-0.0023956035293408,0.0032462311470617955,-0.04786310785504089,22645.650390625,22806.25,22518.30078125,21215430.0,0.9455146560781469,22331.05078125,-0.011524279366189272
2024-11-12,22331.05078125,22721.900390625,22286.849609375,22664.19921875,17128100,22331.05078125,-0.0115242793661892,-1.3065662755693102,22850.39755859375,23461.65296875,21901.110537109376,22875.25272168541,23145.01699288521,0.9772718712656082,0.9518106337602931,1.0196309791419997,39.35734493761641,-255.68656934961473,-248.23436048254945,-7.452208867065281,23536.28935880475,22164.505758382755,0.060033248739080364,0.12140764973126274,0.13975584094654275,0.13329778877262333,-0.0115242793661892,-0.015379239021973912,-0.05917872587424766,22591.400390625,22645.650390625,22679.849609375,21182375.0,0.8086014906260511,21914.94921875,-0.018633317642597236
2024-11-13,21914.94921875,22309.80078125,21867.69921875,22263.0,23256700,21914.94921875,-0.0186333176425972,-2.0845256216757195,22762.4875,23424.18296875,21913.611279296874,22783.79524521537,23096.77904095834,0.9627660078341614,0.9355694176393066,1.000061055178723,34.18142665693206,-300.82717871505884,-258.75292412905134,-42.0742545860075,23455.034853265435,22069.940146734563,0.06084988323577602,-0.11189915552608234,0.1503266245591141,0.13878398862340602,-0.0186333176425972,-0.04846686398731881,-0.07426984338220066,22331.05078125,22591.400390625,23031.19921875,21476555.0,1.082887828145622,21963.099609375,0.002197148172435881
2024-11-14,21963.099609375,22096.849609375,21907.55078125,21924.099609375,19082200,21963.099609375,0.0021971481724358,0.1950029072863193,22691.79248046875,23388.466953125,21925.394775390625,22705.633756087715,23052.321024033503,0.9678873816724285,0.9390568288803747,1.001719687803601,39.35950837817907,-328.92446624536024,-272.7872325523131,-56.13723369304711,23408.45776896412,21975.12719197338,0.06316515445945355,-0.00839135283335978,0.14808370876290344,0.1390455425497082,0.0021971481724358,-0.03697014593039194,-0.06048254226911065,21914.94921875,22331.05078125,22806.25,21540315.0,0.8858830523137661,21899.400390625,-0.002900283652258695
2024-11-18,21899.400390625,22049.150390625,21787.349609375,22045.900390625,20564200,21899.400390625,-0.0029002836522586,-0.3628214530524912,22614.7275390625,23351.1989453125,21938.85953125,22628.849626043644,23007.108450174346,0.9683689689737843,0.9378276653765167,0.9982014041993025,34.56456092158686,-352.2710028004949,-288.68398660194947,-63.58701619854543,23323.750174327648,21905.704903797352,0.06270450387168444,-0.00444591812642901,0.14650029335147982,0.1389937201082741,-0.0029002836522586,-0.03295334808793737,-0.06575310803408663,21963.099609375,21914.94921875,22645.650390625,21594730.0,0.9522786346483609,22004.349609375,0.004792332980720682
2024-11-19,22004.349609375,22233.400390625,21948.44921875,21977.650390625,19033700,22004.349609375,0.0047923329807206,0.4790002917396577,22551.78251953125,23321.731953125,21951.626279296874,22569.373433979963,22967.784574064568,0.9757255148375904,0.9435126710830121,1.0024017960859626,33.465741686707716,-358.17594700693735,-302.5823786829471,-55.59356832399027,23241.652917320873,21861.91212174163,0.06118100839187507,0.10323496129827042,0.14834258163438907,0.1376349991615258,0.0047923329807206,-0.025985586156651697,-0.0541154133934425,21899.400390625,21963.099609375,22591.400390625,21538105.0,0.8837221287573814,21820.849609375,-0.008339260339774834
2024-11-21,21820.849609375,21954.19921875,21692.80078125,21947.75,26353500,21820.849609375,-0.0083392603397748,-0.9580218982871228,22502.1025390625,23288.1059375,21963.76552734375,22498.08545068425,22922.806732312038,0.9697249211043777,0.936995463174945,0.993493104914509,31.63656047308143,-373.35872725976515,-316.73764839831074,-56.62107886145441,23252.755960020248,21751.449118104752,0.06671851393927462,0.04622672016977842,0.13677312621691565,0.13843768011732724,-0.0083392603397748,-0.022847163658925695,-0.04355133011751222,22004.349609375,21899.400390625,22331.05078125,21647375.0,1.217399338256948,22225.55078125,0.018546535956195154
2024-11-22,22225.55078125,22260.150390625,21819.19921875,21864.650390625,23049700,22225.55078125,0.0185465359561951,1.984156170351908,22471.32509765625,23259.7439453125,21976.335029296875,22472.12976788099,22895.463361682152,0.9890627581890183,0.9555372076969523,1.0113401871431653,41.9300025893723,-348.71541343637364,-323.13320140592333,-25.582212030450307,23213.88815476352,21728.762040548976,0.06608983260935408,0.3345094641766713,0.15511157171515358,0.14462967608339625,0.0185465359561951,0.014173045047909838,-0.026949176644383233,21820.849609375,22004.349609375,21914.94921875,21496765.0,1.0722404045445908,22553.5,0.014755504688174659
2024-11-25,22553.5,22676.25,22510.80078125,22578.650390625,37062000,22553.5,0.0147555046881746,1.5692943997906763,22459.6076171875,23240.1889453125,21991.231533203125,22479.879313797086,22882.05303377305,1.0041804996958472,0.9704525231301527,1.0255678480738082,45.59797565312634,-299.2728177663448,-318.3611246780076,19.088306911662812,23188.40886170418,21730.806372670817,0.06489884034829936,0.564415630131232,0.16516585656535515,0.1487346640635248,0.0147555046881746,0.026881469424879567,-0.010283972090046944,22225.55078125,21820.849609375,21963.099609375,22373290.0,1.6565288341589457,22562.44921875,0.0003967995543929792
2024-11-26,22562.44921875,22675.69921875,22523.0,22649.30078125,32509700,22562.44921875,0.0003967995543929,-0.0020136200130559,22462.7775390625,23213.2909375,22005.03328125,22487.743114268793,22869.51955083097,1.0044371930191702,0.9719625398870697,1.0253312926354428,50.79660214130764,-256.4113271528913,-305.97116517298434,49.559838020093025,23192.8515252584,21732.7035528666,0.06500300195968896,0.5682613554047299,0.15874394708136622,0.1437182701582189,0.0003967995543929,0.030277031165147683,0.0028178272104186775,22553.5,22225.55078125,21899.400390625,22690385.0,1.4327522428552888,22691.69921875,0.005728544749148412
2024-11-27,22691.69921875,22732.099609375,22526.099609375,22594.19921875,27765700,22691.69921875,0.0057285447491484,0.5814522222068507,22464.8650390625,23188.5609375,22019.605029296876,22507.167505171765,22862.546204474853,1.010097286553606,0.9785729817348654,1.030522536101756,50.216332593545076,-209.59777949673298,-286.69648803773407,77.09870854100109,23197.426926500044,21732.303151624958,0.06521845434314541,0.6548225368919318,0.1582483166562877,0.144475509647324,0.0057285447491484,0.03123698821264642,0.0018432712407778773,22562.44921875,22553.5,22004.349609375,22624030.0,1.2272658761502704,22514.349609375,-0.007815616083455601
2024-11-28,22514.349609375,22821.75,22472.25,22722.30078125,30300900,22514.349609375,-0.0078156160834556,-0.9007182339376992,22450.82998046875,23159.4839453125,22032.6227734375,22507.85151509588,22848.891436039565,1.002829277535018,0.9721438380293411,1.0218642528804274,39.92396913966013,-184.67946707243027,-266.29308384467333,81.61361677224306,23167.33602126442,21734.32393967308,0.06382891335589527,0.5443259549041412,0.15882939541784882,0.1451349695580344,-0.0078156160834556,0.031781530619323206,-0.012314127946838838,22691.69921875,22562.44921875,21820.849609375,22979355.0,1.318614034205921,22687.0,0.007668460054165216
2024-11-29,22687.0,22733.75,22531.900390625,22537.80078125,24656200,22687.0,0.0076684600541652,0.7937418714553338,22447.68994140625,23133.8259375,22046.7902734375,22524.91327556294,22842.542752273308,1.0106607877789833,0.9806851690374442,1.0290386817592148,47.62681770593825,-149.27928267791867,-242.89032361132243,93.61104093340376,23159.212378432156,21736.167504380344,0.06339382260563246,0.6681676122494286,0.16136631356685957,0.14647578364416358,0.0076684600541652,0.020762104988610197,-0.002760498074416473,22514.349609375,22691.69921875,22225.55078125,22819445.0,1.0804907831895123,22835.849609375,0.0065610089203067545
2024-12-02,22835.849609375,22843.5,22603.099609375,22695.400390625,18255400,22835.849609375,0.0065610089203067,0.6725508008149528,22455.01494140625,23112.569921875,22060.800771484373,22554.526259735518,22842.280276081216,1.0169598937681623,0.9880272806773384,1.0351323982261083,53.80292074530274,-107.96886415455083,-215.9060317199681,107.93716756541727,23179.90335642334,21730.126526389162,0.0645636101252721,0.7626850285357427,0.16273236976745703,0.14739562589644442,0.0065610089203067,0.012519103880772375,0.006456773883878331,22687.0,22514.349609375,22553.5,22514070.0,0.8108440632902003,23020.849609375,0.008101297002939267
2024-12-03,23020.849609375,23029.55078125,22876.80078125,22922.599609375,21659200,23020.849609375,0.0081012970029392,0.841108271317946,22464.8798828125,23095.9079296875,22075.357265625,22598.93800732023,22849.282995033915,1.02474839524906,0.996750146366144,1.0428302170774961,58.15993741535536,-59.61490247209076,-184.64780587039263,125.03290339830187,23215.78868411795,21713.97108150705,0.06685179758115901,0.8701979025915533,0.16390109282319953,0.14874042229791445,0.0081012970029392,0.0203169605471758,0.008644528190025813,22835.849609375,22687.0,22562.44921875,23294885.0,0.9297835125608046,23099.5,0.003416485141059633
2024-12-04,23099.5,23149.900390625,22978.849609375,23075.94921875,26977000,23099.5,0.0034164851410596,0.3284379169052587,22493.93984375,23074.0219140625,22090.91701171875,22646.610578051637,22859.095426601212,1.02692103564144,1.0011041892060426,1.0456560036754572,65.6842375493746,-14.77726711577634,-150.67369811946938,135.89643100369304,23296.744585898407,21691.13510160159,0.07137964693823379,0.8771528271174432,0.15570715919684447,0.14509787481654932,0.0034164851410596,0.017971363771340565,0.02581008329162815,23020.849609375,22835.849609375,22691.69921875,23514015.0,1.1472732325806545,23277.94921875,0.0077252416177839844
2024-12-05,23277.94921875,23357.099609375,22993.849609375,23183.30078125,27902600,23277.94921875,0.0077252416177839,0.7999556160416236,22523.84482421875,23051.9969140625,22107.4992578125,22706.738067641956,22875.52106550901,1.0334802694840268,1.0098018538493583,1.0529435711967232,80.80786230495727,34.75560159205634,-113.58783817716424,148.3434397692206,23397.26225122871,21650.427397208794,0.07755491425431746,0.9316975888103728,0.15599397798688822,0.14511678010530066,0.0077252416177839,0.033916130051433235,0.026371409849550664,23099.5,23020.849609375,22514.349609375,23837435.0,1.1705370145739253,23312.099609375,0.0014670704151846792
2024-12-06,23312.099609375,23358.19921875,23221.69921875,23315.80078125,24696700,23312.099609375,0.0014670704151846,0.1151087229318975,22537.88984375,23030.444921875,22125.683759765627,22764.39154780701,22892.64179271944,1.0343514752708625,1.0122296676618903,1.053621658091616,80.68562482066493,75.89157716409682,-75.69195510891204,151.58353227300887,23453.665888743213,21622.113798756785,0.08126546463240682,0.9227069324737661,0.14680163019999756,0.14518366657016404,0.0014670704151846,0.027553207095473153,0.012196516037094485,23277.94921875,23099.5,22687.0,23993370.0,1.0293135145250543,23292.0,-0.0008621964435548968
2024-12-09,23292.0,23351.900390625,23243.30078125,23289.400390625,22821900,23292.0,-0.0008621964435548,-0.1397886136524217,22562.17734375,23008.859921875,22143.2292578125,22814.63997182539,22908.302898887305,1.032347173108812,1.0123056978523224,1.0518790971638516,82.31842357369162,105.65236893376641,-39.42309030037635,145.07545923414276,23532.08614933221,21592.26853816779,0.08597652529762105,0.8762326169474404,0.1417388527008003,0.14518346419898168,-0.0008621964435548,0.019975188067350658,0.021298986023568167,23312.099609375,23277.94921875,22835.849609375,24116925.0,0.9463022338046828,23314.900390625,0.000983186957968396
2024-12-10,23314.900390625,23341.349609375,23216.25,23328.80078125,21731600,23314.900390625,0.0009831869579683,0.0621561795172775,22595.63984375,22985.219921875,22160.192255859376,22862.283821234872,22924.24789856329,1.0318318291426454,1.014343150505871,1.0521073157413743,81.61840515488257,129.59202476973223,-5.620067286354633,135.21209205608687,23622.199159908414,21569.080527591585,0.0908634872264808,0.8503258582103973,0.13845508621438105,0.14459467241377133,0.0009831869579683,0.012773237575482543,0.029553136626937482,23292.0,23312.099609375,23020.849609375,24243325.0,0.8963951933160983,23358.150390625,0.0018550368766487857
2024-12-11,23358.150390625,23394.19921875,23301.150390625,23326.69921875,17613100,23358.150390625,0.0018550368766487,0.1575648362536474,22633.97734375,22962.5919140625,22176.7980078125,22909.509208795836,22941.263682565714,1.031994953245589,1.0172262120078985,1.053269745361631,89.78111486400945,150.32147564099068,25.568241299114433,124.75323434187625,23715.65958365209,21552.29510384791,0.0955803943314214,0.8347438925038255,0.13769154287168797,0.14472520930649843,0.0018550368766487,0.011197228971406403,0.033939905749188926,23314.900390625,23292.0,23099.5,24121005.0,0.7301976016339286,23256.400390625,-0.00435608120927411
2024-12-12,23256.400390625,23386.25,23242.75,23348.69921875,19632100,23256.400390625,-0.0043560812092741,-0.5221329198759997,22680.24482421875,22942.8159375,22192.2555078125,22942.54646420814,22953.62198484255,1.0254034103631462,1.0136680891299157,1.0479511819985077,81.63574789392494,156.73262403709305,51.801117846710156,104.93150619038289,23786.25763232986,21574.23201610764,0.09753094084152242,0.760465142076189,0.13073143169689794,0.14345743231243302,-0.0043560812092741,-0.0009257184953236353,0.041437799700494216,23358.150390625,23314.900390625,23277.94921875,24246205.0,0.8096978475600615,23358.94921875,0.004409488416201368
2024-12-13,23358.94921875,23378.55078125,22879.900390625,23208.349609375,21518400,23358.94921875,0.0044094884162013,0.4371046800558325,22752.44482421875,22924.56890625,22207.690751953123,22982.2038694026,22969.51717048598,1.0266566691719063,1.0189482434446815,1.0518405303665184,78.68720174664492,168.15001007777755,75.07089629292363,93.07911378485392,23836.41521291986,21668.47443551764,0.0952838604445034,0.7797605916418193,0.10549718185720448,0.14387525416714345,0.0044094884162013,0.0020096692344331313,0.06589109495925927,23256.400390625,23358.150390625,23312.099609375,24159290.0,0.8906884266880359,23352.44921875,-0.0002782659416367128
2024-12-16,23352.44921875,23417.650390625,23281.19921875,23370.55078125,14889800,23352.44921875,-0.0002782659416367,-0.0758876788450497,22821.9123046875,22916.50890625,22223.811494140624,23017.46533124521,22984.534113555157,1.02324682116816,1.0190229809559301,1.0507850655998834,78.18613104019919,174.66049760164606,94.98881655466812,79.67168104697794,23870.38345785999,21773.44115151501,0.09188284830601977,0.7530050123250583,0.10617815558471297,0.13597311945186286,-0.0002782659416367,0.0025952781534432923,0.06325835761278209,23358.94921875,23256.400390625,23292.0,23949670.0,0.6217121154487724,23095.75,-0.01099238954961057
2024-12-17,23095.75,23349.099609375,23067.30078125,23308.900390625,19211800,23095.75,-0.0109923895496105,-1.2483602795094182,22881.72978515625,22907.724921875,22237.870498046876,23024.92101398376,22988.89552086672,1.009353323234443,1.0082079332961367,1.038577412438321,63.214226400535125,157.29344333855988,107.44974191144648,49.8437014271134,23841.338486967325,21922.121083345177,0.08387553832871024,0.6115143153866865,0.11569488518975483,0.1366064949462269,-0.0109923895496105,-0.009399585113094466,0.05462933176413132,23352.44921875,23358.94921875,23314.900390625,23882050.0,0.8044451795386075,22934.400390625,-0.006986116899213024
2024-12-18,22934.400390625,23125.55078125,22876.69921875,23076.94921875,17807500,22934.400390625,-0.006986116899213,-0.8099441210579442,22928.23232421875,22902.7739453125,22250.975,23016.300002235308,22986.758456935673,1.000269016220659,1.0013809002083336,1.0307144019812615,63.88278520632149,129.02306511005736,111.76440655116866,17.258658558888698,23794.410935294116,22062.05371314338,0.07555563802974886,0.503560504916007,0.12031584459945102,0.13332966126585777,-0.006986116899213,-0.01814141928678037,0.04226667898667413,23095.75,23352.44921875,23358.150390625,23820740.0,0.7475628380982287,22752.150390625,-0.007946577930788123
2024-12-19,22752.150390625,22782.25,22590.0,22594.94921875,17201400,22752.150390625,-0.0079465779307881,-0.9150497073598928,22974.79736328125,22887.5659375,22263.456748046876,22991.14289636766,22977.558140609766,0.9903090778501451,0.9940834448169463,1.0219504836157574,52.13966000929612,90.86509851951996,107.58454494483892,-16.719446425318964,23674.436803925197,22275.157922637303,0.06090494985275414,0.3408844901227502,0.11987123771356678,0.1302449149563983,-0.0079465779307881,-0.021682203244284937,0.04267940056971398,22934.400390625,23095.75,23256.400390625,23363135.0,0.7362624921698222,22319.400390625,-0.019020180183861424
2024-12-20,22319.400390625,22855.0,22279.900390625,22783.650390625,25841100,22319.400390625,-0.0190201801838614,-2.1268609303255164,22979.48984375,22861.961953125,22273.589501953124,22927.167419630263,22951.748032767227,0.9712748430181302,0.9762679352011678,1.0020567357887178,35.7046007457902,25.41238852956303,91.15011366178375,-65.73772513222072,23658.938112400723,22300.04157509928,0.05913519170970539,0.01424598193777844,0.12562121688920821,0.1362158675172347,-0.0190201801838614,-0.04450323592854788,0.004222599939083249,22752.150390625,22934.400390625,23358.94921875,23502705.0,1.099494717735682,22412.30078125,0.0041623156984100795
2024-12-23,22412.30078125,22535.19921875,22331.5,22446.599609375,15840200,22412.30078125,0.00416231569841,0.4100559684816679,22972.4298828125,22838.2449609375,22285.54900390625,22878.132501689284,22930.59323859008,0.9756173332808135,0.9813495222414842,1.0056876219348032,32.250269170690075,-18.746967207920534,69.1706974878429,-87.91766469576343,23673.11773824899,22271.742027376007,0.06100250247891294,0.10030054951240144,0.11452478290104562,0.13670724310399304,0.00416231569841,-0.04025909354060997,-0.006260634435896861,22319.400390625,22752.150390625,23352.44921875,22441615.0,0.705840466472667,22402.69921875,-0.00042840592733939253
2024-12-24,22402.69921875,22516.30078125,22340.099609375,22431.599609375,13500400,22402.69921875,-0.0004284059273393,-0.0923178625858384,22964.4423828125,22814.0739453125,22297.11224609375,22832.853141409352,22909.891512321843,0.9755385672032285,0.9819683793631684,1.0047354550441727,28.823209574962902,-53.89704899987191,44.55714819029994,-98.45419719017185,23688.074939706406,22240.809825918594,0.06302200112949141,0.11185883725725568,0.11449668729767772,0.13666774395856057,-0.0004284059273393,-0.030007719223233753,-0.007080348345659404,22412.30078125,22319.400390625,23095.75,21491150.0,0.6281841595261305,22430.349609375,0.0012342437112158322
2024-12-26,22430.349609375,22492.30078125,22324.599609375,22444.69921875,14200,22430.349609375,0.0012342437112158,0.0896299305364745,22951.37490234375,22788.139921875,22307.514990234376,22794.519471691794,22891.0859475004,0.977298732856499,0.9842992752490278,1.0055064232476991,21.640812773524175,-78.6163463197845,19.922449288283055,-98.53879560806755,23704.58004582818,22198.169758859316,0.06563486036799336,0.15412789764116142,0.112435166424338,0.13609753929234425,0.0012342437112158,-0.021977935880810873,-0.011517410258948257,22402.69921875,22412.30078125,22934.400390625,20103575.0,0.0007063420312058925,22445.19921875,0.0006620320072405761
2024-12-27,22445.19921875,22555.44921875,22435.55078125,22473.900390625,11665400,22445.19921875,0.0006620320072405,0.0270114122853739,22947.9173828125,22762.329921875,22317.580732421877,22761.250876173526,22873.600193431757,0.9780930811421248,0.9860677398046045,1.0057182939252338,20.615530465834837,-95.90282015224875,-3.2426045998233075,-92.66021555242544,23710.150124027434,22185.684641597563,0.06643153960331041,0.17023316050332732,0.10915349129714265,0.13611550014738463,0.0006620320072405,-0.013491083990086472,-0.0030713918822778963,22430.349609375,22402.69921875,22752.150390625,19171800.0,0.608466601988337,22357.150390625,-0.003922835670420177
2024-12-30,22357.150390625,22522.400390625,22266.150390625,22438.150390625,30031300,22357.150390625,-0.0039228356704201,-0.4747218070073506,22931.42490234375,22736.009921875,22327.456484375,22722.765115645096,22853.347259988353,0.9749568762445261,0.9833365866503476,1.0013299278523184,19.707711371762656,-115.37728229133427,-25.6695401381255,-89.70774215320877,23730.797260229276,22132.052544458227,0.06971850735745497,0.14079661621153255,0.10587349185145918,0.1362217496076907,-0.0039228356704201,0.001691353680623786,-0.014539146179530116,22445.19921875,22430.349609375,22319.400390625,19440555.0,1.5447758564506002,22375.400390625,0.0008162936546534105
2024-12-31,22375.400390625,22414.44921875,22160.150390625,22273.69921875,20703900,22375.400390625,0.0008162936546534,0.0438926394900225,22908.40244140625,22715.9779296875,22337.435732421876,22689.682760881275,22834.604245503517,0.9767333382524368,0.9850071372618566,1.0016995978704941,19.464997587614548,-127.86437049385131,-46.108506209270665,-81.75586428458064,23745.019657275654,22071.78522553685,0.07304020592524649,0.18145405050770824,0.10255192958821954,0.1337476038562628,0.0008162936546534,-0.0016464347406880409,-0.020163437166838216,22357.150390625,22445.19921875,22412.30078125,19562980.0,1.058320358145845,22819.75,0.019858845053837726
2025-01-02,22819.75,22833.349609375,22482.69921875,22521.75,18525200,22819.75,0.0198588450538377,2.127765346135859,22898.3474609375,22703.5589453125,22349.360478515624,22702.07011698782,22834.021726072006,0.9965675487686795,1.0051177462955203,1.0210471132691497,36.12011000726176,-100.74386539760235,-57.035578046937005,-43.708287350665344,23734.107760886516,22062.587160988485,0.07299743366849595,0.4529784670660066,0.12286845049365734,0.14140857809199417,0.0198588450538377,0.018616095193607185,-0.008735542466386859,22375.400390625,22357.150390625,22402.69921875,19406280.0,0.9545982022314426,22708.150390625,-0.004890483435401327
2025-01-03,22708.150390625,22867.849609375,22681.30078125,22850.099609375,22010400,22708.150390625,-0.0048904834354013,-0.5806138550223786,22878.77998046875,22692.456953125,22361.45748046875,22702.64919066755,22829.08559527016,0.9925420153526799,1.0006915706629924,1.0155040390573407,35.93760332457212,-87.25006112250412,-63.07847466205043,-24.17158646045369,23713.034445101428,22044.52551583607,0.07292823003191884,0.39773528516909107,0.12297527720702225,0.14084619210694863,-0.0048904834354013,0.01238504018385389,-0.01694190823935582,22819.75,22375.400390625,22430.349609375,19157950.0,1.1488911913852995,22225.400390625,-0.0212588868620186
2025-01-06,22225.400390625,22757.400390625,22163.55078125,22753.650390625,24961500,22225.400390625,-0.0212588868620186,-2.3718480461275164,22826.1525390625,22680.6759765625,22371.72748046875,22657.19692399683,22805.411665676234,0.9736814100663952,0.979926718832897,0.993459285163763,25.67020672744269,-114.19366106511734,-73.30151194266381,-40.89214912245353,23686.762272328502,21965.542805796496,0.07540558854964277,0.1509729525380781,0.1383248388723062,0.1422617353324763,-0.0212588868620186,-0.00979268778070752,-0.045216561744072736,22708.150390625,22819.75,22445.19921875,19010895.0,1.3130102501749654,22341.650390625,0.005230501946279276
2025-01-07,22341.650390625,22435.5,22247.75,22278.150390625,19294300,22341.650390625,0.0052305019462792,0.5269501871652206,22777.630078125,22670.6869921875,22385.204228515624,22627.144873199515,22787.22494900756,0.9808593042382094,0.9854862536068761,0.9980543470836356,29.280955320464713,-124.72846260346341,-83.58690207482374,-41.14156052863967,23632.28820972832,21922.971946521677,0.07504363962992575,0.24493913333372577,0.1403059531145815,0.142795635301545,0.0052305019462792,-0.0006932905012124735,-0.041628563493257054,22225.400390625,22708.150390625,22357.150390625,18740775.0,1.029535864978903,22231.80078125,-0.004916808179090237
2025-01-08,22231.80078125,22384.25,22065.19921875,22378.150390625,19023200,22231.80078125,-0.0049168081790902,-0.5834946357398784,22724.6201171875,22659.566015625,22396.781484375,22589.49305491861,22765.4436090955,0.9783134180727289,0.9811220905960849,0.9926337316261225,31.156633444866273,-140.32374931323648,-94.9342715225063,-45.38947779073018,23576.459559030227,21872.780675344773,0.07497062106648028,0.2107322626012551,0.14057461266760976,0.14309291353645504,-0.0049168081790902,-0.006417744794196656,-0.04551774080156279,22341.650390625,22225.400390625,22375.400390625,18550840.0,1.0254629979019818,22046.55078125,-0.008332658331314136
2025-01-09,22046.55078125,22239.19921875,22028.5,22231.05078125,16939500,22046.55078125,-0.0083326583313141,-0.9572994244467276,22661.20263671875,22650.516015625,22407.8882421875,22537.784266950173,22737.251733493715,0.972876467973822,0.973335475714621,0.9838745419902083,30.83515532823229,-165.72092551818423,-109.09160232164189,-56.629323196542344,23516.85335877943,21805.55191465807,0.07551679721306591,0.14082782867954988,0.14158404880462716,0.14150966953157662,-0.0083326583313141,-0.03388289612068496,-0.05440081613580505,22231.80078125,22341.650390625,22819.75,18311235.0,0.925087794460614,21799.0,-0.011228549250458464
2025-01-10,21799.0,22075.400390625,21738.44921875,22049.400390625,19746200,21799.0,-0.0112285492504584,-1.2742038098583843,22583.2451171875,22633.49703125,22417.667744140625,22467.423860573967,22700.45754786651,0.9652731432919429,0.9631300001896387,0.9724026713571786,29.989708095165298,-203.47808115717635,-127.9688980887488,-75.50918306842755,23455.47950979615,21711.01072457885,0.07724615201070265,0.05043900823375274,0.14353724671166385,0.14262265039827787,-0.0112285492504584,-0.040036303044757915,-0.06674973679640228,22046.55078125,22231.80078125,22708.150390625,18417890.0,1.0721206392263174,21243.44921875,-0.025485149834854837
2025-01-13,21243.44921875,21630.55078125,21194.44921875,21557.0,26118000,21243.44921875,-0.0254851498348548,-2.834338280528489,22482.59755859375,22602.465,22425.832236328126,22350.85484706692,22643.31996633253,0.9448841115171722,0.9398731164388486,0.9472758466612108,28.51922241555509,-275.05850096086215,-157.38681866317148,-117.67168229769067,23482.921966566126,21482.27315062137,0.08898655107491961,-0.1193732403047826,0.1635810019220794,0.15207777904362824,-0.0254851498348548,-0.044181484005534566,-0.0865547177578887,21799.0,22046.55078125,22225.400390625,18742185.0,1.393540827817034,21481.05078125,0.011184697929858212
2025-01-14,21481.05078125,21528.69921875,21325.0,21328.0,25453100,21481.05078125,0.0111846979298582,1.1785323328608803,22388.70263671875,22577.09,22435.077236328125,22268.016364608164,22597.740782603803,0.959459381358697,0.951453477009216,0.9574761234370385,32.42362312220122,-309.0514858388415,-187.7197520983055,-121.33173374053598,23395.193253037167,21382.212020400333,0.08991057969278397,0.04910068670642668,0.1700946352678114,0.15465331196776957,0.0111846979298582,-0.038519965818466284,-0.08039310415524292,21243.44921875,21799.0,22341.650390625,18938920.0,1.3439573111877552,21551.19921875,0.0032655961858825133
2025-01-15,21551.19921875,21634.599609375,21445.400390625,21572.44921875,30942300,21551.19921875,0.0032655961858825,0.3119257716135634,22298.64013671875,22554.3269921875,22443.34623046875,22199.748065002626,22556.69993696248,0.9664804260086716,0.9555239323352468,0.9602489306827346,34.287924022755504,-326.56632529208946,-215.4890667370623,-111.07725855502716,23263.52250054493,21333.75777289257,0.08654181222802744,0.1126776973076105,0.1716164991507572,0.1549180685676242,0.0032655961858825,-0.030613874656254092,-0.07713323699484809,21481.05078125,21243.44921875,22231.80078125,19741545.0,1.5673697271414166,21714.55078125,0.007579697112997774
2025-01-16,21714.55078125,21776.349609375,21687.44921875,21734.400390625,22356500,21714.55078125,0.0075796971129977,0.7840283269526594,22229.58017578125,22532.1469921875,22451.945986328126,22153.53879988333,22523.674479875717,0.9768313485698499,0.9637142341020152,0.9671567352991516,37.42182593188141,-323.5363304159473,-237.0985194728393,-86.43781094310799,23150.97854817035,21308.18180339215,0.08289840519731506,0.22051752533703256,0.17415132371145456,0.15534377530900162,0.0075796971129977,-0.015059044985955672,-0.059803176720825246,21551.19921875,21481.05078125,22046.55078125,19898780.0,1.1235110896245901,21680.25,-0.0015796219592817407
2025-01-17,21680.25,21730.849609375,21563.80078125,21699.44921875,20140800,21680.25,-0.0015796219592817,-0.2182982324495396,22166.87265625,22515.3859765625,22460.320986328126,22108.463676084917,22490.59901007667,0.9780473022155068,0.9629082096379854,0.9652689297360013,36.649409191505676,-320.2116237561095,-253.72114032949338,-66.4904834266161,23056.459018993624,21277.28629350638,0.08026268536285941,0.2264893681882623,0.17357518976764233,0.15272649588850365,-0.0015796219592817,-0.005447497591632655,-0.05468424590414256,21714.55078125,21551.19921875,21799.0,20015445.0,1.0062629134650767,21809.0,0.0059385846565422895
2025-01-20,21809.0,21848.94921875,21628.5,21769.94921875,35051300,21809.0,0.0059385846565422,0.6044374000409128,22119.71513671875,22497.968984375,22468.926982421875,22079.943325981592,22463.869637132484,0.9859530226859494,0.9693763919377126,0.9706293503495669,40.567192531883805,-303.6870060168512,-263.714313466965,-39.97269254988623,22978.11323948702,21261.317033950483,0.07761384786943182,0.3190145483097892,0.17505392431957437,0.1524232511355703,0.0059385846565422,0.02662236134190632,-0.041453241756595594,21680.25,21714.55078125,21243.44921875,20907940.0,1.676458799862636,21433.19921875,-0.0172314540442019
2025-01-21,21433.19921875,21863.05078125,21411.30078125,21855.099609375,23319600,21433.19921875,-0.0172314540442019,-1.931116279098784,22075.405078125,22466.008984375,22474.8172265625,22018.348649102394,22423.45118935278,0.9709085356711584,0.9540278931454486,0.953653994276695,35.562805970246814,-317.2579575058444,-274.42304227474085,-42.83491523110354,22980.6165355515,21170.1936206985,0.08201085816753165,0.14527301653862953,0.17285628261109703,0.15220797829033497,-0.0172314540442019,-0.0022276174004377536,-0.039705420233746014,21809.0,21680.25,21481.05078125,20781865.0,1.1221129576195399,21396.55078125,-0.0017098911425196262
2025-01-22,21396.55078125,21500.30078125,21178.80078125,21484.44921875,20884100,21396.55078125,-0.0017098911425196,-0.2325539059554598,22024.617578125,22437.815,22479.3372265625,21959.129804545024,22383.18058511346,0.9714834187405461,0.9535933325615708,0.9518319230500695,25.078832202541122,-327.19851613675564,-284.97813704714383,-42.22037908961181,22963.59171106769,21085.643445182308,0.08526587393510465,0.1655569227946466,0.1713447128600861,0.15099791356294137,-0.0017098911425196,-0.007175862277095546,-0.04532109442551169,21433.19921875,21809.0,21551.19921875,21034060.0,0.9928706108093255,21538.05078125,0.006613215440499864
2025-01-23,21538.05078125,21595.0,21338.94921875,21377.80078125,18373700,21538.05078125,0.0066132154404998,0.6782638872737368,21981.38515625,22415.6630078125,22484.17873046875,21919.027040421686,22350.038239863912,0.9798313722338856,0.9608482592615427,0.9579202798305178,29.723105041232643,-319.9701957918951,-291.9765487960941,-27.993646995800987,22926.663136073752,21036.107176426245,0.0860071349557276,0.2655005276421844,0.17414369888882777,0.15140658496206882,0.0066132154404998,-0.0081281902526118,-0.038595725856834684,21396.55078125,21433.19921875,21714.55078125,21277725.0,0.8635180687784996,21318.900390625,-0.010175033611480866
2025-01-24,21318.900390625,21611.19921875,21279.0,21533.05078125,17534800,21318.900390625,-0.0101750336114808,-1.1589150315813304,21925.8126953125,22390.2130078125,22487.744736328124,21861.87212139343,22309.601461462385,0.9723197350483045,0.9521526384401214,0.9480230516929117,32.711619951073615,-328.14268029188315,-299.2097750952519,-28.932905196631225,22890.441415503883,20961.183975121116,0.08799023631152034,0.1854166312986864,0.17611079244912234,0.1527875306933307,-0.0101750336114808,-0.016667225210733272,-0.04955113219837903,21538.05078125,21396.55078125,21680.25,22153755.0,0.791504645600712,20910.94921875,-0.019135657299397923
2025-01-27,20910.94921875,21163.0,20861.150390625,21158.849609375,23045500,20910.94921875,-0.0191356572993979,-2.1394978718920235,21849.1001953125,22361.8109765625,22488.97623046875,21771.308035427388,22254.752353905038,0.95706226031387,0.9351187719396629,0.9298310872159316,25.446230147035635,-363.3492196902589,-312.0376640142533,-51.31155567600558,22881.46131729329,20816.73907333171,0.09449918877686551,0.04562848377972717,0.18521330573578262,0.1563683888874149,-0.0191356572993979,-0.041177989878032006,-0.0683553745746367,21318.900390625,21538.05078125,21809.0,22722760.0,1.0142033802231771,20924.75,0.0006599787080743269
2025-01-28,20924.75,21100.44921875,20757.900390625,21009.19921875,24931900,20924.75,0.0006599787080743,0.0267867147644677,21777.48017578125,22342.0069921875,22490.024482421875,21690.68346062478,22202.59539884994,0.9608434874513365,0.9365653679777701,0.9304013882401378,26.803587694998683,-385.6910418577536,-326.7683395829534,-58.9227022748002,22859.011721225448,20695.94863033705,0.09932568292698263,0.10577655854174468,0.1857778865323661,0.15126320951473865,0.0006599787080743,-0.023722507011701865,-0.0640690054679619,20910.94921875,21318.900390625,21433.19921875,22467790.0,1.1096730029967343,21245.5,0.015328737499850753
2025-01-29,21245.5,21259.849609375,20968.349609375,20971.400390625,18562800,21245.5,0.0153287374998507,1.6320246603405748,21720.98515625,22327.655,22492.156484375,21648.28503580337,22165.062245953864,0.9781094111142015,0.9515329755856583,0.9445737235004107,36.43599746520438,-373.21308438946653,-336.05728854425604,-37.15579584521049,22788.967550888607,20653.002761611395,0.09833646005980122,0.2773909201887278,0.19679577666450437,0.1554516803635602,0.0153287374998507,-0.007059585574996863,-0.05049743785136529,20924.75,20910.94921875,21396.55078125,22360735.0,0.8301516027983874,21297.5,0.00244757713398136
2025-01-30,21297.5,21404.19921875,21209.599609375,21282.099609375,19976300,21297.5,0.0024475771339813,0.2224079575329284,21644.87265625,22315.6169921875,22494.69048828125,21614.876937155426,22131.04019709293,0.983951272813347,0.9543764802674318,0.9467789748472009,40.90597418767392,-355.0356181748284,-339.85295447037055,-15.182663704457866,22593.442618162604,20696.3026943374,0.08764846778977535,0.3168966601314728,0.1794857805945577,0.15551132475719148,0.0024475771339813,-0.011168642125192307,-0.06670756691024227,21245.5,20924.75,21538.05078125,22433290.0,0.8904757171150554,21580.900390625,0.013306744482920463
2025-01-31,21580.900390625,21613.0,21310.30078125,21339.349609375,22528800,21580.900390625,0.0133067444829204,1.410753047483592,21588.51015625,22307.1480078125,22498.018994140624,21611.6410755811,22109.466087035365,0.9996475085325517,0.9674432779603583,0.9592355840861154,56.78934045027773,-314.1405850716219,-334.7104805906208,20.56989551899892,22394.27581400471,20782.744498495285,0.07464763913052166,0.4952779287921636,0.1888403747122119,0.15815661304619646,0.0133067444829204,0.012289564433408229,-0.04964076688805896,21297.5,21245.5,21318.900390625,22459210.0,1.0030985061362354,21402.55078125,-0.008264233935877718
2025-02-03,21402.55078125,21445.94921875,21286.69921875,21422.849609375,22552300,21402.55078125,-0.0082642339358777,-0.9498115764619874,21547.36767578125,22298.78203125,22501.304248046876,21591.727714216235,22081.74391818104,0.9932791375396623,0.9598080626670998,0.9511693431329765,48.382045340452564,-292.7476865497774,-326.3179217824522,33.57023523267475,22298.377458716466,20796.357892846034,0.06970779857989792,0.40358521431927485,0.1769562008835915,0.1581371854141632,-0.0082642339358777,0.023509289671996392,-0.037022937491019925,21580.900390625,21297.5,20910.94921875,22338750.0,1.0095596217335348,21727.44921875,0.015180360547707883
2025-02-04,21727.44921875,21743.55078125,21474.44921875,21551.400390625,21541600,21727.44921875,0.0151803605477078,1.6157874096495215,21516.6576171875,22288.82,22507.547744140626,21604.65357179088,22067.85000839943,1.0097966703431727,0.9748137953803746,0.9653405811126755,53.28744606505969,-246.73288857340594,-310.40091514064295,63.66802656723701,22175.485399787653,20857.829834587345,0.06123885915011744,0.6599747362883844,0.18553469404362352,0.15623898361474747,0.0151803605477078,0.038361233407806505,-0.02749130709397951,21402.55078125,21580.900390625,20924.75,22451115.0,0.9594890944169142,21784.25,0.0026142406629574566
2025-02-05,21784.25,21870.400390625,21763.69921875,21797.69921875,19686800,21784.25,0.0026142406629574,0.2406463527955213,21494.280078125,22273.435,22514.353994140623,21621.757993525083,22056.728439442588,1.0134905621784516,0.9780372897130595,0.9675716214495591,51.35385525868545,-203.33852141444368,-288.98843639540314,85.64991498095947,22076.818547962295,20911.741608287706,0.05420404570145377,0.7488847834849776,0.18552830537313317,0.15251303683298195,0.0026142406629574,0.025358311171777448,-0.020131107940993154,21727.44921875,21402.55078125,21245.5,22484295.0,0.875580043759433,21672.44921875,-0.005132184089422398
2025-02-06,21672.44921875,21870.900390625,21620.150390625,21860.099609375,15731100,21672.44921875,-0.0051321840894223,-0.6070637453513884,21475.575,22255.635,22521.092744140624,21626.58572926079,22041.658666082094,1.009167354948587,0.9737960394637134,0.9623178353274435,49.85290434705047,-175.94141833930917,-266.37903278418435,90.43761444487518,22005.05563752271,20946.09436247729,0.04931003128183383,0.6859125762090493,0.18418237485289846,0.15282295816993632,-0.0051321840894223,0.017605316058222797,-0.01696871162350544,21784.25,21727.44921875,21297.5,22423875.0,0.7015335217485827,21646.150390625,-0.0012134682083946302
2025-02-07,21646.150390625,21765.150390625,21521.75,21703.75,21144700,21646.150390625,-0.0012134682083946,-0.178229137089643,21467.93251953125,22234.7240234375,22527.3975,21628.449030343098,22026.1485376328,1.0083015852100154,0.9735290785623385,0.9608810955914904,46.805806162182165,-154.56933334922724,-244.01709289719292,89.44775954796569,21981.943654837003,20953.921384225494,0.047886412428219616,0.6733599321608732,0.1800391870742089,0.1521003235195821,-0.0012134682083946,0.003023506842575685,-0.007011771612229878,21672.44921875,21784.25,21580.900390625,22493800.0,0.9400234731348194,21371.30078125,-0.012697389809046
2025-02-10,21371.30078125,21659.25,21301.849609375,21636.19921875,14732900,21371.30078125,-0.012697389809046,-1.4349426040614608,21474.32509765625,22211.863046875,22531.379755859376,21603.958720905663,22000.468233460924,0.9952024421751213,0.9621570570712095,0.9485127414663679,48.73583740572284,-157.98867339717617,-226.81140899718957,68.8227356000134,21979.68854450445,20968.961650808047,0.04706675944878326,0.39806908567568744,0.16102226127950067,0.15362935750338785,-0.012697389809046,-0.001460106335894218,0.006018399422027754,21646.150390625,21672.44921875,21402.55078125,21924545.0,0.6719820183269481,20950.44921875,-0.019692370006285764
2025-02-11,20950.44921875,21376.44921875,20860.599609375,21366.25,17841200,20950.44921875,-0.0196923700062857,-2.2004202972019105,21447.79501953125,22177.13203125,22532.86875,21541.719720700363,21959.291017197753,0.9768113318721879,0.9446870402010743,0.9297728332416616,42.12503189216451,-192.4394072136929,-219.93700864049026,27.49760142679736,22004.748540122942,20890.84149893956,0.051935736991562995,0.05351229286337975,0.17048728352469777,0.1579137306327381,-0.0196923700062857,-0.03576121578641078,-0.02470091281396447,21371.30078125,21646.150390625,21727.44921875,21543950.0,0.828130403199042,20907.849609375,-0.002033350642280052
2025-02-12,20907.849609375,21002.0,20545.75,20924.150390625,25437300,20907.849609375,-0.00203335064228,-0.2679508655921259,21415.6275390625,22138.57203125,22533.75474609375,21481.351138669375,21918.058020812547,0.976289374254324,0.9444082292147046,0.9278457960051864,38.47264090729271,-220.6359406415795,-220.07679504070813,-0.5591456008713749,22019.752046273443,20811.50303185156,0.0564190338208842,0.07974066303663374,0.16968424509972574,0.15682045839312636,-0.00203335064228,-0.040230918696994356,-0.02985214896140309,20950.44921875,21371.30078125,21784.25,21268700.0,1.195996934462379,20904.349609375,-0.0001674012423750204
2025-02-13,20904.349609375,21122.0,20866.5,20926.0,21300900,20904.349609375,-0.000167401242375,-0.0637554852078128,21375.11748046875,22096.24203125,22533.9369921875,21426.398612069912,21878.304749775783,0.9779758931606384,0.9460590438777171,0.9276829706510018,41.76776765882729,-240.49207434557684,-224.1598509016819,-16.332223443894947,22003.032864599172,20747.20209633833,0.058751993733287496,0.1251343071122344,0.16640713435944654,0.15524951901263964,-0.000167401242375,-0.03544129238104177,-0.03731144061126923,20907.849609375,20950.44921875,21672.44921875,21215920.0,1.004005482675274,20633.099609375,-0.01297576844382431
2025-02-14,20633.099609375,20984.69921875,20476.650390625,20964.599609375,20478700,20633.099609375,-0.0129757684438243,-1.4654062550170095,21322.7599609375,22046.9140234375,22532.9057421875,21350.84632609897,21829.473175642423,0.9676561405359376,0.9358724575893247,0.9156874770369466,44.165643411661264,-274.9464004743968,-234.31716081622488,-40.62923965817191,22014.892848276806,20630.627073598193,0.06491963410057947,0.0017861712844701048,0.17101712245603626,0.15672804613063296,-0.0129757684438243,-0.046800505538793336,-0.04829973780860464,20904.349609375,20907.849609375,21646.150390625,21232815.0,0.964483512902081,20652.349609375,0.0009329669494375636
2025-02-17,20652.349609375,20667.55078125,20339.0,20511.05078125,20032500,20652.349609375,0.0009329669494375,0.0566604818604285,21264.92744140625,21994.40203125,22531.206494140624,21284.322829268116,21783.311467161348,0.9711930438644026,0.9389820909898714,0.9166109065107441,44.29312756175432,-297.27162578359275,-246.90805380969846,-50.363571973894295,21978.938548917824,20550.916333894675,0.06715387197806715,0.0710306005138793,0.16868050599073625,0.15524897803283488,0.0009329669494375,-0.033640964545581964,-0.053035461993901634,20633.099609375,20904.349609375,21371.30078125,20481875.0,0.9780598700070184,20611.400390625,-0.0019827874079475505
2025-02-18,20611.400390625,20692.30078125,20466.75,20663.599609375,17246500,20611.400390625,-0.0019827874079475,-0.2624176079011554,21223.8375,21940.388046875,22529.2775,21220.234977968772,21737.354170042276,0.9711439031996452,0.9394273404184713,0.9148717880821966,34.95111158882884,-314.6417926835784,-260.45480158447447,-54.18699109910392,21989.772895405902,20457.9021045941,0.07217689971531911,0.10020315482969287,0.15966147629988076,0.15500647931335582,-0.0019827874079475,-0.016183367935688975,-0.03834233143347454,20652.349609375,20633.099609375,20950.44921875,20178220.0,0.8547086908557842,20731.44921875,0.005824389699382371
2025-02-19,20731.44921875,20802.55078125,20459.19921875,20511.19921875,17911800,20731.44921875,0.0058243896993823,0.5919407681834644,21190.582421875,21889.17703125,22527.516748046874,21173.68395328127,21697.906917050423,0.9783331484720762,0.9471095779047711,0.9202722808117503,36.98642685078057,-315.0886916558338,-271.3815795987463,-43.7071120570875,21982.26540331913,20398.89944043087,0.07472026636010151,0.21002711067017535,0.16200611683001154,0.15607364547957175,0.0058243896993823,-0.00843704129887668,-0.03108452242138182,20611.400390625,20652.349609375,20907.849609375,20029605.0,0.894266262365134,20831.099609375,0.0048067257418200615
2025-02-20,20831.099609375,20840.349609375,20630.19921875,20645.69921875,16457500,20831.099609375,0.00480672574182,0.4805753265865929,21155.23486328125,21839.501015625,22526.8744921875,21141.056872909245,21663.91447361217,0.9846782483862259,0.9538267195057002,0.9247221409521055,31.171170110488447,-303.89875294713784,-277.88501426842464,-26.013738678713196,21944.721553747328,20365.748172815172,0.07463747820038034,0.29471772113397515,0.1609253685830816,0.15671935375276508,0.00480672574182,-0.0035040554415119995,-0.03282335894993982,20731.44921875,20611.400390625,20904.349609375,19933795.0,0.8256079687786495,20690.25,-0.006761506210243962
2025-02-21,20690.25,20903.349609375,20616.599609375,20792.05078125,18388600,20690.25,-0.0067615062102439,-0.7853644271633753,21123.80234375,21786.1430078125,22526.00099609375,21098.122885013127,21625.73155307836,0.9794756485269671,0.9496977042967397,0.9185052421682798,31.769511777922006,-302.9043395734043,-282.8888793294206,-20.015460243983682,21935.595461816803,20312.0092256832,0.0768605107031739,0.23296623603887362,0.15896226773278893,0.1567658985951843,-0.0067615062102439,0.002769840290938852,-0.029487936952951377,20831.099609375,20731.44921875,20633.099609375,19976485.0,0.9205122923277043,20468.44921875,-0.010720062891941828
2025-02-24,20468.44921875,20546.05078125,20429.30078125,20510.94921875,14421900,20468.44921875,-0.0107200628919418,-1.2185589111259627,21101.67734375,21730.383984375,22525.16298828125,21038.153964416637,21580.347932124307,0.9699915739073911,0.9419276361369233,0.908692613207671,15.982166981775862,-316.36684908602183,-289.58447328074084,-26.782375805280992,21960.646036175363,20242.70865132464,0.0814123615324575,0.1314020926582515,0.14903959529726032,0.15782699846647416,-0.0107200628919418,-0.008904574738630155,-0.02116116276554425,20690.25,20831.099609375,20652.349609375,19545305.0,0.7378702967285494,20418.75,-0.0024280891150499917
2025-02-25,20418.75,20548.900390625,20388.75,20445.55078125,14456600,20418.75,-0.0024280891150499,-0.3111480565790213,21076.37734375,21671.58,22523.732236328124,20979.163110662674,21534.795072041,0.9687978947698518,0.9421901864100356,0.9065438083599202,12.96242927667042,-327.2736890992055,-297.1223164444338,-30.151372654771706,21985.623872888904,20167.130814611093,0.08628110175760263,0.13836686603965503,0.14897910109033416,0.1570315576080603,-0.0024280891150499,-0.009346788038362752,-0.02418188986726244,20468.44921875,20690.25,20611.400390625,19021540.0,0.7600120705263612,20315.55078125,-0.005054139883685305
2025-02-27,20315.55078125,20471.849609375,20278.650390625,20436.5,19186000,20315.55078125,-0.0050541398836853,-0.5985231781323157,21029.8798828125,21610.84203125,22523.585986328126,20915.961936432894,21486.981570441356,0.9660326589812663,0.9400628976822392,0.9019678657555502,13.02319739061997,-340.3217357437279,-305.7622003042926,-34.55953543943531,21996.041931870932,20063.717833754068,0.09188469496185948,0.13032645390140507,0.1360252758238968,0.157028374199649,-0.0050541398836853,-0.02006123320717257,-0.043771585453390105,20418.75,20468.44921875,20731.44921875,19052700.0,1.006996383714644,19880.900390625,-0.02139495971854999
2025-02-28,19880.900390625,20197.849609375,19816.0,20185.400390625,30278900,19880.900390625,-0.0213949597185499,-2.386738829715121,20959.04990234375,21546.5450390625,22520.644990234374,20817.38464635595,21423.99799476228,0.9485592373345995,0.9226955112563153,0.8827855684970815,10.652403325337602,-381.3392195664346,-320.877604156721,-60.4616154097136,22043.11378399451,19874.98602069299,0.10344589918930269,0.0027278696542308786,0.15075100106884273,0.16151440371417963,-0.0213949597185499,-0.045614453224656626,-0.06651483081934495,20315.55078125,20418.75,20831.099609375,19567830.0,1.5473815951998766,19896.94921875,0.0008072485556323006
2025-03-03,19896.94921875,19997.05078125,19658.30078125,19935.55078125,23646800,19896.94921875,0.0008072485556323,0.0429028123085762,20874.85234375,21485.796015625,22517.574736328126,20729.7241294411,21364.11372903631,0.9531540099591272,0.9260512947381818,0.8836186601681304,12.850472348937771,-407.84943035127435,-338.2719693956317,-69.57746095564266,22015.650690935938,19734.053996564064,0.1092988183485227,0.07139527445305584,0.13841070431155686,0.16145855923451347,0.0008072485556323,-0.038341768767897966,-0.0780296994747508,19880.900390625,20315.55078125,20690.25,19623730.0,1.2050104643714523,19917.849609375,0.0010504319227644388
2025-03-04,19917.849609375,19957.5,19681.650390625,19736.05078125,20948400,19917.849609375,0.0010504319227644,0.0695149595389418,20800.61728515625,21429.11,22513.74498046875,20652.40274657766,21307.397489049596,0.9575605058407948,0.9294762876001383,0.8846973094282735,17.41347195720371,-422.3044141316859,-355.07845834284257,-67.22595578884335,21989.06349248556,19612.171077826944,0.11427028256294582,0.12860427744342426,0.1385693322118953,0.16124303979606033,0.0010504319227644,-0.026899918185820715,-0.06937029081485435,19896.94921875,19880.900390625,20468.44921875,19543535.0,1.071883873618565,20256.5,0.01700235704488917
2025-03-05,20256.5,20265.05078125,19901.599609375,19901.599609375,21587800,20256.5,0.0170023570448891,1.8151729170055917,20727.06982421875,21387.8519921875,22511.318232421876,20614.697723094076,21266.185822812356,0.9772968476388829,0.9471030567912683,0.8998362419676348,32.68099240826987,-401.80211198236066,-364.4231890707462,-37.37892291161444,21854.505895303355,19599.633753134145,0.10878875602254079,0.29130975303710643,0.14194587596422595,0.16265855061015083,0.0170023570448891,-0.007946127946127923,-0.06770004172789068,19917.849609375,19896.94921875,20418.75,19545845.0,1.1044700293080192,20447.099609375,0.00940930611778934
2025-03-06,20447.099609375,20467.150390625,20262.75,20411.44921875,20745100,20447.099609375,0.0094093061177893,0.9842468895283608,20660.2123046875,21348.54796875,22508.9084765625,20598.735997977976,21234.064794834423,0.9896848738933749,0.957774722632446,0.9084003176193831,38.94220959292873,-365.95558605217593,-364.7296684670322,-1.2259175851437476,21676.825597319887,19643.59901205511,0.0984126665921709,0.39518497502572186,0.14773427738676975,0.1640822582543825,0.0094093061177893,0.006475277463134921,-0.06138152062269764,20256.5,19917.849609375,20315.55078125,19598760.0,1.05849043510916,20443.400390625,-0.00018091655152419062
2025-03-07,20443.400390625,20549.19921875,20377.599609375,20428.150390625,20185700,20443.400390625,-0.0001809165515241,-0.0652344983540787,20598.75986328125,21309.3619921875,22505.802724609373,20583.942130611027,21203.058347610524,0.9924578239812781,0.9593623872042729,0.9083613075605074,44.730565821192506,-333.9953614082733,-358.58280705528045,24.587445647007144,21499.75265744462,19697.767069117883,0.08748029494429986,0.41378428680945956,0.14788563151512113,0.16409369206479726,-0.0001809165515241,0.02829348716345126,-0.05671019531385879,20447.099609375,20256.5,19880.900390625,19821490.0,1.0183745016141572,20266.5,-0.008653178397177164
2025-03-10,20266.5,20543.69921875,20230.650390625,20434.94921875,19956800,20266.5,-0.0086531783971771,-0.9923747146839854,20529.77734375,21266.085,22501.19697265625,20553.709546743314,21166.330569272857,0.9871758305342678,0.9529962849297368,0.9006854179636806,40.145064176144466,-319.26079649315943,-350.71840494285624,31.457608449696806,21294.002580850138,19765.552106649862,0.074450416514893,0.32774885533135695,0.14913071081523988,0.16466114989940292,-0.0086531783971771,0.018573238398867264,-0.06373652431161758,20443.400390625,20447.099609375,19896.94921875,19762095.0,1.0098524473240311,20302.5,0.0017763303974538402
2025-03-11,20302.5,20333.75,20073.400390625,20122.55078125,20069200,20302.5,0.0017763303974538,0.1489517948395877,20476.3373046875,21223.231015625,22496.52072265625,20529.784828005853,21132.454860673923,0.9915103320432359,0.9566168311061055,0.9024728868208207,42.09041780119676,-301.2065271551837,-340.8160293853217,39.60950223013799,21134.97506176347,19817.699547611526,0.06433159869125256,0.36803269109592296,0.14577582014055793,0.16477185550746642,0.0017763303974538,0.01931184330480895,-0.050011030783287946,20266.5,20443.400390625,19917.849609375,20028910.0,1.002011592243412,20264.349609375,-0.0018790981714074118
2025-03-12,20264.349609375,20397.94921875,20108.69921875,20351.900390625,21523800,20264.349609375,-0.0018790981714074,-0.2510706425985859,20442.03232421875,21181.375,22490.394716796876,20504.505283374343,21098.41151748573,0.9913079721220653,0.95670604997905,0.9010224082123662,37.51603854024078,-286.67222732879236,-329.9872689740158,43.31504164522346,21067.321746667938,19816.742901769565,0.061176835309896524,0.3579196221262254,0.13090169720289527,0.16470998605340112,-0.0018790981714074,0.0003875106447313037,-0.03274868248462004,20302.5,20266.5,20256.5,20213040.0,1.064847247123639,20176.05078125,-0.004357348240979331
2025-03-13,20176.05078125,20357.30078125,20157.5,20337.849609375,17909600,20176.05078125,-0.0043573482409793,-0.522271574236627,20405.4423828125,21137.3880078125,22483.856220703125,20473.22390221964,21062.24050822158,0.9887583127452451,0.9545195827314527,0.8973572230315146,32.38592617699507,-279.0618165764463,-319.8021784945019,40.74036191805561,21000.89383568978,19809.99092993522,0.05836202339615053,0.3073800975256975,0.1312558783638056,0.16467896504340254,-0.0043573482409793,-0.013256101515773167,-0.0350011522847794,20264.349609375,20302.5,20447.099609375,19836655.0,0.9028538329673022,20288.30078125,0.005563526837685906
2025-03-17,20288.30078125,20358.25,20166.5,20166.599609375,16660700,20288.30078125,0.0055635268376859,0.563393910870527,20374.63994140625,21086.7590234375,22477.832724609376,20455.612176413008,21031.889930693284,0.9957624203222954,0.9621346153147561,0.9025915011387101,39.022865518362906,-260.96463645336917,-308.03467008627536,47.07003363290619,20923.32439326955,19825.95548954295,0.053859548285632546,0.42132166324062104,0.13372399642185814,0.15790169641753765,0.0055635268376859,-0.007586781377432961,-0.029469887350559776,20176.05078125,20264.349609375,20443.400390625,19604645.0,0.8498343122254955,20657.19921875,0.01818281587391124
2025-03-18,20657.19921875,20676.94921875,20370.19921875,20418.55078125,19459200,20657.19921875,0.0181828158739112,1.9443533972653724,20375.844921875,21045.74,22474.18197265625,20474.810942349864,21017.196177283742,1.0138082272393498,0.9815382694431272,0.9191524409601682,54.77136548699862,-214.38418252271367,-289.304572573563,74.92039005084933,20927.01951210389,19824.67033164611,0.05410078378022352,0.7552315562636931,0.14351819133703997,0.16432097527038347,0.0181828158739112,0.019278080514642415,0.001168007222920986,20288.30078125,20176.05078125,20266.5,19553670.0,0.9951686818893845,20864.5,0.010035280148813053
2025-03-19,20864.5,20895.25,20664.0,20713.25,27508900,20864.5,0.010035280148813,1.0527487499657844,20386.45244140625,21018.5219921875,22472.22296875,20511.92418593559,21011.208091900065,1.0234492764235332,0.9926720826400283,0.9284573239155864,60.436436802237786,-158.90958583889005,-263.22557522662845,104.3159893877384,20967.394931738207,19805.509951074295,0.05699299493147658,0.9114413789217561,0.14779446623834114,0.16026902711328184,0.010035280148813,0.02768132003447854,0.010272457838341742,20657.19921875,20288.30078125,20302.5,19927490.0,1.3804498208254026,21070.05078125,0.009851699357760868
2025-03-20,21070.05078125,21092.19921875,20873.55078125,20989.349609375,23160400,21070.05078125,0.0098516993577608,1.032659057575379,20409.3849609375,20993.09,22472.38046875,20565.07909977506,21013.51564834516,1.0323706873860716,1.0036660053974904,0.9375976350413756,66.85733336549774,-97.2384339687851,-230.0281469750598,132.7897130062747,21059.775036998835,19758.994884876163,0.06373441211541817,1.007899677922813,0.15103663445924548,0.161555127871697,0.0098516993577608,0.03975953768100471,0.02225226728571128,20864.5,20657.19921875,20264.349609375,20223185.0,1.1452399807448728,21273.900390625,0.009674851356143988
2025-03-21,21273.900390625,21297.0,21031.44921875,21065.25,35583500,21273.900390625,0.0096748513561439,1.0133061507054484,20436.50751953125,20973.9319921875,22473.233466796875,20632.585889379814,21023.72681470908,1.0409753413245122,1.0143019629580774,0.9466328208647041,84.70184910132679,-31.550942337289598,-190.33270604750578,158.78176371021618,21181.77092344321,19691.244115619287,0.07293451713309375,1.0618100034814066,0.1532217914158751,0.16310540761028738,0.0096748513561439,0.05441350347884999,0.02616561756736213,21070.05078125,20864.5,20176.05078125,21106770.0,1.685880880873767,21538.099609375,0.012418936532504699
2025-03-24,21538.099609375,21595.849609375,21346.80078125,21427.19921875,26092800,21538.099609375,0.0124189365325046,1.3135980645282177,20471.85751953125,20963.76296875,22471.936962890624,20718.825291284116,21043.89829685284,1.052083309432302,1.027396638737098,0.958444287421341,86.3851416006076,41.34889268552433,-143.9963863008998,185.34527898642412,21350.977065415376,19592.737973647127,0.0858856647517554,1.1064261082776459,0.15782186962103775,0.164839419971195,0.0124189365325046,0.061601946934857876,0.03393963896566543,21273.900390625,21070.05078125,20288.30078125,21588535.0,1.2086415312572159,21437.75,-0.004659167298646905
2025-03-25,21437.75,21674.05078125,21385.80078125,21652.849609375,24379900,21437.75,-0.0046591672986469,-0.5553003676705763,20509.23251953125,20956.53796875,22477.50646484375,20787.29431116182,21059.343461682143,1.0452731461103923,1.0229623820483886,0.9537423572107522,82.55026707274203,89.98783854886642,-97.19954133094654,187.18737987981297,21485.62311022628,19532.841928836224,0.09521473704734183,0.9754846520012156,0.15649472581638557,0.16327512454030169,-0.0046591672986469,0.0377858959960804,0.03612812798298726,21538.099609375,21273.900390625,20657.19921875,21888100.0,1.113842681639795,21275.44921875,-0.007570793635059636
2025-03-26,21275.44921875,21525.599609375,21255.69921875,21464.94921875,24408400,21275.44921875,-0.0075707936350596,-0.8739267180587706,20549.58251953125,20957.17796875,22478.611708984376,20833.785254741648,21067.818197253433,1.0353226980902825,1.0151867417681228,0.9464752313972535,73.60484456196815,114.12270146403534,-54.93509277195017,169.0577942359855,21583.86035903581,19515.30468002669,0.10066168872496423,0.8509050815425009,0.15351806123794395,0.15372791469712468,-0.0075707936350596,0.01969609713868059,0.03942653355784054,21437.75,21538.099609375,20864.5,22387425.0,1.0902727758998634,21407.94921875,0.0062278355976252975
2025-03-27,21407.94921875,21447.900390625,21195.69921875,21218.400390625,43467600,21407.94921875,0.0062278355976252,0.6360908339142919,20599.04248046875,20955.7159375,22478.826455078124,20888.46753702816,21081.15666868467,1.0392691426821525,1.0215804261996477,0.9523606252991821,72.87466975113396,142.30103905894794,-15.487866405770546,157.78890546471848,21699.470251031355,19498.614709906145,0.10684261383566115,0.8675419504665994,0.1532963353904939,0.1522817718322486,0.0062278355976252,0.0160369066504904,0.048445630547903296,21275.44921875,21437.75,21070.05078125,23837975.0,1.8234602561668933,21339.55078125,-0.0031950018566044847
2025-03-28,21339.55078125,21514.099609375,21277.900390625,21439.19921875,27734100,21339.55078125,-0.0031950018566044,-0.3950731828398225,20650.24248046875,20951.48296875,22476.70345703125,20931.42784600167,21091.289771138214,1.0333801552903412,1.0185222121545678,0.9494074975026856,70.69681799723872,157.30013430785039,19.06973373695364,138.23040057089673,21789.72780025785,19510.757160679652,0.11036047841731472,0.8024647570308441,0.15223366603198865,0.15225495166917946,-0.0031950018566044,0.00308595929376132,0.050404737288495705,21407.94921875,21275.44921875,21273.900390625,24265380.0,1.1429493376984,21070.75,-0.012596365500167073
2025-04-01,21070.75,21398.349609375,21042.44921875,21227.099609375,38874700,21070.75,-0.012596365500167,-1.4238872682733388,20709.7349609375,20938.606953125,22473.01595703125,20944.696622572937,21090.484289917105,1.0174321419247248,1.0063109760439568,0.9376022355115841,67.81799488666773,145.81617072157678,44.419021133878275,101.39714958769851,21803.418210541076,19616.051711333927,0.105620207276087,0.6650455189803308,0.13628018468118583,0.15371614374864942,-0.012596365500167,-0.02169873934335298,0.05984887937651373,21339.55078125,21407.94921875,21538.099609375,24695170.0,1.574182319862548,21265.650390625,0.009249807938730203
2025-04-02,21265.650390625,21279.099609375,21007.150390625,21101.849609375,25689200,21265.650390625,0.0092498079387302,0.9667926159316366,20778.17001953125,20930.3149609375,22470.084208984375,20975.263648101707,21097.353548768395,1.0234611792393422,1.0160215185635448,0.9463983398033818,69.93482705804823,150.70465011869237,65.6761469308411,85.02850318785127,21828.12577269101,19728.21426637149,0.10106335179399945,0.7321432925273195,0.13780975699206585,0.15526003443731481,0.0092498079387302,-0.008027876497067044,0.06878949917534083,21070.75,21339.55078125,21437.75,24797290.0,1.035968043282149,21243.400390625,-0.0010462882437778376
2025-04-03,21243.400390625,21263.44921875,21096.75,21100.55078125,24356500,21243.400390625,-0.0010462882437778,-0.159934227019038,20844.44755859375,20919.00296875,22466.49646484375,21000.800480722974,21103.08087590003,1.019139525329697,1.0155073079897547,0.9455591094885362,70.39818608236476,151.04229465924436,82.74937647652175,68.29291818272262,21831.18780526896,19857.70731191854,0.09467655536578126,0.7021569675377112,0.1384767006690261,0.15459803269597616,-0.0010462882437778,-0.0015063760955399408,0.06655089817658255,21265.650390625,21070.75,21275.44921875,24967695.0,0.9755205676775529,20805.349609375,-0.020620558535596634
2025-04-04,20805.349609375,21212.099609375,20736.80078125,21199.19921875,25372000,20805.349609375,-0.0206205585355966,-2.3019942251019034,20871.8900390625,20906.4459765625,22460.151708984376,20982.186112023166,21091.40513995787,0.9968119595511971,0.9951643446571055,0.926322755026297,61.44346300388876,114.64132940287163,89.12776706179173,25.513562341079904,21819.535544260827,19924.24453386417,0.09080591201129655,0.46489170827964965,0.15263938038401234,0.15666022576164448,-0.0206205585355966,-0.028148404278127592,0.027094987257176628,21243.400390625,21265.650390625,21407.94921875,25156905.0,1.0085501376262302,20105.69921875,-0.03362838903268095
2025-04-07,20105.69921875,20189.349609375,19519.849609375,19524.25,31899200,20105.69921875,-0.0336283890326809,-3.725472748400544,20854.82001953125,20880.6289453125,22449.608701171874,20898.711169806673,21052.75000579286,0.9640792488221106,0.9628876252438525,0.8955924126063043,47.26398617750623,29.003033959528693,77.10282044133912,-48.099786481810426,21845.983691752568,19863.65634730993,0.0950536778829079,0.12210035447399915,0.1935777468426108,0.17337541193545417,-0.0336283890326809,-0.0578199407826393,-0.01669676370473927,20805.349609375,21243.400390625,21339.55078125,25714610.0,1.24050880025013,20480.80078125,0.0186564793603492
2025-04-08,20480.80078125,20588.400390625,20227.150390625,20430.099609375,24101600,20480.80078125,0.0186564793603492,1.996187544425141,20856.6900390625,20859.4839453125,22440.36470703125,20858.91018042032,21030.320624438238,0.9819775210204257,0.9818459955646412,0.912676823600498,47.36183487933804,-8.500383797614631,59.982179593548366,-68.482563391163,21844.7215865524,19868.6584915726,0.09474480808214227,0.3097787166979839,0.20551868526600922,0.17820221451051552,0.0186564793603492,-0.027998491688715377,0.001829460359351609,20105.69921875,20805.349609375,21070.75,25910405.0,0.9301900143976908,20356.75,-0.006056930223332202
2025-04-09,20356.75,20423.25,20252.349609375,20422.94921875,20686300,20356.75,-0.0060569302233322,-0.7082609635515421,20861.2025390625,20840.2409375,22431.023955078126,20811.08540133267,21003.906090146542,0.9758186260778633,0.9768001272658031,0.9075265596776944,42.212311334816825,-47.68232175495359,38.449279323847975,-86.13160107880157,21838.652348439384,19883.752729685613,0.0937098240186843,0.24195476114301762,0.204242771557776,0.1773428954371939,-0.0060569302233322,-0.04274030532476403,0.004453161621394974,20480.80078125,20105.69921875,21265.650390625,25946880.0,0.7972557779586602,20752.849609375,0.01945790017438931
2025-04-11,20752.849609375,20817.5,20629.0,20684.849609375,22159500,20752.849609375,0.0194579001743893,2.083888972973608,20883.72001953125,20837.0789453125,22423.262705078127,20805.53913543194,20994.060737959422,0.9937333765232509,0.9959577186342403,0.9255053505070503,45.40355032112886,-46.23934337531318,21.511554784015743,-67.75089815932893,21827.133721101593,19940.30631796091,0.09034920030415847,0.43063996741893645,0.21528153261051788,0.17805435187605917,0.0194579001743893,-0.023091914299486982,0.02218197805073263,20356.75,20480.80078125,21243.400390625,26051395.0,0.8506070404291209,21279.400390625,0.025372456851040504
2025-04-15,21279.400390625,21302.75,21067.599609375,21199.05078125,23092700,21279.400390625,0.0253724568510405,2.7311332929186376,20934.47255859375,20844.171953125,22418.4787109375,20850.66877878366,21005.250528260032,1.0164765475254192,1.020880102048609,0.949190204429136,50.07288237346061,-2.577809748814616,16.693681877449674,-19.27149162626429,21846.274309338605,20022.670807848892,0.08711007628138327,0.6891462874187226,0.23127510854055702,0.18700781471072286,0.0253724568510405,0.022785042796704014,0.050090469263341264,20752.849609375,20356.75,20805.349609375,26129840.0,0.8837673709444834,21404.349609375,0.005871839265031653
2025-04-16,21404.349609375,21414.849609375,21246.400390625,21302.75,23069300,21404.349609375,0.0058718392650316,0.5971332895387159,20995.8875,20847.3489453125,22414.0549609375,20903.400286459026,21020.90147261748,1.019454386454252,1.0267180573186376,0.9549521336803098,48.15971759386021,41.62678031182077,21.680301564323894,19.946478747496872,21856.63521719092,20135.13978280908,0.08199202983830794,0.7372716774128036,0.2300714394131722,0.18431211255358254,0.0058718392650316,0.06459115778544611,0.06087905118014891,21279.400390625,20752.849609375,20105.69921875,26387825.0,0.8742402983193954,21681.55078125,0.012950693524160561
2025-04-17,21681.55078125,21704.099609375,21296.349609375,21379.349609375,24530900,21681.55078125,0.0129506935241605,1.3717895252338046,21065.55,20855.0299609375,22410.609462890625,20977.5098573915,21046.809288642286,1.0292420934297941,1.0396317253852243,0.9674681457080468,53.19880971642035,97.89854087571803,36.923949426602725,60.9745914491153,21910.54883496185,20220.55116503815,0.08022566085023278,0.864498006246924,0.23261798652869292,0.18646209327595878,0.0129506935241605,0.058628078697942065,0.068672582047266,21404.349609375,21279.400390625,20480.80078125,26781335.0,0.9159700216587411,22005.75,0.0149527689241844
2025-04-21,22005.75,22033.75,21732.44921875,21787.05078125,33200,22005.75,0.0149527689241844,1.5908815048377265,21132.9775390625,20863.526953125,22408.454208984374,21075.43749002088,21084.414806734745,1.0412990767308703,1.0547473612415237,0.9820289161747303,59.191484466051385,166.73249562377896,62.885658666037976,103.84683695774098,22052.69209622681,20213.26298189819,0.08704069792950392,0.974480073267234,0.23017047656680759,0.18708248949688402,0.0149527689241844,0.0810050720277058,0.06528236315918168,21681.55078125,21404.349609375,20356.75,25810035.0,0.0012863213862360126,22085.150390625,0.0036081656214852487
2025-04-22,22085.150390625,22157.94921875,21953.400390625,22072.0,28400500,22085.150390625,0.0036081656214852,0.3494139780003498,21194.01005859375,20877.1789453125,22406.192958984375,21171.60062341175,21123.659339436326,1.0420468014107556,1.0578608560321663,0.985671703847813,58.6386437959733,225.09608112440765,95.32774315771192,129.76833796669573,22196.948813936448,20191.071303251054,0.09464360473264735,0.9442645811038626,0.2287904683436577,0.18613198785768828,0.0036081656214852,0.06419845015636505,0.05850369721896054,22005.75,21681.55078125,20752.849609375,25854615.0,1.0984692674789394,22237.599609375,0.006902792874560415
2025-04-23,22237.599609375,22263.849609375,21988.349609375,22238.599609375,26262000,22237.599609375,0.0069027928745604,0.7099530500676029,21252.3875,20887.381953125,22404.5824609375,21273.12433636063,21167.343271590784,1.046357714368562,1.0646427426510479,0.9925469331172033,61.21536428368478,280.41853073459424,132.34590067308838,148.07263006150586,22355.828427554123,20148.94657244588,0.10384159686097104,0.9464272099993,0.22784744799920714,0.18373134981433353,0.0069027928745604,0.04502942757598327,0.05541272018024701,22085.150390625,22005.75,21279.400390625,26009695.0,1.0097004213236642,22180.650390625,-0.0025609427164068332
2025-04-24,22180.650390625,22270.150390625,22155.400390625,22217.650390625,24349800,22180.650390625,-0.0025609427164068,-0.3256865492443995,21297.725,20895.3099609375,22401.84771484375,21359.55538914771,21207.080805670557,1.0414563241202992,1.0615133459178336,0.9901259339392714,64.63552389665448,316.0237198937466,169.08146451722,146.9422553765266,22476.80701084176,20118.642989158237,0.11072375202907407,0.8744122047938785,0.22708813256606672,0.18379676915083357,-0.0025609427164068,0.0362683657956131,0.04262264950716732,22237.599609375,22085.150390625,21404.349609375,25448010.0,0.9568449556566505,21848.150390625,-0.0149905432953642
2025-04-25,21848.150390625,22271.849609375,21661.599609375,22220.30078125,40982400,21848.150390625,-0.0149905432953642,-1.68588796648243,21313.2275390625,20898.823984375,22397.699462890625,21406.088246431264,21232.22078939426,1.0250981626589453,1.045424872086571,0.9754640393681441,57.41206866879429,313.79389692848054,198.0239509994721,115.76994592900843,22513.577920176755,20112.877157948245,0.11263900588629457,0.7228194617080148,0.2315072564850133,0.18664066152546938,-0.0149905432953642,0.00768393419160196,0.014395456742852142,22180.650390625,22237.599609375,21681.55078125,26192490.0,1.5646622371527106,22101.849609375,0.011611931180172563
2025-04-28,22101.849609375,22125.44921875,21841.400390625,21843.44921875,20254000,22101.849609375,0.0116119311801725,1.225285506374163,21346.43251953125,20907.93796875,22393.95271484375,21472.351233378286,21266.323880373897,1.035388446718325,1.0571032706529682,0.9869561613714077,60.315787595860805,328.70900012460334,224.16096082449837,104.54803930010496,22596.978710920634,20095.886328141863,0.1171667621973948,0.8020348608649409,0.23359830673572346,0.1883439077126236,0.0116119311801725,0.004367022681571964,0.030978046174388707,21848.150390625,22180.650390625,22005.75,25986195.0,0.7794138387709321,22112.400390625,0.00047737096380950916
2025-04-29,22112.400390625,22255.900390625,22084.55078125,22160.75,21891800,22112.400390625,0.0004773709638095,0.006803505250226,21388.280078125,20922.7599609375,22389.943720703126,21533.30829597321,21299.503351364136,1.0338559393207403,1.0568586760020449,0.9876041077396058,67.50505891756742,337.49030853894874,246.82683036738848,90.66347817156026,22684.02259861243,20092.53755763757,0.12116378836955656,0.7794229181530684,0.2311278459964304,0.18590789994616974,0.0004773709638095,0.001233860739819459,0.039338824918319304,22101.849609375,21848.150390625,22085.150390625,25860365.0,0.8465387089470702,22030.05078125,-0.003724137041671627
2025-04-30,22030.05078125,22175.0,21920.55078125,22119.19921875,21908500,22030.05078125,-0.0037241370416716,-0.4529777328747849,21419.38515625,20944.3519921875,22385.15572265625,21580.61710409481,21328.152270183193,1.0285099511748503,1.0518373062803508,0.9841365882906571,80.87805202111313,333.9550080184017,264.25246589759115,69.70254212081056,22746.60135406201,20092.168958437986,0.12392663824196469,0.7300550678954892,0.23143123927041528,0.1802482006086997,-0.0037241370416716,-0.009333238828416524,0.02905937211188525,22112.400390625,22101.849609375,22237.599609375,24782410.0,0.8840342807660756,22006.0,-0.0010917260921826655
2025-05-02,22006.0,22238.900390625,21920.849609375,22009.94921875,21060500,22006.0,-0.0010917260921826,-0.1649066012642028,21452.7076171875,20966.315,22380.329970703126,21621.129760847685,21354.734534097577,1.0257912610699644,1.049588351601128,0.9832741531875026,77.5804560348694,325.46084975565464,276.4941426692038,48.96670708645081,22804.717753334244,20100.69748104076,0.12604564051052228,0.7046184300025623,0.23098112559096076,0.1801772392116515,-0.0010917260921826,-0.00787399772095132,0.03123070516252735,22030.05078125,22112.400390625,22180.650390625,24448730.0,0.8614148873990591,22195.150390625,0.00859540082818322
2025-05-05,22195.150390625,22209.94921875,22070.94921875,22086.25,18176200,22195.150390625,0.0085954008281832,0.8951792544593793,21508.92763671875,20992.131015625,22375.968974609375,21675.79839225505,21387.692018667283,1.031904089571382,1.0573081110300122,0.9919190724571725,82.47942907224913,330.1858469528743,287.23248352593794,42.953363426936335,22887.316477109238,20130.53879632826,0.1281689969552292,0.748922050802116,0.22584974332605498,0.1809356948523668,0.0085954008281832,0.015882351311024445,0.05336309294282349,22006.0,22030.05078125,21848.150390625,23413805.0,0.7763026983439898,21956.599609375,-0.010747878570390834
2025-05-06,21956.599609375,22244.5,21916.900390625,22235.599609375,23813700,21956.599609375,-0.0107478785703908,-1.2216028484598644,21543.47509765625,21018.601015625,22370.863720703124,21702.541365314093,21410.002120263664,1.0191763171840227,1.0446270707100203,0.9814819795739606,72.52061978438215,311.095274207637,292.0050416622778,19.090232545359186,22930.797081550125,20156.153113762375,0.1287927762447888,0.6488928008473424,0.2292862430992648,0.1801012409189387,-0.0107478785703908,-0.0065718481741179335,0.03249132784834119,22195.150390625,22006.0,22101.849609375,23320030.0,1.0211693552709837,22072.44921875,0.005276300130077294
2025-05-07,22072.44921875,22084.69921875,21752.900390625,21756.80078125,23862400,22072.44921875,0.0052763001300772,0.5319619937887137,21584.9275390625,21047.0030078125,22366.199716796877,21737.77068468894,21435.98043785136,1.0225862087702275,1.0487217211190052,0.9868663205298005,67.53098050416422,301.8345917595725,293.9709516817368,7.863640077835726,22983.991027049986,20185.864051075016,0.12963337360809005,0.6742314354826426,0.22938037104731673,0.18031862191197165,0.0052763001300772,-0.0018067315700351916,0.03902618285587045,21956.599609375,22195.150390625,22112.400390625,23295325.0,1.024342867077407,21843.05078125,-0.010392976113639985
2025-05-08,21843.05078125,22145.19921875,21730.55078125,22109.349609375,24556600,21843.05078125,-0.0103929761136399,-1.1827650095778155,21636.81259765625,21071.636015625,22359.937724609375,21747.797360551896,21451.94398072974,1.009531819100568,1.0366091538907078,0.9768833460215549,59.2697753691156,272.83977041981416,289.74471542935225,-16.904945009538096,22990.372677775547,20283.252517536956,0.1251164027982434,0.5761836089222562,0.2186141643651854,0.18210827824977713,-0.0103929761136399,-0.008488405308586855,0.049876651503486746,22072.44921875,21956.599609375,22030.05078125,23254555.0,1.0559909660709483,21675.55078125,-0.007668342745592138
2025-05-09,21675.55078125,21716.05078125,21463.75,21463.75,28601400,21675.55078125,-0.0076683427455921,-0.8846017544409734,21715.30517578125,21090.518046875,22352.26623046875,21740.916733951715,21460.71287486779,0.9981692914647321,1.027739135334406,0.9697249736451193,49.86705649548681,233.65192155909244,278.5261566553003,-44.87423509620788,22861.150209965093,20569.460141597407,0.10553340373606485,0.48265280498420593,0.1771612059261007,0.18287376433496388,-0.0076683427455921,-0.015016323673089138,0.07807992875154524,21843.05078125,22072.44921875,22006.0,23089665.0,1.238710046247964,22511.400390625,0.03856186252475924
2025-05-12,22511.400390625,22525.0,22126.400390625,22149.400390625,29453500,22511.400390625,0.0385618625247592,4.174482029344762,21816.83515625,21124.1240625,22348.801982421875,21814.29612982536,21501.916306858267,1.031836204903259,1.0656726084367079,1.0072754865487203,59.13303977906275,266.963952725946,276.2137158694295,-9.249763143483506,22857.094613109166,20776.575699390833,0.09536300287451267,0.8338423072217257,0.2102611896560987,0.2013015375413304,0.0385618625247592,0.014248608116373962,0.09914649485941962,21675.55078125,21843.05078125,22195.150390625,23357260.0,1.260999791927649,22349.400390625,-0.007196353722510596
2025-05-13,22349.400390625,22575.69921875,22317.5,22491.5,25880300,22349.400390625,-0.0071963537225105,-0.8329508478782011,21916.46767578125,21157.3070703125,22344.49873046875,21865.25844037771,21535.150976809906,1.0197537633001947,1.0563442840977253,1.0002193676490745,54.63458647825988,277.09772127290125,276.39051695012387,0.7072043227773861,22723.464452651984,21109.470898910513,0.0736429600617137,0.7682369541311874,0.21108028659674735,0.20139712230970505,-0.0071963537225105,0.017889873124173672,0.09788646962923853,22511.400390625,21675.55078125,21956.599609375,23616960.0,1.0958353657710391,22499.5,0.006716046370441431
2025-05-14,22499.5,22544.900390625,22366.400390625,22402.650390625,25396000,22499.5,0.0067160463704414,0.6895169259980234,22003.8001953125,21197.9280859375,22342.728232421876,21925.662398436976,21572.96858556246,1.022527917918156,1.0614009024271551,1.0070166796976312,54.59716640664429,293.85323274816983,279.88306010973304,13.970172638436793,22640.69865820943,21366.90173241557,0.057889860591679124,0.8891513589402648,0.20404380675342715,0.1996984602581274,0.0067160463704414,0.01934768439232526,0.08416436409947092,22349.400390625,22511.400390625,22072.44921875,23778785.0,1.068010834027054,22788.80078125,0.012858098235516424
2025-05-15,22788.80078125,22814.099609375,22408.650390625,22547.05078125,28758400,22788.80078125,0.0128580982355164,1.3616565976273822,22079.27021484375,21245.3291015625,22341.958984375,22007.86605394298,21620.64827951099,1.0321355986634575,1.072649930359233,1.020000117142257,59.869848705980964,326.71014043964533,289.2484761757155,37.46166426392983,22712.448449187596,21446.091980499903,0.05735499662648596,1.0602929222136537,0.19119168117537583,0.2009115124124357,0.0128580982355164,0.04329752329339587,0.07093246815779608,22499.5,22349.400390625,21843.05078125,24062070.0,1.1951756436582555,22870.900390625,0.0036026296496720622
2025-05-16,22870.900390625,22885.349609375,22750.349609375,22825.55078125,32136800,22870.900390625,0.003602629649672,0.3488081631426436,22152.59775390625,21296.43609375,22341.987490234376,22090.05980029365,21669.677774064483,1.0324252101129805,1.0739308816716553,1.0236734937132075,68.06692014125966,355.2787960404894,302.4545401486703,52.82425589181912,22796.265969345848,21508.929538466655,0.05811221081970553,1.0579758480284147,0.19098796178573432,0.20022575068203285,0.003602629649672,0.05514736956114685,0.0685164841732755,22788.80078125,22499.5,21675.55078125,24515445.0,1.310879733164134,22865.80078125,-0.00022297370404755767
2025-05-19,22865.80078125,22965.05078125,22827.650390625,22896.25,38611100,22865.80078125,-0.0002229737040475,-0.0698369148278733,22211.81025390625,21356.1341015625,22341.709248046875,22163.939893718063,21716.584558659993,1.0294433690846398,1.0706900730491782,1.0234579873627592,64.79464894242602,373.206078215906,316.60484776211746,56.60123045378856,22889.98389563323,21533.636612179267,0.06106423870676507,0.982170411162965,0.18793901526145165,0.192761002869314,-0.0002229737040475,0.015743151668724753,0.054620170482645,22870.900390625,22788.80078125,22511.400390625,25219455.0,1.5310045359822406,22585.599609375,-0.012254159587744007
2025-05-20,22585.599609375,22958.599609375,22565.55078125,22942.650390625,28729600,22585.599609375,-0.012254159587744,-1.386438843112107,22240.802734375,21409.907109375,22340.05099609375,22204.097961875865,21750.66358025666,1.015502897045487,1.0549134797266442,1.0109914079123716,58.29737364077988,360.64637870842853,325.4131539513797,35.233224757048845,22931.35002992818,21550.25543882182,0.062097335586350166,0.7496547862974701,0.18927616588230634,0.19568915343068768,-0.012254159587744,0.010568481239840333,0.02634991351692162,22865.80078125,22870.900390625,22349.400390625,26654275.0,1.0778608684723183,22730.650390625,0.0064222683372900935
2025-05-21,22730.650390625,22811.94921875,22577.400390625,22632.400390625,24227900,22730.650390625,0.00642226833729,0.6573680814307775,22273.077734375,21466.163125,22337.243994140626,22254.245812232926,21789.094435565225,1.0205437551876275,1.0589060680412117,1.0176121278250607,62.02044004578565,358.26723054777176,331.9839692706581,26.28326127711364,22992.719971052567,21553.435497697435,0.06461991874314511,0.8179167598345086,0.18998018275895892,0.19584018084315288,0.00642226833729,0.01027357899619985,0.02922778376342916,22585.599609375,22865.80078125,22499.5,26445645.0,0.9161395004735184,22595.0,-0.005967730280210026
2025-05-22,22595.0,22675.349609375,22464.44921875,22674.0,24519900,22595.0,-0.00596773028021,-0.6984995968622746,22290.94775390625,21512.933125,22333.247998046874,22286.698592020268,21820.69857534698,1.013640166826934,1.0502984353046,1.0117202836764279,59.732960670000736,341.4992943544057,333.8870342874077,7.612260066998033,23024.496016249825,21557.399491562675,0.06581579845253509,0.7072476084406787,0.19062552755481096,0.19400559998719427,-0.00596773028021,-0.008504211481345392,0.01607189610853177,22730.650390625,22585.599609375,22788.80078125,26358540.0,0.930244998395207,22781.05078125,0.008234157169727752
2025-05-23,22781.05078125,22813.25,22580.80078125,22628.75,25499400,22781.05078125,0.0082341571697277,0.8556474824544743,22320.9677734375,21559.6121484375,22329.94875,22333.779752899292,21858.359446166705,1.0206121442619531,1.0566540169833725,1.020201659945592,59.69166909484554,339.3119503213784,334.97201749420185,4.33993282717654,23084.0575371097,21557.8780097653,0.06837425432603882,0.8014606077256567,0.1918992702483478,0.1938007307020088,0.0082341571697277,-0.003928555843469517,0.02706865579012807,22595.0,22730.650390625,22870.900390625,26416020.0,0.9653006016803439,22908.30078125,0.00558578272889565
2025-05-26,22908.30078125,22970.69921875,22845.400390625,22852.69921875,24898200,22908.30078125,0.0055857827288956,0.5658294271667336,22373.97529296875,21608.91015625,22326.83625,22388.496041313643,21899.533616169974,1.023881562453015,1.0601321684251703,1.0260433016455701,66.34438833835766,343.88241353970443,336.75409670330237,7.128316836402064,23146.007646025548,21601.94293991195,0.0690116390089501,0.8460512284004595,0.1822390872115664,0.19386312582613038,0.0055857827288956,0.0018586709648433786,0.048523576214484,22781.05078125,22595.0,22865.80078125,25611810.0,0.9721374631468842,22816.5,-0.00400731517045283
2025-05-27,22816.5,22963.099609375,22721.80078125,22895.05078125,24659100,22816.5,-0.0040073151704528,-0.4839666041303176,22409.7078125,21659.91015625,22323.385751953127,22429.258323093298,21935.493082202524,1.0181524985021488,1.0533977212004393,1.0220895814607214,62.88465857251133,336.22123364192885,336.64752409102766,-0.42629044909881486,23194.75233043462,21624.66329456538,0.07006289635750561,0.7590886110315582,0.18022843767974076,0.19278430167682573,-0.0040073151704528,0.010223345610410828,0.032334415592162324,22908.30078125,22781.05078125,22585.599609375,25832065.0,0.9545926738725689,22779.400390625,-0.0016259991398768214
2025-05-28,22779.400390625,22871.19921875,22765.69921875,22843.25,32991400,22779.400390625,-0.0016259991398768,-0.2233734001005201,22443.0578125,21709.4481640625,22320.9855078125,22462.605186667744,21968.587486454384,1.014986486286092,1.0492850955250757,1.0205373944018759,67.37163799084772,323.42779071042605,334.00357741490734,-10.575786704481288,23231.585714903882,21654.529910096117,0.07026920386620981,0.7132724644866234,0.18056471915644165,0.192996210576139,-0.0016259991398768,0.0021446812635024237,0.030164070305220614,22816.5,22908.30078125,22730.650390625,26387045.0,1.250287783266372,22861.349609375,0.003597514304359173
2025-05-29,22861.349609375,22899.150390625,22750.150390625,22859.44921875,26181000,22861.349609375,0.0035975143043591,0.3482483784657302,22484.62275390625,21761.3881640625,22322.580009765625,22500.5808459732,22003.597765784605,1.0167548666300528,1.0505464741963941,1.024135633039446,72.72078828461096,316.255910812979,330.4540440945217,-14.19813328154271,23269.114212853932,21700.131294958566,0.06978026427517967,0.740108959231597,0.17959730914422734,0.19276655299335413,0.0035975143043591,0.011787988907944191,0.037734766768332983,22779.400390625,22816.5,22595.0,26600670.0,0.9842233297131238,22801.94921875,-0.0025982888866998843
2025-05-30,22801.94921875,22912.30078125,22759.150390625,22868.25,52128200,22801.94921875,-0.0025982888866998,-0.3297734314767232,22524.42021484375,21813.9061328125,22324.373251953126,22529.282595761466,22034.905665900897,1.0123212496152667,1.0452941843575316,1.0213925811670923,57.92527194281311,302.294367928218,324.822108861261,-22.527740933042992,23287.132427978853,21761.70800170865,0.06772313834141985,0.6819355971532132,0.18001083524238848,0.1924856058462512,-0.0025982888866998,0.0009173605599088752,0.03616964549441071,22861.349609375,22779.400390625,22781.05078125,28154055.0,1.8515343526891597,22834.5,0.0014275438006516872
2025-06-02,22834.5,22863.349609375,22664.150390625,22758.599609375,38899400,22834.5,0.0014275438006516,0.1107832293840665,22556.3876953125,21864.8301171875,22324.30125,22558.35091997466,22066.262306453802,1.0123296473018726,1.0443483840311325,1.0228539627864053,64.23745621876829,290.50753063470984,317.95919321595073,-27.451662581240896,23314.572449936048,21798.202940688952,0.06722572469181971,0.6834066848422087,0.1782316229670652,0.1923734088939456,0.0014275438006516,-0.0032215737847480774,0.02880582461135539,22801.94921875,22861.349609375,22908.30078125,29190215.0,1.3326177967514115,22711.30078125,-0.0053953105498258935
2025-06-03,22711.30078125,22946.150390625,22691.25,22906.19921875,45435500,22711.30078125,-0.0053953105498258,-0.635858313775379,22594.12275390625,21905.9121484375,22324.3292578125,22572.91757342945,22091.557932916396,1.0051862171689534,1.0367658113186558,1.0173340716743853,56.3159893387278,268.1343440157507,307.99422337591074,-39.85987936016005,23299.930719947202,21888.314787865296,0.0624771294489755,0.5830098503991443,0.1743311157191661,0.18971370448372676,-0.0053953105498258,-0.004610664157517541,0.03437240671605446,22834.5,22801.94921875,22816.5,30271305.0,1.5009428896441697,22807.849609375,0.004251135989740806
2025-06-04,22807.849609375,22823.94921875,22667.900390625,22742.19921875,31514700,22807.849609375,0.0042511359897408,0.4197757889521727,22630.8927734375,21944.779140625,22323.751005859376,22595.29205304331,22119.64780258144,1.00781926005788,1.0393291936646676,1.0216853611827403,50.6418279951473,255.25173287963844,297.4457252766563,-42.19399239701784,23297.822645572287,21963.96290130271,0.05893977571380234,0.6326652496239551,0.17409371666971832,0.18889132014936286,0.0042511359897408,0.0012489011239167347,0.0333175708475657,22711.30078125,22834.5,22779.400390625,30653920.0,1.0280805847995949,22934.5,0.005552929925184191
2025-06-05,22934.5,23026.30078125,22828.849609375,22879.19921875,25523800,22934.5,0.0055529299251841,0.5622342649662506,22685.465234375,21982.068125,22323.8442578125,22627.597571801092,22151.6027907155,1.0109777235358455,1.0433276737013115,1.0273544168797806,52.08045561310501,252.35283243391677,288.42714670810835,-36.07431427419158,23252.02413300012,22118.906335749878,0.04994906586853647,0.7197783551089032,0.16851949005784733,0.18820029125011603,0.0055529299251841,0.0031997406922557037,0.04996780118676902,22807.849609375,22711.30078125,22861.349609375,30702280.0,0.8313323961608063,23165.099609375,0.010054704021234429
2025-06-06,23165.099609375,23180.349609375,22891.599609375,22962.0,29178900,23165.099609375,0.0100547040212344,1.054874351559172,22759.94267578125,22019.892109375,22326.140751953124,22678.788242046227,22191.347763996266,1.0178013160826136,1.0520078615422654,1.037577424004571,58.53188411721459,265.6012088162206,283.8619591297308,-18.260750313510187,23122.3561724325,22397.52917913,0.031846608914079276,1.0589705368817597,0.16606962040647996,0.18828429932466054,0.0100547040212344,0.01592628714067934,0.06872022967986147,22934.5,22807.849609375,22801.94921875,30731155.0,0.9494892072881739,23330.55078125,0.007142260325444072
2025-06-09,23330.55078125,23335.349609375,23254.55078125,23308.650390625,31805600,23330.55078125,0.007142260325444,0.7361585555466575,22800.9001953125,22055.7411328125,22329.43025390625,22740.860864827537,22236.022392123865,1.023229371709034,1.0577994473530048,1.044834127694262,72.7222902017745,286.1525805608617,284.32008341595696,1.8324971449047212,23224.953767282906,22376.846623342095,0.03719621316158085,1.1245090490280536,0.1034185360360847,0.18711904104710467,0.007142260325444,0.02172374176136982,0.036388246684383896,23165.099609375,22934.5,22834.5,30848760.0,1.031017130024027,23339.94921875,0.00040283821792819197
2025-06-10,23339.94921875,23423.80078125,23287.349609375,23422.30078125,30820100,23339.94921875,0.0004028382179281,-0.0013527943777796,22850.42763671875,22093.7851171875,22330.8475,22797.916898534437,22279.31364022685,1.021422863055947,1.0564033774635142,1.0451886888193562,70.26133899963547,299.742817476912,287.404630228148,12.33818724876403,23283.729337498917,22417.12593593858,0.03792504084990245,1.064873829422771,0.09801917876497479,0.1865830833509602,0.0004028382179281,0.02767998379110903,0.044321047133797364,23330.55078125,23165.099609375,22711.30078125,31095750.0,0.9911354445543201,23337.849609375,-8.995775249220905e-05
2025-06-11,23337.849609375,23423.599609375,23271.400390625,23376.599609375,35796300,23337.849609375,-8.995775249220905e-05,-0.0552806557854747,22892.3451171875,22135.033125,22331.837998046874,22849.339061471634,22320.82485470325,1.0194608499001274,1.0543399450808366,1.0450483122533896,77.11033337293703,306.8070762219395,291.2851194269063,15.52195679503319,23344.498490876776,22440.19174349822,0.03950258231514978,0.9926475374400963,0.09681979621411844,0.18540934023650582,-8.995775249220905e-05,0.02323761376355926,0.037260810656903454,23339.94921875,23330.55078125,22807.849609375,31615765.0,1.132229443127503,23046.44921875,-0.01248617141263697
2025-06-12,23046.44921875,23370.30078125,23009.650390625,23363.5,25762100,23046.44921875,-0.0124861714126369,-1.411828461308661,22905.2275390625,22167.803125,22330.66849609375,22868.111457402905,22349.280712116848,1.0061654781401608,1.039636137545768,1.0320537077867356,58.994127645044415,285.5997597333262,290.1480474881903,-4.548287754864077,23359.635240791307,22450.819837333693,0.0396772047737873,0.6553909398427477,0.10032854319396778,0.18791562508868467,-0.0124861714126369,0.00488125831171371,0.011305923465353418,23337.849609375,23339.94921875,22934.5,31465950.0,0.8187294519949342,22906.19921875,-0.006085536156515414
2025-06-13,22906.19921875,22932.25,22631.69921875,22631.69921875,25533300,22906.19921875,-0.0060855361565154,-0.7113913803827229,22906.99248046875,22199.13609375,22328.356240234374,22871.738863245486,22371.120653553444,0.9999653703243921,1.0318509297845635,1.0258793335388652,49.929401883896425,254.54160852733548,283.0267596960193,-28.485151168683842,23361.112913783847,22452.872047153654,0.03964906643264273,0.49912659543476273,0.10233280117694846,0.18840197983975202,-0.0060855361565154,-0.011176312426484092,0.0015433947733631825,23046.44921875,23337.849609375,23165.099609375,31135775.0,0.8200630946234677,23095.05078125,0.008244561251585347
2025-06-16,23095.05078125,23106.69921875,22789.400390625,22914.849609375,23518500,23095.05078125,0.0082445612515853,0.8567860264324457,22918.45498046875,22239.622109375,22326.627998046875,22893.0066649602,22399.51007032586,1.0077053972849281,1.038464172982256,1.034417323711863,58.784601169791976,242.3726220152057,274.8959321598566,-32.52331014465091,23379.71455759165,22457.195403345846,0.04025224017203347,0.6914277876700933,0.10631823591009619,0.18618669370802973,0.0082445612515853,-0.010094060882148703,0.010025889851536851,22906.19921875,23046.44921875,23330.55078125,30381145.0,0.774114997969958,22981.5,-0.004916671642141934
2025-06-17,22981.5,23128.5,22959.150390625,23126.80078125,29479900,22981.5,-0.0049166716421419,-0.5834796941695995,22938.25,22273.9391015625,22324.44224609375,22901.43460163066,22422.333204822888,1.0018854969319804,1.0317663119761276,1.029432213654575,56.08037673314743,221.01825263088904,264.1203962540631,-43.10214362317407,23372.556951487197,22503.943048512803,0.03786748784124141,0.5497919729943871,0.09744519695313857,0.18602828846632197,-0.0049166716421419,-0.015357754868722817,0.017528885549740636,23095.05078125,22906.19921875,23339.94921875,30418660.0,0.9691386800076006,22925.19921875,-0.002449830570241285
2025-06-18,22925.19921875,23066.849609375,22868.349609375,22937.75,19507700,22925.19921875,-0.0024498305702412,-0.3135272768907407,22947.97744140625,22307.575078125,22321.2594921875,22903.697898499166,22442.053440663167,0.9990073973745874,1.027686744904454,1.0270567046977739,51.95109344983547,197.2776644080659,250.75184988486367,-53.47418547679777,23371.282052711984,22524.672830100513,0.036892542045289446,0.4730947619653145,0.09583686023400538,0.18615839515410823,-0.0024498305702412,-0.017681594385595578,0.008558876441355112,22981.5,23095.05078125,23337.849609375,30182650.0,0.6463216450510475,22763.5,-0.007053339742310705
2025-06-19,22763.5,22973.150390625,22712.55078125,22921.599609375,23853000,22763.5,-0.0070533397423107,-0.817300480248362,22956.40244140625,22346.7380859375,22317.052744140627,22890.34571768972,22454.659188088142,0.9915970090741084,1.0186497873855138,1.0200047587366388,48.8942164020068,163.53022696102926,233.3075253000968,-69.77729833906756,23356.180408999426,22556.624473813077,0.03482932211295277,0.25873802830123277,0.09687197724529821,0.18023013306625055,-0.0070533397423107,-0.012277345462822997,0.007457402080106146,22925.19921875,22981.5,23046.44921875,30149305.0,0.7911625160181968,23041.099609375,0.012194944071649783
2025-06-20,23041.099609375,23064.69921875,22760.599609375,22760.650390625,32449300,23041.099609375,0.0121949440716497,1.289086024839566,22969.4048828125,22405.44609375,22314.17849609375,22904.703231183557,22477.65685166802,1.003121314066615,1.028370491395943,1.0325766468798527,55.207694344743246,157.37103282063254,218.12022680420398,-60.749193983571445,23362.021113517923,22576.78865210708,0.03418601680874987,0.5913038241352017,0.10201015864263221,0.16228839520780766,0.0121949440716497,0.005889252482994989,0.011415137546641807,22763.5,22925.19921875,22906.19921875,30496800.0,1.0640231106214422,23001.5,-0.0017186510212771067
2025-06-23,23001.5,23063.349609375,22837.80078125,22880.349609375,20840000,23001.5,-0.0017186510212771,-0.2335125207898681,22974.06484375,22455.860078125,22311.028994140626,22913.921971070835,22498.19972023006,1.0011941794556858,1.0242983310359386,1.0309475195447375,57.636821545627946,147.59310808447844,204.01480306025888,-56.42169497578044,23365.83887301044,22582.290814489555,0.034105765081185145,0.5350140057793725,0.10054767899666589,0.15843794397619249,-0.0017186510212771,-0.004050685237113716,0.004068360182623465,23041.099609375,22763.5,23095.05078125,30293890.0,0.6879274995716959,23113.19921875,0.004856171064930637
2025-06-24,23113.19921875,23307.94921875,23074.25,23212.30078125,31040600,23113.19921875,0.0048561710649306,0.4859862485340493,22988.8998046875,22510.9890625,22307.922236328126,22932.90075656409,22522.317347622997,1.0054069318287757,1.02675183016517,1.036098251280009,57.97194859613919,147.16084708795097,192.6440118657973,-45.483164777846326,23378.012939504664,22599.786669870333,0.03385226245040292,0.6597214318147431,0.10052519652234404,0.15734239435443356,0.0048561710649306,0.005730662435001976,0.013003713047575305,23001.5,23041.099609375,22981.5,30612965.0,1.013969081400642,23296.849609375,0.007945693232982665
2025-06-25,23296.849609375,23303.650390625,23190.849609375,23216.150390625,30406900,23296.849609375,0.0079456932329826,0.8240801723796045,23014.772265625,22561.8690625,22305.60298828125,22967.56255206989,22552.69116180935,1.0122563604147112,1.0325762260581774,1.0444393555114615,59.18666271803934,159.79530798568157,186.0742710897742,-26.27896310409261,23413.915636128353,22615.62889512165,0.034685841414950506,0.8533534120752443,0.10333413218441174,0.1530598767749366,0.0079456932329826,0.01621143559446314,0.022715664586279383,23113.19921875,23001.5,22925.19921875,30483740.0,0.9974793119216999,23517.55078125,0.009473434201428876
2025-06-26,23517.55078125,23529.650390625,23319.849609375,23341.19921875,29163000,23517.55078125,0.0094734342014288,0.9912645816655424,23047.58232421875,22606.6320703125,22304.24849609375,23019.942383420374,22590.52879394428,1.0203912258743686,1.0402943131070699,1.0543978105950864,58.9807828015456,185.47886447409837,185.95518976663902,-0.4763252925406505,23498.18800291646,22596.97664552104,0.03910220797642509,1.021485279977472,0.10721671339586712,0.1447001214814359,0.0094734342014288,0.033125432435697544,0.028703518518692572,23296.849609375,23113.19921875,22763.5,30632840.0,0.952017508007746,23620.150390625,0.004362682590943967
2025-06-27,23620.150390625,23644.349609375,23538.55078125,23566.69921875,34232800,23620.150390625,0.0043626825909439,0.4319826047770906,23088.4923828125,22650.9480859375,22303.60474609375,23077.105050773196,22630.90611146117,1.0230269694095868,1.0427885976785765,1.059028379471342,57.623448188919575,211.67217398668072,191.09858661064737,20.573587376033345,23590.801142805594,22586.183622819404,0.04351161190299296,1.0292143499734905,0.10658673184751324,0.14453429612807336,0.0043626825909439,0.025131212965825434,0.03588294860345509,23517.55078125,23296.849609375,23041.099609375,29738070.0,1.1511439713471654,23617.19921875,-0.0001249429756455811
2025-06-30,23617.19921875,23677.55078125,23563.0,23672.349609375,24613500,23617.19921875,-0.0001249429756455,-0.0591091738310318,23127.62734375,22689.6610546875,22302.87673828125,23128.542590580513,22669.58427253132,1.021168270645467,1.040879330979291,1.0589306256718358,57.32321356303922,229.54635805367434,198.78814089925277,30.758217154421573,23667.194385333725,22588.060302166272,0.046659956385843075,0.9536710336884792,0.10679816685696428,0.14241046792560327,-0.0001249429756455,0.026767785524857146,0.03427704651952079,23620.150390625,23517.55078125,23001.5,29023775.0,0.84804612770048,23615.44921875,-7.409854080453471e-05
2025-07-01,23615.44921875,23669.94921875,23558.900390625,23659.75,25642800,23615.44921875,-7.409854080453471e-05,-0.0535451436845974,23172.834765625,22721.8550390625,22303.56548828125,23174.91465040618,22706.67701552029,1.0191005743406751,1.0393275187325715,1.0588194623482081,57.3338025388607,240.79483436765804,207.18947959293382,33.60535477472422,23717.018938968817,22628.650592281185,0.046967423610256354,0.9066770725840722,0.10373026065858991,0.13920592882690674,-7.409854080453471e-05,0.021730007830009113,0.039810508707033065,23617.19921875,23620.150390625,23113.19921875,28034140.0,0.9146990062830535,23547.25,-0.002887906900193582
2025-07-02,23547.25,23669.30078125,23463.849609375,23653.05078125,26194600,23547.25,-0.0028879069001935,-0.3614670349766383,23209.80478515625,22751.09703125,22303.790986328124,23210.375159891304,22739.640661970476,1.0145389079299607,1.0349940474367647,1.0557510162480495,64.99940332259402,241.42324896559148,214.03623346746537,27.387015498126118,23750.03571541253,22669.573854899973,0.046551958127778695,0.8123157116187852,0.10474221304418786,0.13945175605992502,-0.0028879069001935,0.01074825115084388,0.032418680554657575,23615.44921875,23617.19921875,23296.849609375,27768135.0,0.9433330686414482,23521.849609375,-0.0010786988130249142
2025-07-03,23521.849609375,23647.099609375,23503.55078125,23591.80078125,23572100,23521.849609375,-0.0010786988130249,-0.1634809944266728,23239.172265625,22776.78203125,22303.181982421876,23240.039393175466,22770.315522653007,1.012163830127811,1.0327117139331956,1.0546409757994895,69.80152802127277,237.13809250140184,218.65660527425268,18.48148722714916,23780.246284286823,22698.098246963174,0.04656568766540352,0.7612187371779128,0.10408029443450892,0.13895888538349374,-0.0010786988130249,0.00018279233943130357,0.025609871999607625,23547.25,23615.44921875,23517.55078125,27670550.0,0.8518840427819468,23562.44921875,0.0017260381325971963
2025-07-04,23562.44921875,23570.900390625,23448.900390625,23553.44921875,18787000,23562.44921875,0.0017260381325971,0.1434481899972947,23259.03974609375,22804.4180078125,22303.337978515625,23270.745090849232,22801.379589166616,1.0130447978922779,1.0332405418405244,1.0564539371392414,66.61801101560566,234.31706305650732,221.78869683070363,12.528366225803694,23817.560742137084,22700.518750050414,0.04802614399737736,0.7716186811282723,0.09884014507231689,0.13870144540889623,0.0017260381325971,-0.002442879106218654,0.01715294197199091,23521.849609375,23547.25,23620.150390625,27150955.0,0.6919461948944338,23551.19921875,-0.00047745460989889743
2025-07-07,23551.19921875,23595.30078125,23506.5,23561.599609375,24223800,23551.19921875,-0.0004774546098988,-0.097685379193254,23270.07216796875,22838.478984375,22301.5572265625,23297.455007792163,22830.784280522825,1.0120810562490745,1.0312069921496352,1.0560338446096984,71.844295196698,228.53913898365136,223.13878526129318,5.400353722358176,23843.07003367911,22697.07430225839,0.049247622574979985,0.7453124763667188,0.09608844613009204,0.13370056327354454,-0.0004774546098988,-0.0027945735389148796,0.009457489433868371,23562.44921875,23521.849609375,23617.19921875,26771865.0,0.9048230296992757,23572.55078125,0.0009066019229713174
2025-07-08,23572.55078125,23600.349609375,23469.94921875,23540.599609375,29300500,23572.55078125,0.0009066019229713,0.0537752929006467,23281.70224609375,22867.8930078125,22299.778984375,23323.65460526434,22859.873162904285,1.0124925803140123,1.0308142850413355,1.0570755341461817,75.50534509900483,223.11109930852035,223.13324807073863,-0.022148762218279217,23869.912102475813,22693.49238971169,0.05052979805037473,0.7472319462176655,0.09609915187641481,0.13169680327465372,0.0009066019229713,-0.0018165412439387074,0.009965812706787869,23551.19921875,23562.44921875,23615.44921875,26695885.0,1.0975661604775417,23557.44921875,-0.0006406418482302056
2025-07-09,23557.44921875,23613.900390625,23513.849609375,23576.44921875,23483000,23557.44921875,-0.0006406418482302,-0.1155433555170616,23292.6822265625,22896.793984375,22297.725234375,23345.92075892964,22887.22908666294,1.0113669602157525,1.0288536130790118,1.0564956277438096,85.3666982185157,215.1111019925811,221.52881885510715,-6.417716862526049,23893.37115280821,22691.993300316793,0.05157748003453795,0.7203861105294265,0.09616486245884014,0.13175761114864223,-0.0006406418482302,0.00043313842380743317,0.009409590559996905,23572.55078125,23551.19921875,23547.25,26080220.0,0.9004141836226842,23471.400390625,-0.0036527226409772684
2025-07-10,23471.400390625,23605.5,23444.94921875,23595.849609375,20223100,23471.400390625,-0.0036527226409772,-0.4451626813436745,23313.92978515625,22925.6209765625,22295.232734375,23357.871200043483,22910.13776524969,1.0067543570268882,1.0238065269691263,1.0527542219569017,73.11202588104605,199.5275952764714,217.12857413938002,-17.60097886290862,23907.972039040273,22719.88753127223,0.05096028506204188,0.6325415864263252,0.08480139673760553,0.13174370237759378,-0.0036527226409772,-0.0021447811115113957,0.018438899972897715,23557.44921875,23572.55078125,23521.849609375,25803270.0,0.7837417505610723,23282.69921875,-0.008039621357674553
2025-07-11,23282.69921875,23462.349609375,23256.30078125,23408.80078125,22318700,23282.69921875,-0.0080396213576745,-0.9252316758239364,23332.75478515625,22951.1549609375,22292.152978515624,23350.711963729816,22924.74801832813,0.9978547082473908,1.0144456459109261,1.0444347498058635,63.018435262365735,169.99139145728623,207.70113760296127,-37.70974614567504,23895.42753629359,22770.082034018906,0.048230288820870645,0.4555198236403614,0.08719464939019114,0.13330695992010985,-0.0080396213576745,-0.01187270463281831,0.016436598512240996,23471.400390625,23557.44921875,23562.44921875,25642540.0,0.8703778954814929,23309.05078125,0.0011318087414358136
2025-07-14,23309.05078125,23329.19921875,23200.099609375,23290.150390625,39977700,23309.05078125,0.0011318087414358,0.0784202226955485,23343.45478515625,22973.43296875,22289.428486328125,23346.744232065073,22939.818714913305,0.9985261819973569,1.014608953435759,1.0457446585293693,59.845188349404296,147.01538614074525,195.56398731051806,-48.54860116977281,23895.12628437187,22791.78328594063,0.047265625786153585,0.4688183964953468,0.08271258285553594,0.13221538518426115,0.0011318087414358,-0.01028178799945001,0.009266054533802581,23282.69921875,23471.400390625,23551.19921875,26465500.0,1.5105590296801497,23449.150390625,0.006010524010171103
2025-07-15,23449.150390625,23469.44921875,23332.80078125,23334.55078125,27090700,23449.150390625,0.0060105240101711,0.6123098984482034,23366.8373046875,23003.283984375,22285.705234375,23356.49719954697,22959.792506117687,1.0035226455709088,1.019382728420553,1.0522058935992487,58.00651380093108,138.514890573475,184.15416796310944,-45.63927738963446,23892.964626599853,22840.709982775144,0.04503196688982706,0.5782254432612753,0.08236070478067452,0.1298808303028663,0.0060105240101711,-0.005234918858384896,0.020348993347910183,23309.05078125,23282.69921875,23572.55078125,26346040.0,1.02826458928932,23472.5,0.0009957550267720716
2025-07-16,23472.5,23502.900390625,23403.5,23458.900390625,28588900,23472.5,0.000995755026772,0.0635315338490688,23394.20234375,23031.285,22281.17173828125,23367.545085304402,22979.898682348365,1.0033468829199437,1.0191572029089997,1.0534679358748413,47.01157228575469,132.13908777919278,173.75115192632614,-41.61206414713337,23878.914043970366,22909.490643529633,0.04143861740597809,0.580767243924402,0.08133689215960123,0.12957025209411563,0.000995755026772,-0.0036060448633966624,0.02387332716403945,23449.150390625,23309.05078125,23557.44921875,26800100.0,1.0667460196044045,23419.69921875,-0.002249474118649508
2025-07-17,23419.69921875,23514.69921875,23409.05078125,23507.650390625,21951000,23419.69921875,-0.0022494741186495,-0.2916017831730031,23427.0123046875,23062.81796875,22276.32173828125,23372.512145632558,22997.145762207252,0.9996878353141071,1.0154743123968446,1.0513270320792631,35.76250260038469,121.42591400556194,163.28610434217333,-41.860190336611396,23810.16421273953,23043.86039663547,0.032710266513613355,0.4904566755583025,0.0765223389135476,0.12706831784546682,-0.0022494741186495,-0.0022027306004140934,0.028826815680804696,23472.5,23449.150390625,23471.400390625,26705000.0,0.8219809024527243,23275.150390625,-0.0061721043799432
2025-07-18,23275.150390625,23449.44921875,23240.849609375,23430.0,19710600,23275.150390625,-0.0061721043799432,-0.7208647515861062,23438.71484375,23094.8099609375,22270.841240234375,23363.239597536598,23008.047904498144,0.9930216117131262,1.0078086994434043,1.045095249863137,29.773654898877126,100.11767004182911,150.6524174821045,-50.534747440275396,23784.735841344613,23092.693846155387,0.02952559471807947,0.26364952667281394,0.06973462038730893,0.12656097757266782,-0.0061721043799432,-0.00032422478399418697,0.010157969247039267,23419.69921875,23472.5,23282.69921875,26068065.0,0.7561205636091517,23378.44921875,0.004438159427172073
2025-07-21,23378.44921875,23394.5,23184.900390625,23296.75,17595400,23378.44921875,0.004438159427172,0.4402422185075524,23457.5623046875,23112.1509375,22265.248984375,23364.688132890256,23022.573446233513,0.9966273952548901,1.011522003381257,1.049997205742285,37.4881422756339,90.52259715665787,138.6264534170152,-48.10385626035733,23738.197153209374,23176.927456165628,0.023927025739224596,0.3590462190377373,0.07053938389216212,0.09414178126162136,0.004438159427172,0.0029773171868425763,0.01638802768297709,23275.150390625,23419.69921875,23309.05078125,25905835.0,0.6792060553153373,23320.900390625,-0.0024616187150191537
2025-07-22,23320.900390625,23456.0,23306.400390625,23449.75,20318100,23320.900390625,-0.0024616187150191,-0.3148172822397951,23467.94736328125,23131.5809375,22259.405732421874,23360.51787172214,23034.272542092003,0.993734135739271,1.0081844580202508,1.0476874661867999,37.91450017984335,77.38270365367134,126.37770346434644,-48.9949998106751,23707.255210132676,23228.639516429826,0.020394442099852667,0.19276608646322663,0.06976772532017717,0.0926689475532247,-0.0024616187150191,-0.005469281311414775,0.008986258021196347,23378.44921875,23275.150390625,23449.150390625,25369710.0,0.80088026232858,23428.400390625,0.004609599037746159
2025-07-23,23428.400390625,23435.55078125,23296.0,23382.400390625,19959600,23428.400390625,0.0046095990377461,0.4590032719937272,23474.52490234375,23150.1589453125,22255.32173828125,23366.98287352241,23049.72853615212,0.9980351248039894,1.0120189863909699,1.0527100289152838,45.41263820700077,74.78155969943691,116.05847471136454,-41.27691501192763,23700.914602539207,23248.135202148293,0.019288117747835187,0.39813027783656735,0.06591678792543584,0.09210424874535454,0.0046095990377461,-0.0018787776919799715,0.005646719769228481,23320.900390625,23378.44921875,23472.5,24847345.0,0.8032890435577724,23301.099609375,-0.005433609598926803
2025-07-24,23301.099609375,23449.400390625,23257.599609375,23447.349609375,19690700,23301.099609375,-0.0054336095989268,-0.6400494718528251,23463.70234375,23160.404921875,22250.470732421876,23360.708276936944,23059.586225298117,0.9930700308078911,1.0060747939414096,1.0472182763945852,38.17692162195475,61.73636681849166,105.19405313278997,-43.457686314298314,23701.822595626247,23225.58209187375,0.02029690356514987,0.15857012771080167,0.05927483479222417,0.08891421599200806,-0.0054336095989268,-0.005064096181049527,-0.009203814372012342,23428.400390625,23320.900390625,23419.69921875,24373730.0,0.8078656816170524,23014.80078125,-0.012286923489645551
2025-07-25,23014.80078125,23255.25,22993.0,23255.25,21958300,23014.80078125,-0.0122869234896455,-1.3900242765713426,23433.43486328125,23163.2829296875,22246.767490234375,23327.76470591914,23057.82993337466,0.9821351805881764,0.9935897623455096,1.0345233657587678,30.569509023142146,27.97357280984943,89.74995706820187,-61.77638425835244,23733.626090806592,23133.24363575591,0.02562076189655918,-0.19727900692186787,0.06984513413808857,0.09308397021241274,-0.0122869234896455,-0.011185732637837953,-0.02562852477075117,23301.099609375,23428.400390625,23275.150390625,23760005.0,0.9241706809405132,22846.94921875,-0.007293200757868323
2025-07-28,22846.94921875,23094.849609375,22818.150390625,22967.400390625,20263600,22846.94921875,-0.0072932007578683,-0.8435490544667456,23394.92236328125,23162.9058984375,22243.327490234376,23281.972754760172,23049.560101428597,0.9765772616800258,0.9863593678153821,1.0271372045742992,26.237844143841315,-12.187414066549536,69.36248284125158,-81.54989690780111,23781.152998475045,23008.691728087455,0.03301833014842352,-0.20938591426867226,0.07283278890096191,0.09456812179314675,-0.0072932007578683,-0.022734613191268682,-0.03261394345983615,23014.80078125,23301.099609375,23378.44921875,23542510.0,0.8607238565471567,23007.349609375,0.007020648100069415
2025-07-29,23007.349609375,23024.150390625,22777.69921875,22793.0,17358000,23007.349609375,0.0070206481000694,0.7228502339914082,23364.5173828125,23171.3408984375,22242.4544921875,23255.818169485396,23047.904788014734,0.9847132398420417,0.9929226672819114,1.0343889707611256,33.55063280021902,-30.718214058699232,49.34634346126142,-80.06455751996066,23772.766089456127,22956.268676168875,0.03494604232175805,0.06256104719353468,0.07896049455542273,0.09157484416484615,0.0070206481000694,-0.013445054693344782,-0.025750075882197798,22846.94921875,23014.80078125,23320.900390625,23128270.0,0.7505100900326743,23033.55078125,0.0011388174787556604
2025-07-30,23033.55078125,23070.349609375,22959.44921875,23064.25,16971600,23033.55078125,0.0011388174787556,0.0791872058640699,23338.832421875,23177.39890625,22240.0594921875,23234.64984679631,23047.341885788665,0.9869195838460683,0.9937936036057432,1.0356784697154806,36.42117912970979,-42.79646001056608,30.917782766895918,-73.714242777462,23763.002600821423,22914.662242928574,0.03634887737990184,0.1401424996643882,0.07917429832209787,0.09054628233425666,0.0011388174787556,-0.016853460022520417,-0.021815677786153342,23007.349609375,22846.94921875,23428.400390625,22667120.0,0.7487320841818458,22914.94921875,-0.005149078560503395
2025-07-31,22914.94921875,23071.25,22802.150390625,22804.19921875,22141000,22914.94921875,-0.0051490785605033,-0.6089125484051859,23308.48740234375,23183.797890625,22236.636240234377,23204.202167934756,23042.150016493033,0.9831160994362003,0.9884035966348846,1.0305042980056625,38.076729205740584,-61.2328575795691,12.487654697602913,-73.72051227717202,23763.260195383697,22853.714609303806,0.03902207682461596,0.06732439845048928,0.08047398438568532,0.09027398497156885,-0.0051490785605033,-0.016572196037891507,-0.02580155900593417,23033.55078125,23007.349609375,23301.099609375,22595565.0,0.9798825565990494,22673.650390625,-0.010530192575227693
2025-08-01,22673.650390625,22917.849609375,22646.75,22901.599609375,22209200,22673.650390625,-0.0105301925752276,-1.1977809406477138,23264.0474609375,23181.6498828125,22232.013740234375,23153.673427238587,23027.69905077272,0.9746219108560609,0.978086137321738,1.0198648964304737,31.919056061370682,-94.22842763272638,-8.855561768462946,-85.37286586426343,23783.44187602943,22744.653045845575,0.04465211102788679,-0.06835138495659364,0.08594734082876207,0.09160835861283083,-0.0105301925752276,-0.014823086841704636,-0.037720986467643214,22914.94921875,23033.55078125,23014.80078125,22766675.0,0.9755135521546295,22860.400390625,0.008236432898216295
2025-08-04,22860.400390625,22871.599609375,22648.599609375,22699.69921875,18958000,22860.400390625,0.0082364328982162,0.8558965209570152,23229.50751953125,23180.691875,22228.2594921875,23125.742661846816,23021.13831900222,0.984110419534469,0.9861828332777061,1.0284386143080468,33.67983367957227,-104.10839359879174,-27.906128134528707,-76.20226546426304,23760.25174910969,22698.763289952807,0.04569569364586592,0.15227400663444352,0.0931346402019074,0.0926386721234445,0.0082364328982162,0.0005887513359534857,-0.02933178993174279,22673.650390625,22914.94921875,22846.94921875,22503385.0,0.8424510356997403,22798.5,-0.0027077561883117607
2025-08-05,22798.5,22878.099609375,22736.05078125,22869.5,17350900,22798.5,-0.0027077561883117,-0.3417527044909963,23190.80498046875,23180.331875,22223.61673828125,23094.57669405188,23012.407404531546,0.9830835979691456,0.9835277649578518,1.025868123469232,31.707655805487704,-115.60061013375162,-45.44502453437329,-70.15558559937833,23729.05866722964,22652.55129370786,0.04641957769160523,0.13557613248345415,0.09279388080859295,0.09239700485330657,-0.0027077561883117,-0.009077517094359222,-0.03283695466108372,22860.400390625,22673.650390625,23007.349609375,21905905.0,0.7920649706095229,22666.849609375,-0.005774519842314141
2025-08-06,22666.849609375,22818.19921875,22622.349609375,22807.55078125,15763400,22666.849609375,-0.0057745198423141,-0.677356108800713,23146.275,23178.080859375,22218.272490234376,23053.84078122551,22998.856118446976,0.9792871470409384,0.9779433313266219,1.0201895588119099,30.406281229795027,-133.78912307984865,-63.113844243468364,-70.67527883638029,23703.825799942366,22588.724200057637,0.048176287540205955,0.07006124762565934,0.09383550399077903,0.09323820683829481,-0.0057745198423141,-0.015920305790347644,-0.03780543475250908,22798.5,22860.400390625,23033.55078125,21519925.0,0.7325025528667037,22694.099609375,0.0012021961794252967
2025-08-07,22694.099609375,22726.900390625,22425.849609375,22563.400390625,20517000,22694.099609375,0.0012021961794252,0.0861228912005312,23107.4099609375,23174.735859375,22213.377236328124,23019.579717239747,22986.9048827971,0.9821135145712483,0.9792603353532694,1.0216411204803515,33.894163096929134,-144.34093096548168,-79.35926158787103,-64.98166937761064,23677.755191197946,22537.064730677055,0.049364704328574704,0.13766651351331358,0.09422024430224214,0.0929065256375226,0.0012021961794252,-0.00963779615074567,-0.03311693245028835,22666.849609375,22798.5,22914.94921875,21534620.0,0.9527449288633837,22443.150390625,-0.011057905934559797
2025-08-08,22443.150390625,22690.349609375,22419.69921875,22680.900390625,17064600,22443.150390625,-0.0110579059345597,-1.255529896834943,23065.43251953125,23167.5598828125,22208.70798828125,22964.68168613358,22965.58117722172,0.9730210075887666,0.9687317310993583,1.010556327836246,26.036436278360696,-170.98184711843714,-97.68377869398427,-73.29806842445288,23701.277142903804,22429.587896158693,0.055133986569218675,0.010664943893336649,0.09748108419031529,0.09595352775572236,-0.0110579059345597,-0.01016598545134606,-0.03605891311128118,22694.099609375,22666.849609375,22673.650390625,21271915.0,0.802212682779148,22633.44921875,0.008479149531720465
2025-08-11,22633.44921875,22650.099609375,22406.0,22447.55078125,15385700,22633.44921875,0.0084791495317204,0.8824575923914851,23031.65244140625,23163.5388671875,22204.67173828125,22933.135736858952,22952.556394536554,0.9827106099456259,0.97711534271698,1.0193102373015284,33.508443620415946,-174.72531539789634,-113.0920860347667,-61.633229363129644,23684.557717076284,22378.74716573622,0.05669634667603902,0.19505283729879716,0.1037178661743104,0.09789249150901178,0.0084791495317204,-0.009927698902774784,-0.02898451630829424,22443.150390625,22694.099609375,22860.400390625,20042315.0,0.7676608216166645,22568.599609375,-0.0028652110753528692
2025-08-12,22568.599609375,22730.25,22554.30078125,22633.650390625,15129600,22568.599609375,-0.0028652110753528,-0.3589833756733792,22987.62490234375,23160.68484375,22201.198486328125,22898.41801043191,22937.49926570669,0.9817717013067311,0.9744357630886387,1.0165487067409054,28.942982875530973,-180.84024866786422,-126.6417185613862,-54.19853010647802,23640.74697104578,22334.502833641716,0.05682379728019779,0.17921364699736114,0.09996835765540918,0.0973597117589654,-0.0028652110753528,-0.010084013887975085,-0.03755150044165545,22633.44921875,22443.150390625,22798.5,19444260.0,0.778101095130388,22698.099609375,0.005738060944916024
2025-08-13,22698.099609375,22733.80078125,22624.44921875,22655.150390625,20941400,22698.099609375,0.005738060944916,0.5824936026508637,22948.9048828125,23158.48984375,22200.61673828125,22879.340067474106,22928.111043889763,0.9890711441474778,0.9801200234781609,1.0224085158064966,35.248072964306445,-173.23980893729458,-135.9613366365679,-37.27847230072669,23572.128473789402,22325.6812918356,0.05431401578065143,0.29878387382234367,0.10315250174251236,0.09775847662353616,0.005738060944916,0.0013786653433776053,-0.032991815555437176,22568.599609375,22633.44921875,22666.849609375,19061885.0,1.098600689281254,22680.25,-0.000786392239094269
2025-08-14,22680.25,22754.150390625,22646.69921875,22713.650390625,20569500,22680.25,-0.0007863922390942,-0.131493175220192,22911.932421875,23153.40484375,22199.812490234373,22860.37910866705,22918.39100295291,0.98988813262849,0.9795643514660989,1.021641512061283,40.57790050354148,-166.7347060906941,-142.11601052739314,-24.618695563300946,23504.540429817032,22319.32441393297,0.051729203546028064,0.3045230415634476,0.1031715784601425,0.09691289170661303,-0.0007863922390942,-0.0006102735783040103,-0.03157381364479661,22698.099609375,22568.599609375,22694.099609375,18992810.0,1.0830150988716256,22931.5,0.011077920216928883
2025-08-18,22931.5,23040.849609375,22913.05078125,22958.30078125,23896800,22931.5,0.0110779202169288,1.1668473880765893,22894.74990234375,23148.7328515625,22200.5307421875,22867.152526889236,22918.905081268484,1.0016051757635704,0.9906157778503267,1.0329257559785923,52.27439895723909,-139.6952698879104,-141.6318623994966,1.9365925115862126,23462.41845099513,22327.081353692367,0.04958940814577269,0.5323693269100664,0.11087690536618151,0.09749543640821662,0.0110779202169288,0.021759405470053617,-0.014764690447002127,22680.25,22698.099609375,22443.150390625,19202120.0,1.244487587828844,23066.599609375,0.005891442311885431
2025-08-19,23066.599609375,23077.099609375,22908.150390625,22959.5,23250400,23066.599609375,0.0058914423118854,0.5992784986259518,22879.157421875,23143.453828125,22203.368486328123,22886.147487125978,22924.69702354717,1.0081927050041093,0.9966792243145403,1.0388783856637978,51.61580695499008,-106.14138072033893,-134.53376606366507,28.39238534332614,23406.59029004613,22351.72455370387,0.04610596959019333,0.6776929338413034,0.1118890454007716,0.09705146292670255,0.0058914423118854,0.019137621775569658,-0.013339191426131491,22931.5,22680.25,22633.44921875,19484870.0,1.1932540478843328,23143.150390625,0.003318685135492938
2025-08-20,23143.150390625,23171.150390625,23025.849609375,23067.69921875,29253300,23143.150390625,0.0033186851354929,0.3177354244693461,22870.269921875,23139.5178515625,22205.8344921875,22910.623954125884,22933.263822256107,1.011931668042492,1.0001569842157387,1.0422103433567096,52.909005136957035,-72.53651770334545,-122.13431639160115,49.59779868825569,23371.711313426174,22368.828530323823,0.043850937768909706,0.7720960747826298,0.11252557878478676,0.09736628676180227,0.0033186851354929,0.025457972191208933,-0.007621918408924566,23066.599609375,22931.5,22568.599609375,19931630.0,1.4676822718463065,23137.150390625,-0.0002592559741749767
2025-08-21,23137.150390625,23230.94921875,23126.75,23221.75,23429200,23137.150390625,-0.0002592559741749,-0.0738073718779153,22855.707421875,23135.5038671875,22207.544990234375,22932.197900459134,22941.259373956847,1.0123139031995412,1.000071168687181,1.0418598904471166,56.27262632377755,-45.85992681877178,-106.87943847703528,61.0195116582635,23302.88117000802,22408.53367374198,0.03913016034717127,0.8146908443577353,0.11099118261464534,0.09736648363234805,-0.0002592559741749,0.019343063463720833,-0.012431493193899246,23143.150390625,23066.599609375,22698.099609375,20105110.0,1.1653355788652735,22991.30078125,-0.006303698031633886
2025-08-22,22991.30078125,23144.55078125,22980.849609375,23133.849609375,32235300,22991.30078125,-0.0063036980316338,-0.735265364895614,22840.21748046875,23134.4008984375,22208.752490234376,22937.826746248742,22943.22178208599,1.0066147925653706,0.993814401426874,1.0352360309909225,59.477868442117924,-36.071570300155145,-92.71786484165926,56.64629454150412,23241.542472166846,22438.892488770653,0.035141958875064334,0.6882306159669934,0.11153517565571965,0.09427978036810399,-0.0063036980316338,0.013714609902889086,-0.013295459584248714,23137.150390625,23143.150390625,22680.25,20732340.0,1.554831726664718,23052.0,0.002640095022353073
2025-08-25,23052.0,23106.900390625,23022.099609375,23069.30078125,27455000,23052.0,0.002640095022353,0.2434756582159412,22842.07744140625,23137.3169140625,22210.5657421875,22948.70038946315,22947.487594553208,1.0091901692887715,0.9963125839361847,1.0378844135525216,56.18183995059177,-23.149455061353365,-78.8041828855981,55.65472782424473,23247.136663883415,22437.018218929086,0.035466058069034335,0.7591257610543909,0.1031410046584071,0.09342902214843277,0.002640095022353,0.005254780542049087,0.0016163172170626794,22991.30078125,23137.150390625,22931.5,21007175.0,1.30693441645533,22768.650390625,-0.012291758171742106
2025-08-26,22768.650390625,23013.05078125,22746.75,22994.849609375,44479200,22768.650390625,-0.0122917581717421,-1.3905533475899852,22838.1625,23130.78890625,22210.291240234375,22931.55277052618,22940.47437086975,0.9969563177696542,0.9843438752957039,1.0251396591044761,49.15733651473505,-35.364866889227415,-70.11631968632396,34.75145279709655,23244.53486939542,22431.79013060458,0.035587133544163374,0.4144723969805949,0.10923956116684044,0.09562134050007956,-0.0122917581717421,-0.0129169111960874,-0.003427102120958092,23052.0,22991.30078125,23066.599609375,22217955.0,2.0019484241461467,22541.650390625,-0.00996984872205986
2025-08-28,22541.650390625,22762.25,22529.599609375,22762.25,29189400,22541.650390625,-0.0099698487220598,-1.136461150170308,22814.8775390625,23121.9919140625,22210.40798828125,22894.419210535594,22924.83421478172,0.9880241676524586,0.9749008854602815,1.014913836905586,46.64614302750772,-62.6405899237252,-68.62117373380421,5.980583810079011,23233.612287987824,22396.14279013718,0.03670716603307357,0.17374674643206794,0.11108209943474424,0.09753877274565861,-0.0099698487220598,-0.025990411411043635,-0.0202413240402205,22768.650390625,23052.0,23143.150390625,22809525.0,1.2797022296606353,22462.94921875,-0.0034913668924495544
2025-08-29,22462.94921875,22624.69921875,22443.80078125,22524.150390625,28764200,22462.94921875,-0.0034913668924495,-0.4275051294028293,22786.3474609375,23112.7469140625,22209.323486328125,22853.32683036554,22906.721077682436,0.9858073680855652,0.9718857434934683,1.011419786495433,43.97401600189492,-89.57476168239373,-72.81189132352212,-16.76287035887161,23219.84377329508,22352.85114857992,0.03804877575054106,0.12698847375561423,0.11111630360835845,0.09768102707178422,-0.0034913668924495,-0.029139334814030526,-0.024772627022164873,22541.650390625,22768.650390625,23137.150390625,23399155.0,1.2292837070398481,22713.55078125,0.011156218182197586
2025-09-01,22713.55078125,22720.55078125,22491.900390625,22491.900390625,27115300,22713.55078125,0.0111562181821975,1.17541572481829,22776.2775390625,23111.7479296875,22207.735244140626,22840.014825687867,22899.145771939988,0.9972459609475288,0.9827707904374464,1.0227765475204336,57.050491387437155,-89.66523016360225,-76.18255909153815,-13.482671072064093,23206.540219871596,22346.014858253402,0.03778165067326349,0.42710643914669705,0.11832873778735416,0.09982243637238314,0.0111562181821975,-0.0120806561856871,-0.008788954126732529,22462.94921875,22541.650390625,22991.30078125,23647870.0,1.146627582103589,22724.400390625,0.00047767121395914103
2025-09-02,22724.400390625,22858.19921875,22678.44921875,22758.19921875,27193100,22724.400390625,0.0004776712139591,0.0068363623542384,22778.8150390625,23105.4139453125,22207.32599609375,22829.003927110454,22892.29301188842,0.9976111729980603,0.983509771537125,1.0232839556920181,52.61632055404491,-87.84878813846808,-78.51580490092414,-9.332983237543942,23207.12346400624,22350.506614118764,0.037605856512661406,0.43647726116397806,0.1121375074817249,0.09583205635189482,0.0004776712139591,-0.014211331310732267,0.002238280961630368,22713.55078125,22462.94921875,23052.0,23897065.0,1.1379263520436504,22864.650390625,0.006171780006915428
2025-09-03,22864.650390625,22877.349609375,22709.19921875,22764.0,30994300,22864.650390625,0.0061717800069154,0.6299565343088194,22779.0275390625,23102.676953125,22208.42099609375,22832.398828397556,22891.20898752515,1.0037588457810884,0.9896970137710469,1.0295486741109003,58.16218614594459,-74.23648982090162,-77.65994188491963,3.423452064018008,23207.510577486923,22350.544500638076,0.03762083677098353,0.5999139334391683,0.11038506809932273,0.09684573362879434,0.0061717800069154,0.004216323688624346,0.00018591100450460196,22724.400390625,22713.55078125,22768.650390625,24498880.0,1.2651313039616505,22819.650390625,-0.001968103567349999
2025-09-04,22819.650390625,23116.900390625,22795.0,23116.900390625,30118100,22819.650390625,-0.0019681035673499,-0.2608107195168979,22780.08505859375,23096.8059765625,22209.56224609375,22831.18469146684,22888.40276803887,1.0017368386434677,0.9880002634901663,1.0274696159145844,53.51495695074791,-66.31532743738353,-75.39101899541241,9.075691558028879,23208.87474202122,22351.295375166283,0.03764601249947395,0.546136058725157,0.1101725756063833,0.09625928498583801,-0.0019681035673499,0.01233272609514069,0.0009277097451587668,22864.650390625,22724.400390625,22541.650390625,25137240.0,1.1981466541275017,22829.150390625,0.00041630786788493523
2025-09-05,22829.150390625,22916.0,22718.5,22891.75,34473200,22829.150390625,0.0004163078678849,0.0001212221720264,22788.20009765625,23087.4519921875,22212.052744140627,22830.990948529517,22886.07914539519,1.0017969954973742,0.9888120351414307,1.0277821079209872,54.32673589823665,-58.59572354787451,-72.03195990590483,13.436236358030314,23214.099981514202,22362.300213798295,0.037378984038475116,0.5480750224645061,0.10798724038345199,0.09443421964103074,0.0004163078678849,0.016302452910739396,0.0071602707940001675,22819.650390625,22864.650390625,22462.94921875,26072730.0,1.3221937250146034,22878.650390625,0.0021682804288820634
2025-09-08,22878.650390625,22974.849609375,22835.900390625,22892.80078125,22996300,22878.650390625,0.002168280428882,0.1918438399096216,22797.42763671875,23074.673984375,22216.87125,22835.5299430148,22885.78782167871,1.0035628034531154,0.9915048163244804,1.0297872339078797,48.26032559943072,-47.93112536039553,-67.21179299680297,19.280667636407443,23222.739728109205,22372.11554532829,0.03731228787456773,0.5954860625289508,0.10813928430824517,0.09190100696154936,0.002168280428882,0.007268771446835576,0.008132104133964368,22829.150390625,22819.650390625,22713.55078125,26196695.0,0.8778321082105968,22949.099609375,0.0030792558803585113
2025-09-09,22949.099609375,22964.05078125,22893.05078125,22949.55078125,20109300,22949.099609375,0.0030792558803585,0.2915340988440129,22822.72509765625,23061.25296875,22221.80125,22846.34610171577,22888.270636882487,1.0055372227101718,0.9951367187408691,1.0327290461827436,45.96025796287219,-33.409566591170005,-60.451347715676384,27.04178112450638,23218.471446839354,22426.978748473146,0.03468002593815822,0.6596660486937548,0.09952575391406948,0.09159395439525124,0.0030792558803585,0.009888015300183683,0.022543591694744736,22878.650390625,22829.150390625,22724.400390625,26348930.0,0.763192281432301,23074.150390625,0.005449049565278585
2025-09-10,23074.150390625,23121.75,23027.05078125,23056.80078125,23676100,23074.150390625,0.0054490495652785,0.5508663845690308,22844.76015625,23050.3919921875,22227.675,22868.041748278556,22895.56003899004,1.0100412625392454,1.0010307155924096,1.038082048195549,47.704286527055025,-11.675980258114578,-50.69627422416403,39.02029396604945,23245.181122812864,22444.339189687133,0.03505582582825226,0.7864363426611439,0.09711166583372219,0.09257959437743074,0.0054490495652785,0.00916261549688513,0.01947123337745249,22949.099609375,22878.650390625,22864.650390625,26763450.0,0.884643048635359,23102.650390625,0.0012351484027588455
2025-09-11,23102.650390625,23128.55078125,23065.69921875,23073.44921875,21459700,23102.650390625,0.0012351484027588,0.0897289331320247,22871.4626953125,23040.136015625,22233.16650390625,22890.385428502028,22903.681229250233,1.0101081289986704,1.0027132815083037,1.0391075147377673,48.8690755148827,7.758322199497343,-39.005354939431754,46.7636771389291,23265.519257693264,22477.406132931737,0.03445836128893565,0.793343287972346,0.09604175059521093,0.0926534498098629,0.0012351484027588,0.012401592274887019,0.023663443478706414,23074.150390625,22949.099609375,22819.650390625,27079955.0,0.7924570037136325,23190.25,0.0037917558329387813
2025-09-12,23190.25,23210.400390625,23129.900390625,23171.55078125,25960500,23190.25,0.0037917558329387,0.3695047012881831,22896.07021484375,23032.996015625,22240.013505859373,22918.943959120883,22914.919220260028,1.012848483709031,1.0068273351963557,1.0427264351206567,56.780583919685,29.884216642651154,-25.227440623015177,55.11165726566633,23305.702325504906,22486.43810418259,0.035781870584548715,0.8590780330679864,0.09506213182037315,0.09295232112238032,0.0037917558329387,0.01581747910878395,0.021682449151898542,23102.650390625,23074.150390625,22829.150390625,27330910.0,0.9498586033176356,23215.849609375,0.0011038953601190116
2025-09-15,23215.849609375,23249.19921875,23182.05078125,23213.150390625,33099500,23215.849609375,0.001103895360119,0.0753655934992333,22922.8501953125,23026.876015625,22244.965,22947.220687716515,22926.720411990027,1.012781980057716,1.0082066535478704,1.0436451398945783,55.7212009940553,48.92089233437582,-10.39777403153698,59.318666365912804,23342.970444478284,22502.72994614672,0.03665514938902968,0.8487089882521115,0.09480367255638596,0.0929860606170394,0.001103895360119,0.014738597469375891,0.023615242749749132,23190.25,23102.650390625,22878.650390625,27957410.0,1.1839258357623257,23369.30078125,0.00660975904207417
2025-09-16,23369.30078125,23386.650390625,23217.30078125,23240.25,23720000,23369.30078125,0.0066097590420741,0.6778856451888601,22944.740234375,23023.013046875,22249.04400390625,22987.41879186256,22944.076504902183,1.018503610959994,1.0150409389800525,1.0503507825840548,73.06551703886481,75.51928281410801,6.78563733759202,68.73364547651599,23409.95997718262,22479.52049156738,0.04055131921786811,0.9563010850655244,0.08981482545560286,0.09415745643808239,0.0066097590420741,0.01831013761007605,0.01909167656934785,23215.849609375,23190.25,22949.099609375,27948570.0,0.8487017403752679,23445.19921875,0.0032477838430191586
2025-09-17,23445.19921875,23464.400390625,23395.75,23419.099609375,22655400,23445.19921875,0.0032477838430191,0.309976523618573,22963.67021484375,23020.893046875,22253.45775390625,23031.016927756602,22963.72837603347,1.0209691656168702,1.0184313515123427,1.053553091749733,89.2522658727585,101.55243523767422,25.73899691760846,75.81343832006576,23477.987810308234,22449.352619379268,0.044794023834396034,0.9681241786705835,0.08836870068784665,0.09446120965676537,0.0032477838430191,0.01608071464576044,0.016413325578388482,23369.30078125,23215.849609375,23074.150390625,27918820.0,0.8114741239063828,23518.900390625,0.0031435506769359467
2025-09-18,23518.900390625,23538.900390625,23434.44921875,23534.150390625,21229100,23518.900390625,0.0031435506769359,0.2985700347833956,22982.45771484375,23019.8200390625,22257.593759765627,23077.482019458355,22985.499827586078,1.0233413972707879,1.0216804627801437,1.0566685978939645,96.07313111431952,126.67078278191548,45.92535409046987,80.74542869144561,23549.163859664826,22415.751570022672,0.0493164092241564,0.9732987992830442,0.0883054236915123,0.09471365098207718,0.0031435506769359,0.018017413282110484,0.016235905382709248,23445.19921875,23369.30078125,23102.650390625,27517610.0,0.771473249311986,23486.650390625,-0.0013712375776231411
2025-09-19,23486.650390625,23541.30078125,23451.599609375,23530.599609375,49270900,23486.650390625,-0.0013712375776231,-0.1954942228225404,22999.93271484375,23018.4040625,22262.455263671876,23116.45043575994,23005.152790842505,1.0211616999847626,1.0203422586054884,1.054989223446112,91.6720534126913,142.33420854698488,65.20712498177288,77.127083565212,23606.85128687557,22393.01414281193,0.05277568239494015,0.9009744455099897,0.08857353994811919,0.0947521446359317,-0.0013712375776231,0.012781250336887373,0.01510557670669832,23518.900390625,23445.19921875,23190.25,28809695.0,1.7102194243986268,23381.44921875,-0.004479190098431118
2025-09-22,23381.44921875,23523.55078125,23335.099609375,23434.75,26249700,23381.44921875,-0.0044791900984311,-0.5356050249884883,23019.44013671875,23016.6050390625,22265.927509765625,23141.688415092325,23019.909513505543,1.015726233126487,1.0158513464113543,1.0500999434447595,82.14678187102103,144.59196478261583,81.08409294194148,63.507871840674355,23649.81726184265,22389.063011594848,0.054769110054796455,0.7871369118599523,0.0868626577820647,0.09493207804870978,-0.0044791900984311,0.007133041097411752,0.01696939382473639,23486.650390625,23518.900390625,23215.849609375,28510415.0,0.9207056438848751,23325.25,-0.002403581498486962
2025-09-23,23325.25,23434.30078125,23253.099609375,23408.19921875,29750900,23325.25,-0.0024035814984869,-0.3084661285017351,23033.10263671875,23017.4560546875,22268.37451171875,23159.17047079782,23031.88365023082,1.0126838041704167,1.01337219650083,1.0474608278087414,74.5548255421447,140.22996187853641,92.91326672926047,47.316695149275944,23678.125528044195,22388.07974539331,0.05600833734810325,0.726462786987447,0.08733239870420344,0.09332506027769,-0.0024035814984869,-0.0018849849921630524,0.011853635259413409,23381.44921875,23486.650390625,23369.30078125,28625210.0,1.039325126348418,23178.25,-0.006302183256342353
2025-09-24,23178.25,23317.19921875,23165.94921875,23293.400390625,22385600,23178.25,-0.0063021832563423,-0.7350995993518822,23053.5826171875,23014.8400390625,22269.161513671876,23160.987568817076,23037.623507084514,1.005407722733713,1.0071001997259224,1.0408227532846264,67.2420172445866,123.48788026561306,99.028189436531,24.459690829082064,23689.19308937594,22417.97214499906,0.05514201265312542,0.5980690126003306,0.07765380996697827,0.09436972483645206,-0.0063021832563423,-0.011386093001782283,0.017989630581865867,23325.25,23381.44921875,23445.19921875,27520530.0,0.8134145672339886,23022.400390625,-0.006723959288341463
2025-09-25,23022.400390625,23235.55078125,23009.55078125,23169.44921875,23143600,23022.400390625,-0.0067239592883414,-0.7812555761942488,23077.6201171875,23006.3050390625,22268.776015625,23147.788789941642,23037.026522125318,0.9976072174564753,1.0006996061095066,1.033842200149268,58.14541622692179,96.53114799462492,98.52878114814979,-1.9976331535248733,23666.34664510925,22488.89358926575,0.0510214246470986,0.4531023964913871,0.07229575034118288,0.09446278976641592,-0.0067239592883414,-0.021110680846197716,0.021327187303017636,23178.25,23325.25,23518.900390625,27218240.0,0.8502974475939664,22713.150390625,-0.013432569790851612
2025-09-26,22713.150390625,22994.150390625,22692.69921875,22965.900390625,30633900,22713.150390625,-0.0134325697908516,-1.5153951372562888,23090.13017578125,22991.118046875,22265.952021484376,23106.39465667339,23024.3254973606,0.9836735530598413,0.9879097808256532,1.0200844036989356,44.277316735394265,49.64161532653088,88.75134798382601,-39.109732657295126,23632.68412247537,22547.57622908713,0.046994446766971364,0.15258774039576117,0.08759894346690987,0.09885710117988478,-0.0134325697908516,-0.03293360215847352,0.011138393691695336,23022.400390625,23178.25,23486.650390625,27311725.0,1.121639149486164,22739.099609375,0.0011424755396640673
2025-09-29,22739.099609375,22865.099609375,22677.0,22783.900390625,27084600,22739.099609375,0.001142475539664,0.0795875163648258,23091.4076171875,22977.5060546875,22263.087021484374,23071.414175978305,23013.14016841999,0.9847428959874119,0.9896243550215988,1.02138124813649,42.50802711338201,14.409108716754417,73.8829001304117,-59.47379141365728,23630.33647884073,22552.478755534266,0.04667787001880915,0.17314052662542279,0.07826010669433603,0.09886610777066958,0.001142475539664,-0.02747261743125351,0.0011248275697206545,22713.150390625,23022.400390625,23381.44921875,27310190.0,0.9917397132718593,22734.099609375,-0.00021988557532592878
2025-09-30,22734.099609375,22829.19921875,22669.30078125,22793.650390625,21800300,22734.099609375,-0.0002198855753259,-0.0694989733922583,23091.892578125,22966.6850390625,22260.29751953125,23039.288979158944,23002.19740139862,0.9845056888455761,0.9898729211772657,1.0212846252134786,36.73178865441152,-13.757773769160849,56.354765350497196,-70.11253911965804,23629.44659293637,22554.33856331363,0.04655781356964838,0.16720277507766437,0.0782508215670924,0.09803127277219208,-0.0002198855753259,-0.02534379655630703,0.00042681956765733275,22739.099609375,22713.150390625,23325.25,27040550.0,0.806207713970315,22928.30078125,0.00854228560672432
2025-10-01,22928.30078125,22943.19921875,22726.25,22745.94921875,23002400,22928.30078125,0.0085422856067243,0.8893667266113311,23095.07509765625,22957.6820703125,22258.364521484375,23028.718674596188,22999.299494726125,0.9927787930673075,0.9987201979288451,1.0300981799053108,43.976106059301316,-20.177228971580917,41.04836648608158,-61.22559545766249,23627.695473988966,22562.45472132353,0.04612415193114018,0.34343978955997423,0.08111726534049897,0.09950597066649118,0.0085422856067243,-0.010783783018562643,0.002783790241161821,22734.099609375,22739.099609375,23178.25,26640955.0,0.8634225011828592,23027.69921875,0.004335185518033802
2025-10-03,23027.69921875,23037.5,22874.150390625,22905.099609375,24935400,23027.69921875,0.0043351855180338,0.4289735332220784,23105.4775390625,22951.818046875,22256.712265625,23028.621583563217,23000.41320939373,0.9966337713565536,1.0033061072425733,1.0346406488039912,44.42918303209653,-17.04755664901677,29.42918185906191,-46.47673850807868,23623.371601420866,22587.583476704134,0.04482868285087665,0.4249090441790923,0.08201361237095638,0.09994002453945382,0.0043351855180338,0.00023015967210593402,0.009117090952912799,22928.30078125,22734.099609375,23022.400390625,26381820.0,0.9451736081892758,23169.650390625,0.006164366249816977
2025-10-06,23169.650390625,23177.25,23008.30078125,23055.150390625,26990400,23169.650390625,0.0061643662498169,0.6291452288410119,23122.5025390625,22946.643046875,22256.278515625,23042.05289852148,23007.04996159888,1.0020390462270616,1.009718517139716,1.0410388409885674,48.5336381688667,-3.077519817670691,22.92784152371539,-26.00536134138608,23624.285084455012,22620.71999366999,0.04340209668436985,0.5469803623052203,0.08446815715730245,0.10038746420072248,0.0061643662498169,0.020098488855532004,0.014915141132007648,23027.69921875,22928.30078125,22713.150390625,26007680.0,1.0377857617442232,23209.5,0.0017199055101462246
2025-10-07,23209.5,23275.099609375,23170.849609375,23191.349609375,29565400,23209.5,0.0017199055101462,0.1427770822093808,23139.04501953125,22944.8110546875,22255.53126953125,23058.000241519436,23014.989178791082,1.0030448525602194,1.0115358956184748,1.0428643432014932,44.53373241181842,11.08162340281342,20.558597899535,-9.476974496721578,23628.645027765382,22649.44501129712,0.04231808251557892,0.5719515719804528,0.08438353934355641,0.09975295114111762,0.0017199055101462,0.0206868521052197,0.014461063206358205,23169.650390625,23027.69921875,22739.099609375,26336135.0,1.1226172709093418,23109.349609375,-0.004315060239341695
2025-10-08,23109.349609375,23265.19921875,23087.900390625,23197.94921875,25463900,23109.349609375,-0.0043150602393416,-0.5176438953828868,23147.05751953125,22946.70203125,22254.315771484376,23062.89065750568,23018.68958783359,0.9983709415279056,1.0070880590118572,1.0384210346734732,38.69917074859012,14.059477974104084,19.258773914448817,-5.199295940344733,23628.75022649362,22665.364812568878,0.04162021082428318,0.46085895674599126,0.08572641246294276,0.09627218719661204,-0.0043150602393416,0.016506041868720178,0.006982844762002616,23209.5,23169.650390625,22734.099609375,26603865.0,0.9571503990115722,23241.75,0.00572929973638403
2025-10-09,23241.75,23251.650390625,23101.849609375,23144.30078125,21819900,23241.75,0.005729299736384,0.5815348422959968,23155.4375,22954.598046875,22255.045771484376,23079.924880600378,23027.43705497737,1.003727526201999,1.0125095613758348,1.044336203063662,41.028701629876686,26.794187469000462,20.765856625359145,6.028330843641317,23637.620930630063,22673.254069369937,0.04164753359810556,0.5895017274718742,0.08595246058645736,0.09556543122733106,0.005729299736384,0.013670843807419342,0.007263522449914239,23109.349609375,23209.5,22928.30078125,26511055.0,0.8230491015917699,23337.55078125,0.004121926328697345
2025-10-10,23337.55078125,23374.25,23220.05078125,23247.44921875,28175300,23337.55078125,0.0041219263286973,0.4056360615364987,23167.18251953125,22961.2020703125,22257.0615234375,23104.460680662247,23039.598377576298,1.0073538619370361,1.0163906362473982,1.0485459078537707,45.36439806178393,44.108404666210845,25.434366233529488,18.674038432681357,23655.358274614562,22679.006764447935,0.042143731087863845,0.674494800227227,0.08694035795840567,0.09474452676114246,0.0041219263286973,0.013455602296894131,0.010167681484732238,23241.75,23109.349609375,23027.69921875,26846835.0,1.0494831141175487,23294.80078125,-0.0018318117612559082
2025-10-13,23294.80078125,23315.650390625,23201.55078125,23245.05078125,26231000,23294.80078125,-0.0018318117612559,-0.2458959757462124,23172.41005859375,22966.4270703125,22259.774775390626,23122.58830928965,23049.606314975266,1.005281743346798,1.014297988534837,1.0464975956092624,47.19720402674381,53.76075825756925,31.099644638337445,22.661113619231806,23663.854056810167,22680.96606037733,0.04241630430099694,0.6245215356172987,0.08642379494022137,0.09484433766878428,-0.0018318117612559,0.00540147945761138,0.00450839388320512,23337.55078125,23241.75,23169.650390625,26860360.0,0.9765691896906817,23184.05078125,-0.004754279765686764
2025-10-14,23184.05078125,23374.0,23121.5,23349.75,23464300,23184.05078125,-0.0047542797656867,-0.5657087562300319,23170.8201171875,22971.8091015625,22264.09802734375,23128.44187804778,23054.878646986042,1.0005710054281887,1.009239223552187,1.0413200100348285,45.58835375145935,51.87572750142499,35.25486121095496,16.620866290470033,23661.877980569112,22679.76225380589,0.042385885428141264,0.5134715937251003,0.08813108507574956,0.0947329796606309,-0.0047542797656867,-0.0010965000861715701,-0.0013697033991880714,23294.80078125,23337.55078125,23209.5,26378600.0,0.8895202929647518,23377.349609375,0.008337577843874122
2025-10-15,23377.349609375,23400.94921875,23224.150390625,23227.55078125,23139300,23377.349609375,0.0083375778438741,0.8669650583212127,23171.22255859375,22985.8830859375,22268.923271484375,23152.14737626942,23067.524567079727,1.0088958211100003,1.017030736734104,1.0497745815717088,56.04578089979262,65.2275247081343,41.24939391039082,23.978130797743475,23662.978015064622,22679.467102122875,0.04244536128616743,0.7095828811538065,0.09005617772471115,0.09314639379579738,0.0083375778438741,0.011597037758746653,0.0003444188681698268,23184.05078125,23294.80078125,23109.349609375,26349565.0,0.8781662998990686,23563.80078125,0.007975719018217031
2025-10-16,23563.80078125,23592.849609375,23428.150390625,23443.30078125,22457600,23563.80078125,0.007975719018217,0.8273659670734913,23177.15263671875,22999.95109375,22274.728779296875,23191.352462458046,23086.98637940013,1.0166822970272327,1.0245152559325754,1.0578715015893367,66.1399955975833,89.81859862697456,50.963234853707576,38.85536377326699,23685.402973227167,22668.902300210335,0.043857875423678284,0.8803717545831538,0.0937817025581975,0.0930386544590917,0.007975719018217,0.013856563350436168,0.005058671559726058,23377.349609375,23184.05078125,23241.75,26339675.0,0.8526149240641732,23598.05078125,0.0014535006605238543
2025-10-17,23598.05078125,23679.05078125,23515.849609375,23547.0,24249000,23598.05078125,0.0014535006605238,0.1136237516808926,23181.11015625,23015.942109375,22280.56728515625,23230.08563567633,23107.028120649145,1.0179862233598673,1.0252915422322815,1.059131505909703,81.55397414976093,110.79372949071694,62.92933378110945,47.86439570960749,23701.648926375405,22660.571386124597,0.04491059889856361,0.9004895013858938,0.09328518118738256,0.09274101930627689,0.0014535006605238,0.011162268159231603,0.0033653950359240348,23563.80078125,23377.349609375,23337.55078125,26490670.0,0.9153788862267357,23716.099609375,0.005002482163433353
2025-10-20,23716.099609375,23766.55078125,23654.75,23699.349609375,23663900,23716.099609375,0.0050024821634333,0.5019974278375875,23192.5826171875,23036.927109375,22286.921787109375,23276.37268079049,23130.91327706977,1.0225726043894539,1.0294819051506052,1.0641262995364507,82.6908749642617,135.38163050799994,77.41979312648755,57.961837381512396,23750.263800613684,22634.90143376132,0.04809133960034908,0.9693694244534472,0.0946095845840051,0.09202097703879125,0.0050024821634333,0.018085530418620488,0.009769346200239282,23598.05078125,23563.80078125,23294.80078125,25210320.0,0.9386592474827768,23759.19921875,0.0018173144018152065
2025-10-21,23759.19921875,23818.349609375,23723.400390625,23791.900390625,5545000,23759.19921875,0.0018173144018152,0.153436774100369,23211.4701171875,23058.2291015625,22293.93203125,23322.35616059616,23155.551941449387,1.023597346432483,1.0303999979399978,1.0657249329300051,83.44751200871009,156.5409903946711,93.24403258012427,63.29695781454683,23819.406828402996,22603.533405972,0.05238243921183691,0.9504820086176662,0.0928350883958442,0.09204097219205233,0.0018173144018152,0.024807935547016102,0.01615597033639271,23716.099609375,23598.05078125,23184.05078125,24175085.0,0.2293683765744774,23755.900390625,-0.00013884424700627562
2025-10-23,23755.900390625,23926.099609375,23727.599609375,23899.75,33809000,23755.900390625,-0.0001388442470062,-0.0606304237606746,23233.00263671875,23084.4841015625,22300.83453125,23363.646087265573,23179.09501788765,1.0225066799191866,1.0290851762642188,1.0652471483672967,80.84609818405045,171.0717391688995,108.80957389787932,62.262165271020194,23886.692396702605,22579.312876734894,0.0562725163169998,0.8999586546363101,0.09213819193872506,0.08789539411505881,-0.0001388442470062,0.01619305813428018,0.018462841368259708,23759.19921875,23716.099609375,23377.349609375,24377990.0,1.3868657752341353,23686.599609375,-0.0029172028889862256
2025-10-24,23686.599609375,23802.75,23622.80078125,23796.19921875,23861200,23686.599609375,-0.0029172028889862,-0.3646729662712131,23258.4201171875,23105.547109375,22305.168779296873,23394.40356556171,23198.99715873029,1.0184096550853463,1.0251477490340075,1.061933215737885,75.12201442497438,174.97842601003504,122.04334432031047,52.93508168972457,23941.995136297668,22574.84509807733,0.058780864363610956,0.8131912959195483,0.08935506550046632,0.08672579386479735,-0.0029172028889862,0.005211333658138528,0.021932182514857734,23755.900390625,23759.19921875,23563.80078125,24451770.0,0.9758475562300807,23840.900390625,0.006514264765506095
2025-10-27,23840.900390625,23856.30078125,23723.400390625,23742.69921875,47146700,23840.900390625,0.006514264765506,0.6674354742842603,23299.3451171875,23130.993125,22310.832529296877,23436.927072710598,23224.169834490865,1.0232433688892828,1.0306907386893704,1.0685795951056043,75.35410764792826,188.35405863758933,135.30548718376625,53.04857145382309,24020.40226174922,22578.287972625778,0.061895056786791754,0.8755286786360038,0.08628363260584768,0.08717297925998903,0.006514264765506,0.010291087667628762,0.03555233103900424,23686.599609375,23755.900390625,23598.05078125,25651925.0,1.837940037638501,23812.55078125,-0.0011891165564429373
2025-10-28,23812.55078125,23907.55078125,23717.05078125,23844.75,33996800,23812.55078125,-0.0011891165564429,-0.1755642765990448,23354.31513671875,23153.2821484375,22318.76828125,23472.70075923816,23247.24359710887,1.0196210268572934,1.0284740897029576,1.0669294327167207,72.97773980680381,194.4255505906549,147.129499865144,47.296050725510895,24054.534337348086,22654.095936089412,0.05996486700895713,0.8272087112996719,0.066322903901853,0.08666823817270837,-0.0011891165564429,0.004066907015219057,0.04840369441126868,23840.900390625,23686.599609375,23716.099609375,25820070.0,1.316681170887608,23952.400390625,0.005872936950757746
2025-10-29,23952.400390625,23971.55078125,23821.30078125,23851.55078125,30359000,23952.400390625,0.0058729369507577,0.5972534119570373,23414.98017578125,23178.72515625,22326.82203125,23518.386438417856,23274.89680469774,1.0229519824834026,1.0333786793345874,1.0728083180445358,81.17908459634108,208.1228359104025,159.3281670741957,48.794668836206796,24100.863209999272,22729.097141563227,0.058584976717376926,0.891772494748739,0.06727617662372723,0.08726013256885368,0.0058729369507577,0.00813163651250215,0.053357468065700075,23812.55078125,23840.900390625,23759.19921875,25983790.0,1.1683822875723673,23841.30078125,-0.004638349708720013
2025-10-30,23841.30078125,23949.75,23804.44921875,23933.650390625,47770900,23841.30078125,-0.00463834970872,-0.5530222481813648,23470.340234375,23196.921171875,22334.86953125,23549.140185354252,23297.10872534685,1.0158055035917923,1.0277786696174265,1.0674475061469362,72.52851934189762,207.61991014627347,168.98651568861126,38.633394457662206,24101.366965007583,22839.313503742414,0.05377226953943738,0.7939340988790851,0.07144137746971418,0.08513148749201574,-0.00463834970872,0.0035949128099013183,0.048702222252005045,23952.400390625,23812.55078125,23755.900390625,27282320.0,1.7509837873025462,23710.400390625,-0.005490488619981138
2025-10-31,23710.400390625,23913.44921875,23698.05078125,23847.599609375,32133500,23710.400390625,-0.0054904886199811,-0.6462738814432826,23509.44521484375,23209.7971875,22343.188779296874,23564.498300141942,23313.31624163227,1.0085478484900345,1.0215686160064599,1.0611914272771565,63.65001437162235,194.41764472399154,174.07274149568732,20.34490322830422,24094.28223399326,22924.608195694236,0.049753366258104996,0.6718044251651637,0.0727665617641311,0.08545971313261183,-0.0054904886199811,0.0010048205163470936,0.03411066597724388,23841.30078125,23952.400390625,23686.599609375,27738875.0,1.158428378944712,23810.69921875,0.004230161721126224
2025-11-03,23810.69921875,23840.099609375,23695.150390625,23711.94921875,3860300,23810.69921875,0.0042301617211262,0.4174805237331613,23548.59521484375,23223.1481640625,22353.247275390626,23587.946006676044,23332.821456421203,1.011130345632721,1.0253002327908638,1.0652009046114712,68.12336015565711,189.85944990198186,177.23008317694624,12.629366725035624,24101.612475488753,22995.577954198747,0.04696817416067247,0.7369763319862855,0.07271683442370148,0.08563507858875734,0.0042301617211262,-0.0012667798354997206,0.03400252854451269,23710.400390625,23841.30078125,23840.900390625,26685120.0,0.1446611444880143,23675.44921875,-0.005680219583534818
2025-11-04,23675.44921875,23829.69921875,23660.19921875,23811.30078125,31284700,23675.44921875,-0.0056802195835348,-0.6670366021663086,23573.88515625,23233.914140625,22365.407275390626,23596.279645921182,23346.257839257625,1.0043083294003863,1.0190039041830221,1.0585744729451385,66.9705587146418,173.33540039867876,176.45114662129276,-3.115746222614007,24099.519523065224,23048.250789434773,0.04459463201175775,0.5966109418556219,0.07514983542697158,0.0867666318773133,-0.0056802195835348,-0.0057575336535535815,0.021830231341326556,23810.69921875,23710.400390625,23812.55078125,26899835.0,1.1630071336868795,23513.150390625,-0.0068551530585728715
2025-11-06,23513.150390625,23713.400390625,23501.05078125,23683.349609375,26246000,23513.150390625,-0.0068551530585728,-0.7956124295032495,23589.06767578125,23244.3511328125,22375.5677734375,23588.36257398821,23352.802645193602,0.9967816750454197,1.0115640680299764,1.0508403911224076,54.79252825972876,145.466960505506,170.25430939813543,-24.78734889262944,24087.20875866435,23090.92659289815,0.04223491065689863,0.42379941369492474,0.08019313718986767,0.08699671916466616,-0.0068551530585728,-0.018338454302555984,0.013083021634459957,23675.44921875,23810.69921875,23952.400390625,26733865.0,0.9817510487166745,23521.5,0.0003551038136655471
2025-11-07,23521.5,23570.099609375,23291.19921875,23441.05078125,28762600,23521.5,0.0003551038136655,-0.0065764863151523,23609.6751953125,23253.7411328125,22385.41927734375,23581.994709798855,23359.41822773503,0.9962652940126002,1.011514657605338,1.0507509244558164,48.29252678860356,122.64103529142085,160.73165457679252,-38.09061928537167,24055.62282688871,23163.727563736287,0.03777668501468682,0.4011372759159606,0.07803302152883103,0.08685385979583217,0.0003551038136655,-0.013413730407759727,0.017834789710299725,23513.150390625,23675.44921875,23841.30078125,26898800.0,1.069289336327271,23596.900390625,0.003205594482707408
2025-11-10,23596.900390625,23658.849609375,23542.099609375,23545.349609375,20824200,23596.900390625,0.0032055944827074,0.3053596393249971,23627.43271484375,23270.3061328125,22394.831025390624,23583.414298448966,23368.731253730715,0.998707759552752,1.0140348071034606,1.0536761971488646,49.95505744809009,109.37470299073539,150.4602642595811,-41.08556126884571,24038.622716848473,23216.24271283903,0.03480615155842785,0.4628732166755556,0.07645797732112829,0.08202490156408586,0.0032055944827074,-0.004786928863709794,0.015280707804919968,23521.5,23513.150390625,23710.400390625,26849015.0,0.7756038722463375,23682.650390625,0.0036339518572561236
2025-11-11,23682.650390625,23693.80078125,23476.30078125,23634.650390625,36093900,23682.650390625,0.0036339518572561,0.3522358284868535,23644.6876953125,23293.1261328125,22404.84302734375,23592.865354846683,23381.041808118727,1.001605548603631,1.0167227127690597,1.057032640742975,48.6594003225881,104.57487337634666,141.2831860829342,-36.70831270658755,24032.984801738992,23256.390588886006,0.03284434215669133,0.5488835670980443,0.07619336558691889,0.07851060350541632,0.0036339518572561,-0.005377785295115012,0.014787310485565586,23596.900390625,23521.5,23810.69921875,27244945.0,1.3247925440847834,23836.900390625,0.0065132068183153535
2025-11-12,23836.900390625,23874.849609375,23766.19921875,23796.94921875,27828600,23836.900390625,0.0065132068183153,0.6673197005504973,23671.79267578125,23320.60515625,22414.982529296874,23616.10678682557,23398.918615275838,1.0069748716164058,1.0221390153006655,1.0634360459335468,52.85939972891816,111.92742996477318,135.412034859302,-23.484604894528815,24031.91277909885,23311.67257246365,0.030426094740684854,0.7292397915611618,0.07818209555211279,0.07877938576322616,0.0065132068183153,0.006819349883639747,0.02327127046355071,23682.650390625,23596.900390625,23675.44921875,27324825.0,1.0184365316154815,23816.0,-0.0008768082377530462
2025-11-13,23816.0,23935.099609375,23793.650390625,23867.650390625,30243400,23816.0,-0.000876808237753,-0.1413876178239927,23703.39013671875,23342.654140625,22426.896533203126,23635.14423569933,23415.274748010117,1.0047507914535316,1.0202781507417016,1.0619391748983324,52.1833779166355,114.74518610283121,131.27866510800786,-16.533479005176645,23985.840478059803,23420.939795377697,0.023832062815647564,0.6993445338849432,0.07545407370487449,0.0755228714543778,-0.000876808237753,0.012880009881438559,0.027257929371906187,23836.900390625,23682.650390625,23513.150390625,27663780.0,1.093249006462602,23836.349609375,0.000854451183028182
2025-11-14,23836.349609375,23858.30078125,23717.0,23751.25,39640500,23836.349609375,0.0008544511830281,0.048068310610262,23726.34013671875,23364.893125,22439.09552734375,23654.30665223987,23431.787487671485,1.0046365967958961,1.020177985914712,1.0622687345097572,55.64094867231286,117.26852301467079,128.47663668934044,-11.208113674669647,23969.039072455103,23483.641200982398,0.020458185656770805,0.726637731891473,0.07080322016758,0.07551524629544855,0.0008544511830281,0.013385609309567892,0.01963439002580203,23816.0,23836.900390625,23521.5,28488840.0,1.3914395952941574,23954.55078125,0.004958862150121757
2025-11-17,23954.55078125,23964.75,23863.55078125,23889.55078125,26483000,23954.55078125,0.0049588621501217,0.4972239837072249,23745.87763671875,23386.6911328125,22451.17802734375,23682.901331193218,23452.288008988293,1.0087877629845348,1.024281316463823,1.0669618650778707,54.40079622520311,127.33825626594262,128.24896060466088,-0.9107043387182614,23996.27309311021,23495.48218032729,0.021089593757887232,0.9166871626538259,0.06758774981694331,0.07513343972103972,0.0049588621501217,0.015156668236269377,0.01658263892261913,23836.349609375,23816.0,23596.900390625,28690110.0,0.9230707027613348,23824.650390625,-0.005422785499558436
2025-11-18,23824.650390625,23973.05078125,23800.94921875,23970.44921875,21125900,23824.650390625,-0.0054227854995584,-0.6388649643372656,23757.2076171875,23406.7911328125,22463.70677734375,23696.401241615295,23466.890455326986,1.0028388341982037,1.0178520522288392,1.0605841069228104,50.43436313689203,123.41407587145659,127.28198365802002,-3.8679077865634355,23999.824903061803,23514.5903313132,0.02042473086767705,0.6389900418550584,0.071066021831893,0.0762142969360413,-0.0054227854995584,0.005995950523181914,0.00960247147001847,23954.55078125,23836.349609375,23682.650390625,28533955.0,0.740377560699174,23906.30078125,0.0034271390885605157
2025-11-19,23906.30078125,23924.30078125,23766.599609375,23832.55078125,25934900,23906.30078125,0.0034271390885605,0.3296038042881899,23766.71767578125,23428.334140625,22478.68353515625,23716.391673961454,23484.122232814167,1.0058730493361727,1.020401221775141,1.0635098244904324,48.27290488230755,125.44656882168783,126.9149006907536,-1.4683318690657643,24017.32957080223,23516.105780760266,0.021089314766956645,0.7784845975812253,0.06994980577583097,0.07642083407391609,0.0034271390885605,0.0029114687517128868,0.008019917904199314,23824.650390625,23954.55078125,23836.900390625,28647505.0,0.9053109511631118,23975.44921875,0.002892477515979097
2025-11-20,23975.44921875,24032.099609375,23918.80078125,23984.400390625,29557000,23975.44921875,0.002892477515979,0.2710944882286578,23777.53017578125,23450.2701171875,22493.93703125,23741.06382108417,23503.38995775283,1.008323784745749,1.0223954393249217,1.065862733830978,55.18889875982027,131.1255019727614,127.75702094715517,3.3684810256062434,24044.877438957625,23510.182912604872,0.02248738714239321,0.8701534861744756,0.07033999176762172,0.07649824934004928,0.002892477515979,0.00669504613495131,0.009101737731520121,23906.30078125,23824.650390625,23816.0,29848105.0,0.9902471195407547,23790.25,-0.007724535922570497
2025-11-21,23790.25,23938.30078125,23776.30078125,23917.5,22985900,23790.25,-0.0077245359225704,-0.8907511104463844,23779.24765625,23467.093125,22506.66078125,23745.748219076155,23514.639371174286,1.0004626867892983,1.0137706393066526,1.0570315264101435,52.96409560336866,119.30677400596323,126.06697155891679,-6.7601975529535565,24046.45114952868,23512.044162971324,0.02247367092023501,0.5205879489344909,0.07611666849254911,0.07876207628986674,-0.0077245359225704,-0.0019340045825166907,0.0014459401163575691,23975.44921875,23906.30078125,23836.349609375,29306950.0,0.7843156657379905,23674.55078125,-0.004863304032113991
2025-11-24,23674.55078125,23835.19921875,23642.55078125,23827.25,29594500,23674.55078125,-0.0048633040321139,-0.5776395468266908,23778.64521484375,23479.1011328125,22518.54603515625,23738.96751071176,23520.91040686353,0.995622356418827,1.0083244093260604,1.0513356743498883,45.003168358385,99.45789818860067,120.74515688485357,-21.287258696252906,24046.780932140482,23510.509497547017,0.02255264880518412,0.30589226485097676,0.07743613812145364,0.07898818878963758,-0.0048633040321139,-0.011688801954873873,-0.0005086769871447405,23790.25,23975.44921875,23954.55078125,29593615.0,1.0000299050994614,23655.05078125,-0.0008236692717077387
2025-11-25,23655.05078125,23745.5,23635.80078125,23700.55078125,20539800,23655.05078125,-0.0008236692717077,-0.1355724915481125,23769.352734375,23490.149140625,22528.916787109374,23730.97544123921,23526.170813702218,0.9951912046406002,1.0070200337868358,1.0499861580022782,49.181835558108894,81.2178057597448,112.83968665983183,-31.62188090008702,24041.25925738658,23497.446211363418,0.022878748618033778,0.28981388188244994,0.07351234286076117,0.07902835309282871,-0.0008236692717077,-0.007118660991631498,-0.007795410673670733,23674.55078125,23790.25,23824.650390625,28263270.0,0.7267311956472128,23955.19921875,0.012688556041397847
2025-11-26,23955.19921875,23965.349609375,23654.75,23654.75,18996600,23955.19921875,0.0126885560413978,1.3431031830380071,23776.48515625,23505.448125,22541.680029296876,23752.33008671643,23542.995457037425,1.0075164205863718,1.0191339085031803,1.0627069139308165,65.96481278421861,89.94504111309652,108.26075755048477,-18.315716437388247,24060.382065868467,23492.588246631534,0.023880477518253198,0.8147516870461203,0.08679412022386053,0.08334882359367136,0.0126885560413978,0.0020454204917539354,0.005990472789346057,23655.05078125,23674.55078125,23906.30078125,27513260.0,0.6904525308887424,23947.75,-0.0003109645919441295
2025-11-27,23947.75,24026.25,23879.599609375,24011.900390625,19974200,23947.75,-0.0003109645919441,-0.0794659716636633,23776.25263671875,23520.0861328125,22552.781533203124,23770.94150702915,23558.868184212428,1.0072129685826268,1.0181829209626436,1.0618534997442841,65.40424859048187,95.16336428323484,105.6412788970348,-10.477914613799953,24059.549880038496,23492.955393399003,0.023830268600210425,0.8026809602359697,0.08427928141814008,0.08337083586140871,-0.0003109645919441,-0.0011553159441257677,-0.0001941513397053507,23955.19921875,23655.05078125,23975.44921875,26994020.0,0.7399490702014743,23933.19921875,-0.0006076053595849285
2025-11-28,23933.19921875,23979.69921875,23907.75,23968.80078125,19209800,23933.19921875,-0.0006076053595849,-0.111928092227592,23780.84755859375,23531.3641015625,22563.526279296875,23786.394622431137,23573.547832625667,1.0064064857142232,1.017076575563285,1.0607029647094597,62.71261523129152,97.00656525091108,103.91433616781006,-6.907770916898983,24071.473384485784,23490.221732701713,0.024442007390691065,0.7621096382055299,0.08253108927401721,0.08227790266637926,-0.0006076053595849,0.006008731255451316,0.003854589912823725,23947.75,23955.19921875,23790.25,25565965.0,0.751381768691305,23922.44921875,-0.00044916686238827275
2025-12-01,23922.44921875,24035.0,23871.75,24034.94921875,21160800,23922.44921875,-0.0004491668623882,-0.0945897821939777,23791.45,23540.9091015625,22574.776279296875,23799.352203032933,23587.230239924662,1.0055061469036144,1.0162075353819777,1.0596981747583945,59.60965591233337,96.48763079252967,102.428995092754,-5.941364300224322,24086.689778419975,23496.210221580026,0.024818981476115356,0.721852250821928,0.07981188915816387,0.08205897781930077,-0.0004491668623882,0.010471093614005778,0.008943283311607209,23933.19921875,23947.75,23674.55078125,25017330.0,0.8458456597886346,23822.25,-0.004188501680315593
2025-12-02,23822.25,23925.849609375,23782.75,23870.599609375,27952000,23822.25,-0.0041885016803155,-0.5037942845078327,23792.0275390625,23546.97609375,22585.65677734375,23801.532945601226,23596.446701104087,1.0012702768138562,1.011690414308573,1.0547512624869386,49.386317857481096,86.98838399986926,99.34087287417705,-12.352488874307795,24087.47098406185,23496.58409406315,0.024835499581888836,0.5511476247797884,0.08012739825107636,0.08245566939286494,-0.0041885016803155,0.0070682248918496615,0.00048510886403985154,23922.44921875,23933.19921875,23655.05078125,26221915.0,1.0659785908084898,23716.30078125,-0.004447490004092836
2025-12-03,23716.30078125,23845.80078125,23641.75,23813.44921875,28046000,23716.30078125,-0.0044474900040928,-0.5321360065778317,23794.0701171875,23551.5691015625,22597.38177734375,23793.415596615396,23601.14686110981,0.9967315664972625,1.0069945097491007,1.049515426828257,46.10152560237416,70.10284403126207,93.49326710559406,-23.39042307433199,24086.67116882468,23501.469065550322,0.024594451491156025,0.36710687555166294,0.07907349279741448,0.08305751010176482,-0.0044474900040928,-0.009972717626702599,0.0017254820435528284,23822.25,23922.44921875,23955.19921875,26059980.0,1.076209574988162,23741.099609375,0.0010456448648434868
2025-12-04,23741.099609375,23820.44921875,23680.25,23718.099609375,26417400,23741.099609375,0.0010456448648434,0.0689911001496463,23805.467578125,23558.762109375,22611.335029296875,23788.433121640122,23606.635204179034,0.9972960846688368,1.0077396893416333,1.0499645234840986,46.28841499561351,58.05279366091054,86.40517241665736,-28.352378755746827,24068.232220804035,23542.702935445966,0.022075990888788876,0.37751782718155996,0.07471220487858579,0.08237735908288557,0.0010456448648434,-0.008629219472601757,0.009694541776115395,23716.30078125,23822.25,23947.75,26068550.0,1.0133820254674695,23835.25,0.0039657131377277555
2025-12-05,23835.25,23848.44921875,23672.349609375,23720.69921875,23079200,23835.25,0.0039657131377277,0.3885412721747368,23821.155078125,23568.962109375,22625.97203125,23792.89187196011,23615.60049028966,1.0005916976665814,1.0112982442497576,1.0534464537956556,45.26243453822746,55.46087317945785,80.21631256921746,-24.755439389759616,24047.472241207535,23594.837915042466,0.01900135928256077,0.5311397546754506,0.07571634920901511,0.0825357990144265,0.0039657131377277,-0.004092608675285825,0.013338860191739466,23741.099609375,23716.30078125,23933.19921875,25784380.0,0.8950845434328846,23526.19921875,-0.012966122916688527
2025-12-08,23526.19921875,23833.150390625,23460.69921875,23821.75,24509100,23526.19921875,-0.0129661229166885,-1.4643507215268738,23817.62001953125,23575.92109375,22639.081279296875,23767.492571654384,23612.094558072422,0.9877644869410851,0.9978909890815175,1.039185244688546,39.624460706775395,28.14450993126229,69.80195204162644,-41.657442110364144,24060.302956836564,23574.937082225933,0.020378437233132176,-0.1004146892587606,0.08911779832561324,0.08659395420486507,-0.0129661229166885,-0.016563939435157216,-0.002996205887409231,23835.25,23741.099609375,23922.44921875,25968625.0,0.9437966007056592,23516.25,-0.00042289953670338054
2025-12-09,23516.25,23556.349609375,23259.69921875,23447.05078125,26228000,23516.25,-0.0004228995367033,-0.0917152848682849,23809.3,23585.7980859375,22653.49703125,23743.5647076873,23608.335947951935,0.9876917843027725,0.9970512727326803,1.0380847587266482,35.7285577482869,5.6283958059648285,56.96724079449412,-51.33884498852929,24081.125765296765,23537.474234703233,0.02283357892056923,-0.0390401452195357,0.08799862939550292,0.08510328551263083,-0.0004228995367033,-0.012845134275729642,-0.007026257107222711,23526.19921875,23835.25,23822.25,25475330.0,1.0295450539796738,23408.80078125,-0.0045691476638494155
2025-12-10,23408.80078125,23628.30078125,23386.80078125,23540.150390625,19928500,23408.80078125,-0.0045691476638494,-0.5454493001279808,23787.89501953125,23599.71109375,22667.279287109373,23711.682428978987,23600.51103945382,0.9840635651885132,0.9919104809486181,1.0327132994104997,29.832332332035037,-20.648023261499475,41.4441879832954,-62.092211244794875,24112.80741277804,23462.98262628446,0.0273174564609439,-0.0833791602914087,0.08530667192511412,0.07983682825763369,-0.0045691476638494,-0.012965765733714552,-0.0179595334275664,23516.25,23526.19921875,23716.30078125,25080325.0,0.7945869919947209,23550.849609375,0.006068180487006414
2025-12-11,23550.849609375,23562.150390625,23344.25,23421.900390625,24370000,23550.849609375,0.0060681804870064,0.6186193869153638,23774.6375,23615.94609375,22681.976533203124,23696.36501758813,23598.56353239191,0.9905871166016726,0.9972435368832321,1.0383067619746442,41.2094603021924,-29.66812572021081,27.22172524259416,-56.88985096280497,24115.94572639461,23433.32927360539,0.028711960499468777,0.1721615927791366,0.08881307657175541,0.0807643449412822,0.0060681804870064,-0.008013529412297049,-0.011133288151872645,23408.80078125,23516.25,23741.099609375,24786655.0,0.9831903498071846,23726.19921875,0.00744557467282192
2025-12-12,23726.19921875,23737.69921875,23613.0,23620.349609375,26020800,23726.19921875,0.0074455746728219,0.7693509821697972,23769.12998046875,23635.7880859375,22696.950283203125,23699.206370079737,23603.56885342556,0.9981938437900745,1.0038251795321473,1.0453474551736834,51.81688762783427,-22.4090562352103,17.29556894703327,-39.704625182243575,24109.79957742875,23428.460383508755,0.02866487727905169,0.4369906177388797,0.09316532910163493,0.08213013403038649,0.0074455746728219,-0.00457518932043921,-0.004621109877566032,23550.849609375,23408.80078125,23835.25,24105670.0,1.0794472835644062,23725.19921875,-4.214750077669027e-05
2025-12-15,23725.19921875,23735.69921875,23591.30078125,23654.0,24287600,23725.19921875,-4.214750077669027e-05,-0.0500486636768908,23757.66240234375,23651.7260546875,22711.42078125,23701.681879476906,23608.338671673577,0.998633569959705,1.0031064609784763,1.0446373851845039,52.50022276127687,-16.54614930268508,10.5272252970896,-27.07337459977468,24087.314167374665,23428.010637312836,0.027751195336320582,0.4507613987882681,0.09115109910762544,0.08024419623038268,-4.214750077669027e-05,0.008458654887245842,-0.009574446400369196,23726.19921875,23550.849609375,23526.19921875,23995900.0,1.0121562433582403,23570.150390625,-0.0065351960460026115
2025-12-16,23570.150390625,23687.349609375,23542.55078125,23676.80078125,20919100,23570.150390625,-0.0065351960460026,-0.7605987555570333,23744.93740234375,23662.575078125,22725.820283203124,23689.155071014822,23606.841092024613,0.9926389777847342,0.996094056238814,1.0371528990769117,34.69287927100281,-24.132711080019362,3.595238021667809,-27.727949101687173,24083.236152550016,23406.63865213748,0.028494389728133104,0.2416676656174182,0.09203478943621661,0.08141127222603284,-0.0065351960460026,0.0022920487163131664,-0.010682213414562658,23725.19921875,23726.19921875,23516.25,23985560.0,0.8721539126040835,23496.05078125,-0.0031437902663732364
2025-12-17,23496.05078125,23635.05078125,23449.5,23597.599609375,20646900,23496.05078125,-0.0031437902663732,-0.3894689739862022,23724.42490234375,23669.1030859375,22740.958291015624,23670.764186275315,23602.496373955022,0.9903738816838005,0.9926886834680984,1.033204075244828,32.94695394381843,-35.71266181206374,-4.266341945078501,-31.44631986698524,24071.172153792733,23377.67765089477,0.029231246099854825,0.17069079835586867,0.09124848203407439,0.08074722571670788,-0.0031437902663732,0.0037272306606106476,-0.01716074786115651,23570.150390625,23725.19921875,23408.80078125,23721160.0,0.8704000984774775,23491.5,-0.0001936828147149905
2025-12-18,23491.5,23553.25,23363.5,23469.80078125,23446500,23491.5,-0.0001936828147149,-0.0666315415796154,23700.22744140625,23674.7430859375,22756.322041015625,23653.691406630045,23598.143574976395,0.9911930194795691,0.9922599757356461,1.0323065369552822,33.197616535301776,-44.74131616837258,-12.361336789737317,-32.37997937863526,24040.70398924331,23359.750893569188,0.02873192239853412,0.19347750567194572,0.0902217508142887,0.08068751393519451,-0.0001936828147149,-0.0025200623484672446,-0.02018519921501727,23496.05078125,23570.150390625,23550.849609375,23415635.0,1.001318136364869,23677.55078125,0.007919919172892254
2025-12-19,23677.55078125,23688.349609375,23548.94921875,23562.650390625,31695900,23677.55078125,0.0079199191728922,0.8212596543074224,23694.59248046875,23686.107109375,22773.132041015626,23655.96372802242,23601.257583065555,0.9992807768594123,0.9996387617397199,1.0397142886892092,41.78025078495041,-36.46351790145127,-17.181773012080107,-19.28174488937116,24032.51662094166,23356.66833999584,0.028523313135808914,0.4747847265433969,0.09184081265075214,0.08179188339573305,0.0079199191728922,-0.0020504100573156547,-0.004737201952480508,23491.5,23496.05078125,23726.19921875,23851135.0,1.3289053120532839,23867.650390625,0.008028685531340507
2025-12-22,23867.650390625,23878.650390625,23743.25,23760.94921875,25155300,23867.650390625,0.0080286855313405,0.8331622214067703,23704.2474609375,23698.6251171875,22793.065791015626,23676.124362556,23611.70435983259,1.0068934029631935,1.0071322818349877,1.0471452418670657,51.43708895006423,-14.397883549572725,-16.62499511957863,2.2271115700059063,24050.687533980054,23357.807387894944,0.029230210628997437,0.7358314502299133,0.09455955373720284,0.08270587777939173,0.0080286855313405,0.006004213939852621,0.008156421262613067,23677.55078125,23491.5,23725.19921875,23629175.0,1.0645864699042602,23895.150390625,0.0011521871466158018
2025-12-23,23895.150390625,23929.25,23825.150390625,23906.099609375,26039700,23895.150390625,0.0011521871466158,0.0806502811299118,23716.25244140625,23709.777109375,22813.056796875,23696.983984276856,23622.8198904519,1.0075432638297614,1.0078184320499874,1.0474330820014541,55.957100496884415,5.2478172508963326,-12.250432645483638,17.49824989637997,24072.028735443924,23360.476147368576,0.030002741361996023,0.7514191532939158,0.09447409217046704,0.08231311379417448,0.0011521871466158,0.01378862648790169,0.010150035677171987,23867.650390625,23677.55078125,23570.150390625,23904170.0,1.089337132391545,23850.25,-0.0018790587165593564
2025-12-24,23850.25,23956.80078125,23836.55078125,23903.099609375,19661100,23850.25,-0.0018790587165593,-0.2510663249586183,23711.00498046875,23720.88609375,22832.718798828126,23711.58074767906,23631.738718277316,1.0058725903708403,1.0054535865877323,1.0445646096786378,53.58752771562192,16.998146349542367,-6.4007168464784385,23.398863196020805,24054.83747656821,23367.172484369294,0.029001933607003604,0.702489615016301,0.08305276237877718,0.08232002249182803,-0.0018790587165593,0.01507484053586805,-0.004381062240044087,23895.150390625,23867.650390625,23496.05078125,23937395.0,0.8213550388419458,23780.25,-0.0029349797171936975
2025-12-26,23780.25,23885.349609375,23752.55078125,23841.94921875,22264400,23780.25,-0.0029349797171936,-0.3666183278110469,23702.62998046875,23732.810078125,22850.337548828124,23718.12067647153,23637.56269010958,1.0032747429122932,1.0019989171833776,1.0406957861862993,48.1631124802088,20.426487992648617,-1.035275878653028,21.461763871301645,24029.945243426253,23375.31471751125,0.027618476365466566,0.618570730294218,0.08361692315516675,0.0818244104458674,-0.0029349797171936,0.012291679969350655,-0.006994394045369612,23850.25,23895.150390625,23491.5,24051905.0,0.9256813545538285,23682.099609375,-0.0041273910335257735
2025-12-29,23682.099609375,23826.75,23660.30078125,23804.400390625,24245800,23682.099609375,-0.0041273910335257,-0.4971067978228167,23690.075,23738.905078125,22866.512548828126,23714.690098652813,23639.309235963123,0.9996633446443288,0.9976070729225693,1.0356673130109064,56.06051632886759,15.050069366960088,2.181793170469595,12.868276196490493,23998.8925609568,23381.257439043202,0.026071471783587496,0.4870872132388166,0.08469410042820721,0.08047452456546803,-0.0041273910335257,0.0001921156527981971,-0.010491685924641447,23780.25,23850.25,23677.55078125,24303705.0,0.9976174414559427,23668.80078125,-0.000561556126541074
2025-12-30,23668.80078125,23704.19921875,23599.900390625,23675.30078125,33582300,23668.80078125,-0.000561556126541,-0.106888812674634,23677.392578125,23741.005078125,22882.63955078125,23710.319687471594,23640.465767150847,0.9996371307842851,0.9969586672241805,1.0343562301335079,55.9148986435388,9.605389631826256,3.6665124627409273,5.938877169085329,23966.21497725606,23388.57017899394,0.02439647002329834,0.4851261590144426,0.08469390450695077,0.07853012943233995,-0.000561556126541,-0.008331344146598751,-0.010602946010277003,23682.099609375,23780.25,23867.650390625,24924780.0,1.3473458943268506,23871.55078125,0.008566128967573805
2025-12-31,23871.55078125,23921.44921875,23709.55078125,23710.44921875,52722700,23871.55078125,0.0085661289675738,0.8919759635705695,23679.8576171875,23746.475078125,22900.6648046875,23725.675029736205,23649.5279245665,1.00809519918411,1.0052671271299638,1.0423955367603026,66.70761393474835,21.403940954649443,7.213998161122631,14.18994279352681,23974.66513814277,23385.05009623223,0.024899433579472025,0.825115796640006,0.08933879740601453,0.08075212276809872,0.0085661289675738,-0.000987631757457308,0.0020695266505053045,23668.80078125,23682.099609375,23895.150390625,26163315.0,2.015138372182577,24099.0,0.00952804536388352
2026-01-02,24099.0,24107.69921875,23921.44921875,23935.94921875,37097600,24099.0,0.0095280453638835,0.9972408139745336,23698.992578125,23754.1330859375,22919.6473046875,23761.229788808945,23667.154280465857,1.01687866775587,1.0145181856485708,1.051455970488311,68.6414255666202,48.54799786335934,15.480798101569974,33.06719976178937,24048.385676516533,23349.599479733464,0.02948590301800606,1.0724317734314197,0.09353995001050602,0.0827385512324359,0.0095280453638835,0.010429660066456403,0.016136547696871784,23871.55078125,23668.80078125,23850.25,26615895.0,1.3938137342366281,24058.44921875,-0.0016826748516536316
2026-01-05,24058.44921875,24144.19921875,23999.150390625,24123.099609375,31394300,24058.44921875,-0.0016826748516536,-0.2295755610623374,23714.86005859375,23760.1180859375,22938.617802734374,23789.536401184283,23682.49918000641,1.0144883486264444,1.0125559617058075,1.048818609109139,62.43963436863245,66.02663542302253,25.589965565860485,40.436669857162045,24099.36502739265,23330.355089794848,0.032427344529874114,0.9467941743751606,0.09395201190207043,0.08278886851526468,-0.0016826748516536,0.011698750801610647,0.013367098179803083,24099.0,23871.55078125,23780.25,26864740.0,1.1686061357749973,24010.5,-0.001993030320201594
2026-01-06,24010.5,24089.75,23941.400390625,24042.900390625,26802900,24010.5,-0.0019930303202015,-0.2635385146974833,23723.62255859375,23765.210078125,22957.790048828127,23810.580553452448,23695.361957261062,1.0120924804252684,1.0103213866432756,1.045854150113443,60.31905033649572,75.14327548631627,35.500627549951645,39.642647936364625,24127.194229978504,23320.050887208996,0.03402276953175901,0.8554231648879704,0.09356889127203194,0.0829397435928178,-0.0019930303202015,0.013867030206012432,0.007352555563713503,24058.44921875,24099.0,23682.099609375,27050925.0,0.9908311822978327,24016.599609375,0.0002540392484537968
2026-01-07,24016.599609375,24050.55078125,23942.25,23995.849609375,22658700,24016.599609375,0.0002540392484537,-0.0176362274516691,23748.142578125,23771.810078125,22976.43154296875,23830.201415921263,23707.959512245925,1.01130433802841,1.0102974712672494,1.045271088526563,68.09759218070495,81.916187104438,44.78373946084892,37.132447643589074,24160.70017123324,23335.58498501676,0.03474440931546689,0.8253570358826753,0.07922136939083697,0.08262651682367471,0.0002540392484537,0.014694400081330716,0.020844862617424464,24010.5,24058.44921875,23668.80078125,26958405.0,0.8405059572330039,23680.099609375,-0.014011142521135445
2026-01-08,23680.099609375,24010.44921875,23657.349609375,23996.19921875,27493200,23680.099609375,-0.0140111425211354,-1.578709758084866,23756.33505859375,23768.5940625,22991.546044921874,23815.906005774,23706.8669670353,0.9967909423305101,0.9962768326602616,1.0299481193264604,56.151983025425174,59.44577669579667,47.71614690783848,11.729629787958189,24155.80345252979,23356.86666465771,0.033630473130704344,0.4045788723508345,0.09555721583071729,0.08738650688958179,-0.0140111425211354,-0.008020055907946078,0.006967505847020661,24016.599609375,24010.5,23871.55078125,27021665.0,1.0174502570437463,23467.349609375,-0.008984337207592286
2026-01-09,23467.349609375,23741.75,23407.69921875,23646.75,44599100,23467.349609375,-0.0089843372075922,-1.0286142286085185,23759.2625,23761.6900390625,23004.56029296875,23782.710158497903,23697.474129479993,0.9877137225692506,0.9876128158727924,1.0201172858995136,49.29138208247898,24.191799575677578,43.01127744140631,-18.81947786572873,24148.740519648247,23369.784480351755,0.03278536273154352,0.12525113626596346,0.0997728470520779,0.089601012882388,-0.0089843372075922,-0.026210647355699446,0.002501145986594011,23680.099609375,24016.599609375,24099.0,28255195.0,1.5784389383969921,23510.44921875,0.0018365776320041771
2026-01-12,23510.44921875,23533.44921875,23199.5,23459.400390625,31293100,23510.44921875,0.0018365776320041,0.1555447962236204,23757.24248046875,23752.851015625,23016.76228515625,23756.78054518858,23690.139819255288,0.9896118725933094,0.9897948336090036,1.0214490173499395,44.64794653161208,-0.2663823155926366,34.35574549000652,-34.622127805599156,24151.659535552088,23362.825425385414,0.033203942368949385,0.18714174686640694,0.09754601551713726,0.08862930355810271,0.0018365776320041,-0.022777860493722768,-0.0017154536373463758,23467.349609375,23680.099609375,24058.44921875,28601350.0,1.0941126904848897,23480.650390625,-0.0012674716611213999
2026-01-13,23480.650390625,23627.05078125,23336.05078125,23603.44921875,27943100,23480.650390625,-0.0012674716611213,-0.1841388662453051,23744.9650390625,23745.6380078125,23027.79603515625,23730.482435230144,23681.924547544295,0.9888686023330555,0.9888405770735528,1.0196655535239838,36.1864340606081,-21.802854333640425,23.12402552527713,-44.92687985891756,24158.284757818416,23331.645320306583,0.03481325140516758,0.18025400622880863,0.0934624607246413,0.08811347079815443,-0.0012674716611213,-0.022067412564294786,-0.010349269424112073,23510.44921875,23467.349609375,24010.5,28697465.0,0.9737131833769986,23475.849609375,-0.00020445691112191966
2026-01-14,23475.849609375,23558.69921875,23399.900390625,23422.099609375,27359900,23475.849609375,-0.0002044569111219,-0.0678105771495093,23732.49755859375,23740.9469921875,23037.48478515625,23706.231689910608,23673.84317742001,0.9891858010904623,0.9888337485905792,1.0190283283225954,34.78697139647137,-38.81066134968205,10.737088150285294,-49.547749499967345,24163.01287222632,23301.98224496118,0.03628065799392951,0.20192936105637446,0.09345360867977608,0.08730430773636508,-0.0002044569111219,-0.022515677023191683,-0.010509905821062149,23480.650390625,23510.44921875,24016.599609375,28851080.0,0.9483145864903497,23485.30078125,0.0004025912600507109
2026-01-16,23485.30078125,23652.69921875,23455.5,23502.849609375,29366800,23485.30078125,0.0004025912600507,-0.0013798195788562,23728.255078125,23734.4390234375,23047.7225390625,23685.19065099055,23666.449357962363,0.9897609707888306,0.9895030911857037,1.0189857475698898,36.40935301575568,-50.93963990099655,-1.5982574599710766,-49.34138244102547,24167.09829158843,23289.411864661568,0.03698908428104188,0.22318781580580627,0.09072770378199535,0.08673002892004461,0.0004025912600507,-0.008226267259782927,-0.0035998756040499513,23475.849609375,23480.650390625,23680.099609375,29273465.0,1.0031883823797423,23373.75,-0.0047498127568823545
2026-01-19,23373.75,23443.349609375,23324.849609375,23443.30078125,27220400,23373.75,-0.0047498127568823,-0.5652199205938443,23722.1400390625,23728.4050390625,23058.21404296875,23655.529636610496,23654.970951767762,0.9853137179660513,0.9850535660328347,1.0136843190215536,35.31641997396234,-68.7605299779425,-15.030711963565363,-53.72981801437713,24177.697102190665,23266.582975934332,0.03840775430698879,0.11762195423957209,0.09160200503038175,0.08645573998761837,-0.0047498127568823,-0.00398850364157044,-0.005205163301213012,23485.30078125,23475.849609375,23467.349609375,29602140.0,0.9195416277336707,22946.650390625,-0.018272618188138412
2026-01-20,22946.650390625,23368.150390625,22888.650390625,23365.650390625,30410100,22946.650390625,-0.0182726181881384,-2.045053403237544,23694.89755859375,23717.0750390625,23065.907548828123,23588.01732746902,23627.193674860206,0.9684215909303489,0.967516034453296,0.9948297218329403,28.535157763934563,-116.00979411967637,-35.226528394787564,-80.7832657248888,24260.42003555624,23129.375081631264,0.04773369250185745,-0.1615538713753221,0.11173435821332839,0.0943834630494759,-0.0182726181881384,-0.023980776499811007,-0.023193478891301078,23373.75,23485.30078125,23510.44921875,29950320.0,1.015351421954757,22835.150390625,-0.004859096996812862
2026-01-21,22835.150390625,22981.80078125,22586.80078125,22864.5,35043900,22835.150390625,-0.0048590969968128,-0.577179160723162,23652.7775390625,23703.348046875,23073.385546875,23516.31571443626,23596.133153909806,0.9654320873272837,0.9633723618058901,0.9896748937963173,26.988142258186002,-160.6009863205254,-60.30141997993513,-100.29956634059027,24336.806901775028,22968.74817634997,0.057839242057963536,-0.09765500796273516,0.107088736936572,0.09487359254858993,-0.0048590969968128,-0.02749072062576796,-0.03557802064950433,22946.650390625,23373.75,23480.650390625,30117720.0,1.1635641741805156,23008.75,0.007602297615971532
2026-01-22,23008.75,23144.55078125,22888.5,23013.44921875,24924100,23008.75,0.0076022976159715,0.7865015549522172,23609.83251953125,23691.5850390625,23083.075546875,23467.976122585187,23573.098520423147,0.9745410087498925,0.9711781614469169,0.9967800847541279,25.793929988860228,-179.85849300842165,-84.21283458563244,-95.64565842278921,24343.13398517289,22876.53105388961,0.06211831151576247,0.09015319913114414,0.10657981549624737,0.09627760656363843,0.0076022976159715,-0.01989702682319383,-0.03598596328369086,22835.150390625,22946.650390625,23475.849609375,30106160.0,0.827873764040316,22706.19921875,-0.013149379312218157
2026-01-23,22706.19921875,23073.349609375,22679.69921875,23072.30078125,24687600,22706.19921875,-0.0131493793122181,-1.4844049145263922,23550.3849609375,23672.056015625,23090.278291015624,23395.425941267553,23539.102469377143,0.9641540576263304,0.9591984407168741,0.9833661999467945,12.50470587978434,-217.03171876949636,-110.77661142240522,-106.25510734709114,24373.5609730609,22727.2089488141,0.06990764809057252,-0.01276138380775414,0.11319411240215645,0.09988852123334083,-0.0131493793122181,-0.03317400827678618,-0.049757007277153265,23008.75,22835.150390625,23485.30078125,30038555.0,0.8218637680807216,22819.25,0.004978850936736556
2026-01-27,22819.25,22886.94921875,22562.94921875,22752.69921875,29981800,22819.25,0.0049788509367365,0.4994114052345383,23498.8349609375,23651.7030078125,23098.1575390625,23340.552042099214,23510.87296077412,0.9710800572850873,0.9648036757633255,0.987925117464853,17.893079151094113,-234.66444906641118,-135.5541789512064,-99.11027011520477,24370.636518197698,22627.033403677302,0.07419955574047572,0.11024102602355113,0.11628795258356353,0.09936706523303877,0.0049788509367365,-0.023723193753676708,-0.04322805840609634,22706.19921875,23008.75,23373.75,30554590.0,0.9812535530668224,23082.099609375,0.011518766365020694
2026-01-28,23082.099609375,23101.75,22884.5,22899.599609375,29783700,23082.099609375,0.0115187663650206,1.215090254097044,23463.92744140625,23637.025,23109.5412890625,23315.937524696907,23494.05831954278,0.9837270280951582,0.9765230442229933,0.9988125389706247,28.355949938207758,-224.83696750768286,-153.4107366625017,-71.42623084518115,24344.15271377226,22583.70216904024,0.07502795723896237,0.28310789066235575,0.12596136269739108,0.10317544633771934,0.0115187663650206,0.005902788269495751,-0.02935841257451033,22819.25,22706.19921875,22946.650390625,30930555.0,0.9629216158584933,23134.80078125,0.0022832052875119135
2026-01-29,23134.80078125,23158.599609375,22922.599609375,23107.5,34203300,23134.80078125,0.0022832052875119,0.2044203466598743,23436.5625,23622.9940234375,23124.686796875,23298.686406273395,23479.969788629336,0.9871243183060656,0.9793339810481627,1.0004373674101552,29.87957541647316,-210.37104696300594,-164.80279872260257,-45.56824824040336,24322.241779152115,22550.883220847885,0.07558098839384632,0.3296439095655402,0.12621519679902457,0.10332913330378489,0.0022832052875119,0.013122330507970847,-0.02311023250271027,23082.099609375,22819.25,22835.150390625,31428430.0,1.088291715494538,23079.5,-0.002390372053465817
2026-01-30,23079.5,23110.19921875,22916.0,22994.30078125,41570300,23079.5,-0.0023903720534658,-0.3070205868107891,23407.0974609375,23605.4930078125,23137.68029296875,23277.811510437834,23464.265091036028,0.9860043535306244,0.9777173470751737,0.9974854742466801,34.27834919752824,-201.05141601531795,-172.05252218114566,-28.998893834172293,24299.4305613937,22514.764360481302,0.07624466057317138,0.31643768410566897,0.12627129859047312,0.10261918593748154,-0.0023903720534658,0.003074917151083767,-0.024897787881033362,23134.80078125,23082.099609375,23008.75,31827830.0,1.3060990962940295,22837.0,-0.010507160033796259
2026-02-02,22837.0,22869.69921875,22408.5,22595.44921875,27016400,22837.0,-0.0105071600337962,-1.195260433629116,23355.369921875,23585.74,23150.08154296875,23235.82946182471,23439.666460015007,0.9778051076215458,0.9682545470271443,0.9864760069035765,33.752649251421474,-210.8032559735111,-179.80266893961874,-31.000587033892373,24254.258906598894,22456.480937151107,0.07697493019641205,0.21166076641019407,0.12478806166638336,0.104435352021049,-0.0105071600337962,0.005760575778881893,-0.043338230964977464,23079.5,23134.80078125,22706.19921875,30542515.0,0.8845506010228693,23446.30078125,0.026680421300959045
2026-02-03,23446.30078125,23912.349609375,23355.5,23870.19921875,38335700,23446.30078125,0.026680421300959,2.8742670233369805,23322.7349609375,23576.54,23163.548798828124,23255.87434938902,23439.9266294752,1.0052980844879238,0.9944758977038191,1.0122067643812929,48.72013093262471,-167.43607959062865,-177.32935106982075,9.893271479192094,24152.69863765213,22492.771284222872,0.07117207120903044,0.5744404988908993,0.1568680810976657,0.12103304676491537,0.026680421300959,0.02747902675372771,-0.02708407895555831,22837.0,23079.5,22819.25,30604420.0,1.2526197196352684,23534.94921875,0.0037809136002764365
2026-02-04,23534.94921875,23562.69921875,23284.44921875,23414.099609375,28918200,23534.94921875,0.0037809136002764,0.3683182094021676,23296.5599609375,23567.73,23174.82654296875,23282.45290837578,23443.653005525197,1.0102328094024278,0.998609081941706,1.0155393903429457,51.05849618203805,-124.47917339787818,-166.75931553543225,42.280142137554066,24059.110446821927,22534.00947505307,0.06546464260500283,0.6563104753224006,0.15789865353794388,0.12117218847601884,0.0037809136002764,0.01961908219090569,-0.021759507241722376,23446.30078125,22837.0,23082.099609375,30480615.0,0.9487406996217104,23411.69921875,-0.005236892540299576
2026-02-05,23411.69921875,23509.94921875,23337.349609375,23509.75,25100,23411.69921875,-0.0052368925402995,-0.618522245757351,23266.619921875,23560.158984375,23184.863291015627,23294.762080792374,23442.399915847738,1.0062355123933837,0.9936986942353208,1.0097837940593886,48.80466009668272,-99.23682041612483,-153.25481651157077,54.01799609544594,23954.5097473962,22578.7300963538,0.05913104936006843,0.6054524223878948,0.15857331218420587,0.12051970264571323,-0.0052368925402995,0.011968913850531893,-0.0249391216863456,23534.94921875,23446.30078125,23134.80078125,29141725.0,0.0008613079699297142,23434.0,0.0009525485972474712
2026-02-06,23434.0,23447.0,23211.400390625,23366.5,22813300,23434.0,0.0009525485972474,0.0588033491982563,23237.48994140625,23555.34796875,23193.625537109376,23308.022835002623,23442.070507383123,1.0084565957463243,0.9948483898895916,1.0103638158038737,49.04864769297133,-76.55016449974573,-137.91388610920575,61.363721609460015,23835.07092484785,22639.90895796465,0.051432489907333796,0.664421278486258,0.15867847415560796,0.12009184221847212,0.0009525485972474,0.015359951472085687,-0.02425820552662994,23411.69921875,23534.94921875,23079.5,29149455.0,0.7826321281135445,23683.400390625,0.010642672639114004
2026-02-09,23683.400390625,23693.05078125,23535.400390625,23600.849609375,27270100,23683.400390625,0.010642672639114,1.119217187215953,23237.65498046875,23555.9149609375,23202.0137890625,23343.773078395232,23451.534424373003,1.0191820306537342,1.0054120347224427,1.0207476215616003,55.463031559957166,-38.00816457808469,-117.93274180298154,79.92457722489685,23835.752255904532,22639.557705032967,0.051476560430771326,0.8726362152633126,0.1563518932962264,0.12250852794712584,0.010642672639114,0.03706267857533829,0.00013939051374145528,23434.0,23411.69921875,22837.0,29138300.0,0.9358850722245292,23753.75,0.0029704184456067484
2026-02-10,23753.75,23796.400390625,23691.5,23752.599609375,23665500,23753.75,0.0029704184456067,0.2796237536919309,23251.975,23551.8859765625,23210.356787109376,23382.81849950045,23463.386015574062,1.021579887299896,1.0085710343383278,1.0234116699659013,66.28988653984719,-1.766364865066862,-94.69946641539862,92.93310155033176,23885.87103234312,22618.07896765688,0.054524059340601644,0.8957865126118197,0.15290788487485282,0.1192531345548269,0.0029704184456067,0.013112909435840203,0.01220420692546309,23683.400390625,23434.0,23446.30078125,28091620.0,0.8424398450498761,23783.05078125,0.001233522338578208
2026-02-11,23783.05078125,23811.150390625,23707.150390625,23808.099609375,26368100,23783.05078125,0.0012335223385782,0.0895509889745296,23265.605078125,23548.5919921875,23218.08404296875,23420.93585966707,23475.921888737823,1.022240801448638,1.0099563824937086,1.0243330473451508,69.78829692373662,28.985721333054244,-69.96242886570805,98.94815019876229,23933.702429560155,22597.507726689848,0.057432192216078606,0.8872532214149447,0.15286082455771427,0.11929223497678083,0.0012335223385782,0.010541835471747696,0.011594910840010408,23753.75,23683.400390625,23534.94921875,27845370.0,0.9469473740158597,23651.55078125,-0.0055291476778778215
2026-02-12,23651.55078125,23753.80078125,23589.05078125,23753.80078125,22693700,23651.55078125,-0.0055291476778778,-0.6505044361587076,23274.15009765625,23542.9590234375,23225.438544921875,23442.89918553211,23482.80929628732,1.0162154442594127,1.0046124940244086,1.0183467896851097,63.659152446045276,42.25888605997898,-47.51816588057064,89.77705194054963,23958.013902099534,22590.286293212965,0.058765952919769264,0.7759326353733597,0.15430066158590547,0.1199078109315125,-0.0055291476778778,0.010244944643228004,0.007278349951210572,23783.05078125,23753.75,23411.69921875,27582900.0,0.822745251587034,23313.150390625,-0.014307746403388943
2026-02-13,23313.150390625,23464.05078125,23285.0,23448.69921875,22274400,23313.150390625,-0.0143077464033889,-1.6111678421911655,23266.01513671875,23530.773046875,23232.763544921876,23430.54215744572,23476.15600586919,1.0020259272432028,0.9907515721724705,1.003460063868325,62.703817289078216,25.18160349064783,-32.97821200632695,58.15981549697478,23943.618633170347,22588.411640267153,0.058248350004910306,0.534780852041458,0.16292254681569593,0.12401663060774863,-0.0143077464033889,-0.005157020115003852,-0.006930493313648922,23651.55078125,23783.05078125,23434.0,27328625.0,0.8150574717901102,23472.44921875,0.0068330030671899245
2026-02-16,23472.44921875,23487.349609375,23190.19921875,23248.55078125,18203700,23472.44921875,0.0068330030671899,0.7023157817345546,23265.37255859375,23523.77703125,23239.61654296875,23434.53330614137,23476.01064166844,1.008900638046295,0.9978180454426254,1.0100187830272827,63.41215555012902,24.22259513444078,-21.538050578173404,45.760645712614185,23942.124312132582,22588.620805054918,0.05817673899993707,0.6529930724765495,0.16487643316660888,0.12479031119234782,0.0068330030671899,-0.008907131931886969,-0.0005472172836832323,23313.150390625,23651.55078125,23683.400390625,26770470.0,0.6799917969314696,23540.05078125,0.0028800387156018292
2026-02-17,23540.05078125,23563.25,23394.80078125,23445.30078125,19871600,23540.05078125,0.0028800387156018,0.2697332800551189,23273.68759765625,23520.25203125,23246.754794921875,23444.58258948505,23478.522019691245,1.0114448207863962,1.0008417745683038,1.0126166421470661,60.22279288943485,28.587911577473278,-11.512858147044067,40.10076972451735,23960.064217352763,22587.31097795974,0.058983056880560936,0.694035734864359,0.16416948111752333,0.1246115840619469,0.0028800387156018,-0.00899644135136557,0.007114852398524052,23472.44921875,23313.150390625,23753.75,26403030.0,0.752625740303291,23645.80078125,0.004492343749922245
2026-02-18,23645.80078125,23657.75,23490.349609375,23571.5,19114900,23645.80078125,0.0044923437499222,0.4461717407097091,23308.6451171875,23518.3460546875,23254.833544921876,23463.746226795996,23485.081971124924,1.014464833213917,1.0054193745710744,1.0168122999277929,61.143082507978704,40.11814056757066,-1.1866584041211201,41.30479897169178,23996.105803527487,22621.184430847516,0.05898761449956879,0.7452181417505902,0.14900501471030594,0.12501684052985848,0.0044923437499222,-0.005770916492690015,0.030468516263735035,23540.05078125,23472.44921875,23783.05078125,25838270.0,0.7397902413745193,23297.44921875,-0.014732068739081394
2026-02-19,23297.44921875,23697.900390625,23235.349609375,23691.599609375,18237200,23297.44921875,-0.0147320687390813,-1.6576024672387095,23331.76005859375,23507.5900390625,23261.290791015625,23447.908416505903,23477.72382397297,0.9985294362809499,0.9910607246441124,1.001554446314232,54.21409840394574,20.9058803396656,3.231849344636224,17.674030995029376,23982.282522178455,22681.237595009046,0.05576282817507122,0.4736282436311619,0.15845338490729838,0.1289143508859723,-0.0147320687390813,-0.014971600203937507,0.020245052921341822,23645.80078125,23540.05078125,23651.55078125,24997935.0,0.7295482606863327,23395.0,0.004187187203803067
2026-02-20,23395.0,23467.400390625,23221.150390625,23252.75,17831500,23395.0,0.004187187203803,0.4127777177985089,23351.07255859375,23504.9660546875,23267.2900390625,23442.869519695814,23474.47975244462,1.001881174464086,0.9953215820677364,1.0054888197432144,61.4297236181,13.397124758379505,5.264904427384881,8.132220330994624,23983.91191600077,22718.233201186733,0.05420216615909497,0.5347066288557826,0.1570376932056134,0.1260516191195657,0.004187187203803,0.0035108772518326337,0.01678709186722438,23297.44921875,23645.80078125,23313.150390625,24643305.0,0.7235839510974684,23484.94921875,0.0038448052468476046
2026-02-23,23484.94921875,23566.849609375,23394.25,23493.30078125,25462500,23484.94921875,0.0038448052468476,0.3753100276559979,23390.01005859375,23504.3400390625,23274.931787109374,23446.877110081925,23474.890319750713,1.004058961920855,0.9991750110711353,1.0090233317786539,51.00560430744455,14.53695906354551,7.119315354617007,7.4176437089285026,23947.078627729334,22832.941489458168,0.04763303373876797,0.5852131725031476,0.1482424504836087,0.1263558341461324,0.0038448052468476,0.0005325392285868702,0.03429680117300005,23395.0,23297.44921875,23472.44921875,24682050.0,1.0316201450041629,23304.599609375,-0.007679369782541912
2026-02-24,23304.599609375,23418.099609375,23168.05078125,23418.099609375,25350000,23304.599609375,-0.0076793697825419,-0.8858084699095631,23414.2775390625,23502.256015625,23281.0925390625,23433.32687191936,23468.212252677156,0.9953157670782486,0.9915898964712753,1.0010097064935013,44.27945446242481,0.877464861736371,5.87094525604088,-4.993480394304509,23904.990295452393,22923.564782672605,0.041915686321835656,0.3882463026896092,0.1513387872309532,0.12712537889064923,-0.0076793697825419,-0.010002152249498963,0.021269305931395532,23484.94921875,23395.0,23540.05078125,24450460.0,1.0367903098755606,23403.80078125,0.004256720713412099
2026-02-25,23403.80078125,23500.099609375,23325.900390625,23388.44921875,22679300,23403.80078125,0.004256720713412,0.4203869388442646,23430.36259765625,23499.3150390625,23288.8962890625,23430.51486328418,23465.68631262119,0.9988663506040275,0.9959354450266431,1.0049338745280714,49.801477431698245,-1.920933863177197,4.3125694321972645,-6.233503295374462,23895.661210859336,22965.063984453165,0.039717576820566126,0.4714572366508119,0.14683357129641,0.12674091405241086,0.004256720713412,-0.010234375322653255,0.01393725775900978,23304.599609375,23484.94921875,23645.80078125,24095240.0,0.9412356963450043,23448.5,0.001909912802958491
2026-02-26,23448.5,23502.94921875,23340.75,23462.05078125,25536400,23448.5,0.0019099128029584,0.1635700423151419,23446.04755859375,23493.7610546875,23297.76103515625,23432.227733447595,23465.01233957722,1.0001045993530517,0.9980734862084387,1.0064701052009368,50.36039114831864,-0.5257708685858233,3.344901372040647,-3.87067224062647,23890.05801732206,23002.03709986544,0.037875079594432204,0.5027616932862032,0.14678726352616495,0.1256519365790521,0.0019099128029584,0.006483575941371056,0.013559624814415638,23403.80078125,23304.599609375,23297.44921875,23661895.0,1.0792204090162685,23166.849609375,-0.012011445961362166
2026-02-27,23166.849609375,23433.55078125,23136.75,23423.94921875,36885800,23166.849609375,-0.0120114459613621,-1.359878100754346,23450.4150390625,23482.5940625,23301.03828125,23406.953626393064,23453.31968349086,0.9879078715999204,0.9865541067445687,0.9942410861586808,37.36392789681853,-21.89454018628021,-1.702986939623524,-20.191553246656685,23880.75223851614,23020.07783960886,0.03670188341969958,0.17053112065644302,0.1533137788095642,0.12841510295610614,-0.0120114459613621,-0.00975210047552899,0.003784727111722619,23448.5,23403.80078125,23395.0,23427670.0,1.574454480535196,22835.94921875,-0.014283357305996947
2026-03-02,22835.94921875,22992.349609375,22539.650390625,22547.0,28882800,22835.94921875,-0.0142833573059969,-1.6084988839549763,23450.3625,23467.9100390625,23303.471025390623,23352.57225423658,23429.109077030433,0.9737994122159093,0.9730712782152056,0.9799376751158131,30.086803524843788,-64.78355539745462,-14.319100631189745,-50.46445476626488,23881.015169631082,23019.709830368916,0.03672887100411046,-0.21335129743433473,0.15735506589607928,0.13144746977653804,-0.0142833573059969,-0.027634720175671035,-4.601222796341009e-05,23166.849609375,23448.5,23484.94921875,23520990.0,1.2279585170522158,22409.80078125,-0.018661297300052726
2026-03-04,22409.80078125,22517.400390625,22283.150390625,22438.0,32291200,22409.80078125,-0.0186612973000527,-2.087587503631059,23398.5375,23446.1850390625,23303.022529296875,23262.784494904525,23389.136202686102,0.9577436530488285,0.9557973181527898,0.9616692750082567,24.58216806967563,-131.64253320794523,-37.783787146540845,-93.85874606140439,24032.651678545753,22764.423321454244,0.054201180611884635,-0.27962041553560385,0.13648422647449931,0.13747066875527258,-0.0186612973000527,-0.03839580353764327,-0.04420740012125446,22835.94921875,23166.849609375,23304.599609375,23218765.0,1.390737190371667,22697.80078125,0.012851519868974703
2026-03-05,22697.80078125,22760.849609375,22468.19921875,22536.75,27067700,22697.80078125,0.0128515198689747,1.3609367109796722,23356.680078125,23430.3110546875,23302.567529296874,23208.976522175522,23362.025009688612,0.9717905415208353,0.9687366389747116,0.9740472054297649,33.313514030536226,-159.55036444741563,-62.13710260671581,-97.41326184069982,24059.66045158426,22653.699704665738,0.060195230752645865,0.031367217527863485,0.14529001142275025,0.1408968518180516,0.0128515198689747,-0.03016604040509574,-0.03557043738310062,22409.80078125,22835.94921875,23403.80078125,23126240.0,1.1704323746532077,22481.30078125,-0.009538369029075455
2026-03-06,22481.30078125,22701.599609375,22456.44921875,22621.55078125,23202000,22481.30078125,-0.0095383690290754,-1.089243278109286,23310.16015625,23406.3860546875,23300.61953125,23139.674070658803,23327.486804651802,0.9644421415621306,0.960477227399561,0.9648370401095492,34.797798697287035,-196.86789189204137,-89.08326046378093,-107.78463142826044,24113.74965880313,22506.57065369687,0.06894757454831438,-0.015723122543640826,0.14743804867824645,0.14088797552592572,-0.0095383690290754,-0.04124780769558822,-0.039740747940024024,22697.80078125,22409.80078125,23448.5,24285085.0,0.9554012267200218,22056.55078125,-0.01889347970266264
2026-03-09,22056.55078125,22090.69921875,21743.150390625,21995.150390625,25569200,22056.55078125,-0.0188934797026626,-2.1129957885619843,23241.2876953125,23370.1640625,23296.57328125,23036.51947166749,23277.646176283106,0.9490244718969918,0.9437910115762586,0.9467723220479805,26.412718533791278,-257.7449530877857,-122.81559898858188,-134.9293540992038,24217.71224292332,22264.863147701682,0.08402499555200725,-0.10667100031502098,0.15860182588724153,0.1449237341781363,-0.0188934797026626,-0.04792618965660711,-0.05877994447170776,22481.30078125,22697.80078125,23166.849609375,24422880.0,1.046936315455016,22342.94921875,0.012984733666673964
2026-03-10,22342.94921875,22385.650390625,22141.849609375,22310.80078125,23891700,22342.94921875,0.0129847336666739,1.3755146208067146,23174.26513671875,23339.1200390625,23295.360029296877,22970.46516186582,23240.99139363475,0.9641276254904169,0.9573175501627645,0.9591158578640081,31.41261640679673,-279.6567928783188,-154.18383776652928,-125.47295511178953,24205.39953272692,22143.13074071058,0.08898960894119835,0.09689254805817704,0.1614613709341831,0.14844435252833935,0.0129847336666739,-0.021588767573331724,-0.056598763258911666,22056.55078125,22481.30078125,22835.94921875,24253960.0,0.985063882351583,22042.30078125,-0.013456076660090077
2026-03-11,22042.30078125,22440.900390625,22009.30078125,22351.849609375,23611300,22042.30078125,-0.01345607666009,-1.5179675511202646,23088.69267578125,23302.9610546875,23291.91828125,22882.06855418812,23193.98391863927,0.9546794654324947,0.9459012839407414,0.9463497387844632,26.523365341063567,-317.62056786659014,-186.87118378654145,-130.74938408004869,24198.407561056756,21978.977790505745,0.0961262641292364,0.02853119823138405,0.16410145587353125,0.15093121876827612,-0.01345607666009,-0.016399074832806337,-0.07204964347734566,22342.94921875,22056.55078125,22409.80078125,24251250.0,0.9736116695015721,21897.5,-0.00656922263637616
2026-03-12,21897.5,22059.599609375,21703.900390625,21888.400390625,30265000,21897.5,-0.0065692226363761,-0.7643223680863235,22994.41513671875,23265.3060546875,23288.43078125,22788.30012045592,23143.141412025965,0.952296454152159,0.9412083360746543,0.9402737438896112,28.20444051968107,-355.2957180811427,-220.5560906454617,-134.739627435681,24173.93426943708,21814.896004000424,0.10259179245961815,0.0350159627377859,0.1633377723293691,0.15132507719261293,-0.0065692226363761,-0.03525895697838288,-0.07928128306972815,22042.30078125,22342.94921875,22697.80078125,24446095.0,1.238030041198809,21391.19921875,-0.023121396563534624
2026-03-13,21391.19921875,21780.75,21351.099609375,21763.25,31139800,21391.19921875,-0.0231213965635346,-2.5756670119525777,22881.39755859375,23219.488046875,23281.4815234375,22655.242891722024,23074.43779660338,0.9348729317766665,0.9212605883284726,0.9188074735370879,22.325463208645672,-421.15299817139385,-260.67547215064815,-160.4775260207457,24218.442622680264,21544.35249450724,0.11686743003023341,-0.05727304182593789,0.17680269162098125,0.15877848170153253,-0.0231213965635346,-0.04848925660961634,-0.0955688522670537,21897.5,22042.30078125,22481.30078125,24868400.0,1.2521834939119525,21498.80078125,0.005030179065682594
2026-03-16,21498.80078125,21593.25,21110.0,21355.94921875,32174500,21498.80078125,0.0050301790656825,0.5050283672031131,22790.680078125,23176.088046875,23274.4340234375,22545.105547867544,23012.648109726775,0.9433154564740271,0.9276285427362638,0.9237088540842958,22.70236171426278,-459.3675174937125,-300.41388121926104,-158.95363627445147,24245.40705606484,21335.953100185157,0.12765981295451176,0.055971905221489975,0.17655364901838816,0.15953051518784023,0.0050301790656825,-0.025287272045914633,-0.07782515786045852,21391.19921875,21897.5,22056.55078125,25363405.0,1.268540245286467,21669.30078125,0.00793067491228161
2026-03-17,21669.30078125,21729.650390625,21446.150390625,21585.05078125,25153300,21669.30078125,0.0079306749122816,0.8224366810242433,22700.52265625,23132.043046875,23268.69802734375,22461.695570094445,22959.96782233553,0.9545727695077506,0.9367655393576398,0.9312639992055314,27.46342432403067,-470.47157089446046,-334.4254191543009,-136.04615174015953,24200.15141091331,21200.89390158669,0.13212283940522931,0.1561742792029616,0.17748613156775553,0.1593229333918285,0.0079306749122816,-0.030150381263664205,-0.0768197822347243,21498.80078125,21391.19921875,22342.94921875,25710885.0,0.9783132708189547,21917.400390625,0.01144935925157653
2026-03-18,21917.400390625,21990.400390625,21713.400390625,21721.44921875,28957100,21917.400390625,0.0114493592515765,1.2074948648909758,22619.39013671875,23088.4110546875,23264.38802734375,22409.8579339545,22919.08282501355,0.9689651338143644,0.949281452877427,0.9421008781690036,30.322992331657375,-454.0184066184702,-358.34401664713477,-95.67438997133542,24103.270803246734,21135.509470190766,0.13120430370216657,0.26346152290785485,0.18432130218174508,0.16008728203270675,0.0114493592515765,-0.005666395348857822,-0.06893147367028896,21669.30078125,21498.80078125,22042.30078125,26165160.0,1.1067044879526822,21225.80078125,-0.031554819323865946
2026-03-19,21225.80078125,21562.80078125,21156.19921875,21466.400390625,32926600,21225.80078125,-0.0315548193238659,-3.4985569727281605,22498.39013671875,23031.7580859375,23256.210283203123,22297.09058607788,22852.67960761106,0.943436425996018,0.9215883868722048,0.912693879302442,24.878500827281187,-491.12409112026216,-384.90003154176026,-106.22405957850191,24023.94688995053,20972.83338348697,0.13561474789628705,0.08290986134309794,0.20664964754322207,0.17342188080772028,-0.0315548193238659,-0.03067469888115082,-0.10234375322653255,21917.400390625,21669.30078125,21897.5,26855745.0,1.2260542390464313,21327.900390625,0.004810165252525644
2026-03-20,21327.900390625,21558.0,21294.849609375,21349.94921875,37005100,21327.900390625,0.0048101652525256,0.4809517206071908,22399.9126953125,22978.10609375,23248.8400390625,22204.78675793951,22792.88434419984,0.9521421212988997,0.9281835632409299,0.9173748176162788,28.336491639062658,-506.45394243368355,-409.210813720145,-97.24312871353857,23962.123064907846,20837.702325717157,0.139483612355524,0.15689246290007058,0.2064655446338988,0.17418364200920775,0.0048101652525256,-0.002959106101424913,-0.08453924760741138,21225.80078125,21917.400390625,21391.19921875,27794140.0,1.3313993525253884,20664.25,-0.031116536483671742
2026-03-23,20664.25,21090.05078125,20611.80078125,21079.599609375,31363300,20664.25,-0.0311165364836717,-3.4505946157243064,22263.3751953125,22911.0591015625,23237.9887890625,22058.06897146908,22709.408487564553,0.9281723826111868,0.9019334247446784,0.8892443398426163,26.276459649141245,-565.6337267042181,-440.4953963169596,-125.13833038725852,23933.03367627343,20593.71671435157,0.14999149646567497,0.021122069708476028,0.22441024565257944,0.18567001507118686,-0.0311165364836717,-0.038818480609292716,-0.11672365890147463,21327.900390625,21225.80078125,21498.80078125,28470730.0,1.1015980271668482,21067.0,0.019490182319706673
2026-03-24,21067.0,21183.150390625,20743.900390625,21045.44921875,28289000,21067.0,0.0194901823197066,2.0874216866383173,22142.477734375,22858.797109375,23229.76728515625,21963.68145037679,22645.00031158163,0.9514292055624209,0.9216145494970015,0.9068967304490282,35.255934606628756,-573.4254810278071,-467.08141325912914,-106.34406776867797,23789.714907498004,20495.240561251994,0.14878526178357032,0.1735510368746204,0.23993249738082345,0.1905602920076339,0.0194901823197066,-0.0277951184179952,-0.10295739608495935,20664.25,21327.900390625,21669.30078125,28612055.0,0.9887091297706508,21478.19921875,0.01951864141785742
2026-03-25,21478.19921875,21612.44921875,21236.05078125,21236.25,29251000,21478.19921875,0.0195186414178574,2.0905360349548268,22051.15771484375,22819.0141015625,23223.119033203126,21917.445047364716,22599.24340598039,0.9740168519266422,0.9412413315998306,0.9248628139933169,36.96142776234545,-540.1931516542354,-481.7037609381504,-58.48939071608498,23628.133883344086,20474.181546343414,0.1430288775667068,0.3183363491666024,0.2552994293078805,0.1960557166463921,0.0195186414178574,-0.020038926334660756,-0.0783708118242149,21067.0,20664.25,21917.400390625,28807105.0,1.0154092193575162,21020.150390625,-0.021326221228320397
2026-03-27,21020.150390625,21364.349609375,21007.150390625,21357.349609375,35750200,21020.150390625,-0.0213262212283203,-2.379216609573359,21931.9751953125,22769.208125,23213.54728515625,21831.988413389503,22537.318189691945,0.9584248661341553,0.9231831987843889,0.9055122051107715,35.14622286542733,-544.5398867059412,-494.2709860917086,-50.268900614232564,23437.180136724663,20426.77025390034,0.13726122959812562,0.1971094169302162,0.2604917740513836,0.20074996309873083,-0.0213262212283203,-0.009688698803140716,-0.10184885835016444,21478.19921875,21067.0,21225.80078125,29460650.0,1.2134898585061769,20528.05078125,-0.0234108510277109
2026-03-30,20528.05078125,20889.25,20490.44921875,20762.349609375,34842000,20528.05078125,-0.0234108510277109,-2.6073427178529736,21785.952734375,22710.1561328125,23200.362041015625,21707.80387699526,22458.52338936089,0.9422608701826375,0.903915000020202,0.8848159673094205,34.67145735846181,-580.9956748965305,-511.615923852673,-69.37975104385754,23237.377021759716,20334.528446990287,0.1332440499693654,0.0666663552283355,0.26672110934799925,0.20632249077720843,-0.0234108510277109,-0.037502501171028824,-0.12454737909674396,21020.150390625,21478.19921875,21327.900390625,29925930.0,1.164274593972518,20935.150390625,0.01983138164032794
2026-04-01,20935.150390625,21153.25,20867.400390625,21067.150390625,33012900,20935.150390625,0.0198313816403279,2.124759958010882,21674.3677734375,22659.3421484375,23188.3850390625,21634.217830674286,22398.7832717634,0.965894396988205,0.9239081282008271,0.9028291687997346,36.21561376101314,-570.4616862649782,-523.385076335134,-47.07660992984415,23017.926956561576,20330.808590313427,0.12397678189908533,0.2249033045593566,0.2815236755631798,0.21233480598401547,0.0198313816403279,0.013109616396675516,-0.0963315796657519,20528.05078125,21020.150390625,20664.25,29732285.0,1.11033847549894,20938.349609375,0.00015281565645852702
2026-04-02,20938.349609375,20990.05078125,20385.650390625,20666.69921875,34322000,20938.349609375,0.0001528156564585,-0.0287133712758224,21579.48779296875,22608.403125,23176.377041015625,21567.944666741023,22341.511363434445,0.9702894623938826,0.926131292582169,0.9034349748591012,38.52214636052879,-555.4523650577539,-529.7985340796581,-25.65383097809581,22843.30620455923,20315.66938137827,0.1171314559191912,0.24634877221517065,0.2798014945327471,0.21231979982822333,0.0001528156564585,-0.006106725714387418,-0.08309703228000398,20935.150390625,20528.05078125,21067.0,30004245.0,1.1439048041368813,21194.05078125,0.01221209773670573
2026-04-06,21194.05078125,21217.94921875,20789.44921875,20990.849609375,32241800,21194.05078125,0.0122120977367057,1.2909631921203415,21518.70029296875,22564.809140625,23165.658046875,21532.335725265686,22296.512909231133,0.9849131449716398,0.9392523840626187,0.9148909449653658,42.85105203849317,-516.9651696027177,-527.23186118427,10.266691581552323,22730.233924917233,20307.16666102027,0.11260286313335517,0.3660171277304984,0.2800699053955237,0.21467600937615292,0.0122120977367057,-0.013229621096537025,-0.05425081694689593,20938.349609375,20935.150390625,21478.19921875,30001775.0,1.0746630824342893,21296.44921875,0.004831470800786608
2026-04-07,21296.44921875,21313.099609375,20959.349609375,21085.30078125,25888100,21296.44921875,0.0048314708007866,0.4832832385635005,21448.63271484375,22531.8051171875,23156.908046875,21509.870343692764,22257.294725290696,0.9929047460452606,0.9451727949885755,0.9196585820369889,48.95096305866282,-472.7515067008753,-516.3357902875911,43.58428358671574,22527.915472762284,20369.349956925213,0.10063883999202959,0.42949785634133847,0.27559878788095027,0.21184244480103598,0.0048314708007866,0.013144474372944082,-0.06173953045079228,21194.05078125,20938.349609375,21020.150390625,29942795.0,0.8645852867108765,22137.099609375,0.03947373489308581
2026-04-08,22137.099609375,22159.5,21952.400390625,21998.599609375,39922000,22137.099609375,0.0394737348930858,4.274270440071155,21431.42265625,22517.8441015625,23153.062548828126,21569.606464233926,22252.58119133322,1.0329272099404565,0.9830914322672178,0.9561197168922887,56.080083734511575,-365.6632609393055,-486.20128441793395,120.53802347862847,22450.67967636142,20412.165636138583,0.09511799906704993,0.8461722309486834,0.3126820811164284,0.23066701378762253,0.0394737348930858,0.07838293295701892,-0.015310554101125362,21296.44921875,21194.05078125,20528.05078125,30778795.0,1.2970618245451129,22037.5,-0.004499216750726398
2026-04-09,22037.5,22189.5,21943.19921875,22090.69921875,37071300,22037.5,-0.0044992167507263,-0.5377965902492972,21430.4701171875,22498.4191015625,23147.774794921876,21614.167753354504,22244.146634810353,1.0283255513991574,0.9795132671552692,0.9520353552443648,53.555285157419455,-285.540378985781,-446.06910333150336,160.52872434572237,22447.300028368958,20413.64020600604,0.0948957167641322,0.798491358356282,0.305598926762992,0.23007543298597055,-0.0044992167507263,0.05265544258371535,-0.0008637244072720041,22137.099609375,21296.44921875,20935.150390625,31353900.0,1.1823505209878198,22346.75,0.014032898468519628
2026-04-10,22346.75,22364.30078125,22133.150390625,22151.05078125,38754300,22346.75,0.0140328984685196,1.4902178439644362,21430.66015625,22491.2301171875,23144.601044921874,21683.937491130266,22248.17029619034,1.0427466926856583,0.9935761576207834,0.9655275524787268,54.097359037634874,-194.84250419044474,-395.8237835032917,200.98127931284694,22448.20928242574,20413.11103007426,0.0949619954548099,0.9501452658074572,0.3062056081546304,0.23063931448533556,0.0140328984685196,0.06726415485938775,0.00017011099174002453,22037.5,22137.099609375,20938.349609375,32097030.0,1.2074107791281623,22179.05078125,-0.0075044119950328225
2026-04-13,22179.05078125,22244.900390625,21816.349609375,21906.150390625,33694300,22179.05078125,-0.0075044119950328,-0.8666624137660071,21437.49765625,22478.4261328125,23140.870302734376,21731.091137808333,22245.459726976995,1.0345914031987684,0.9866816586804762,0.9584363289322474,60.107741017123395,-134.9402037332402,-343.6470675492814,208.70686381604122,22474.01295282612,20400.982359673882,0.0967011461129074,0.8577145110393859,0.3034048903282862,0.23089591279412527,-0.0075044119950328,0.04647530621524276,0.006203980308458812,22346.75,22037.5,21194.05078125,32601180.0,1.0335300746782785,22595.55078125,0.018778982207485084
2026-04-15,22595.55078125,22621.900390625,22496.75,22506.94921875,37059700,22595.55078125,0.018778982207485,2.009593328885505,21472.4001953125,22468.69515625,23140.030556640624,21813.42062765992,22259.188787928877,1.0523067088784368,1.0056458830438453,0.9764702222817778,62.601285063475125,-53.24535062592986,-285.5667241646111,232.32137353868126,22615.650405028908,20329.149985596094,0.10648555348422849,0.9912094379650782,0.3088826921417256,0.23339560845204788,0.018778982207485,0.06100085273164857,0.031878103950222725,22179.05078125,22346.75,21296.44921875,32940915.0,1.125035537112433,22656.30078125,0.0026885823934157393
2026-04-16,22656.30078125,22792.25,22529.650390625,22757.05078125,38280500,22656.30078125,0.0026885823934157,0.2487817491412795,21535.6552734375,22459.12515625,23138.1065625,21893.694928001834,22274.7618072748,1.0520367499193175,1.0087793101302136,0.9791769572869516,72.49915732644031,16.213526886927866,-225.21067395430333,241.4242008412312,22794.171764364753,20277.138782510247,0.11687747365453736,0.9452248007437242,0.2945737842168482,0.23342063494949095,0.0026885823934157,0.023453893284878236,0.05914121735592559,22595.55078125,22179.05078125,22137.099609375,33297950.0,1.1496353379111928,22869.400390625,0.009405754780204889
2026-04-17,22869.400390625,22882.150390625,22605.150390625,22660.55078125,40384600,22869.400390625,0.0094057547802048,0.9838582580204716,21604.18525390625,22454.9231640625,23137.446064453125,21986.61925777547,22298.080967406182,1.0585634274956046,1.0184581894818434,0.9884150708301409,71.26829054664294,87.44750486695557,-162.67903819005159,250.12654305700715,22996.415079894334,20211.955427918165,0.12888519605119486,0.9543844389412703,0.29537405896986224,0.23438072367126972,0.0094057547802048,0.03774930870674975,0.063752374996207,22656.30078125,22595.55078125,22037.5,33708455.0,1.1980555026921287,22865.80078125,-0.00015739850251939025
2026-04-20,22865.80078125,22987.599609375,22717.55078125,22906.650390625,32840100,22865.80078125,-0.0001573985025193,-0.0626608610610864,21664.01025390625,22455.4991796875,23136.209072265625,22070.35083143971,22320.344489517705,1.055474056430852,1.018271764892835,0.9883123337029412,68.1163441116561,141.9739004867224,-101.7484504546968,243.72235094141922,23166.485164052832,20161.535343759668,0.13870699769223022,0.8999369704035866,0.2950727922496618,0.23316035947810207,-0.0001573985025193,0.023227126148097632,0.0552163640201675,22869.400390625,22656.30078125,22346.75,34092795.0,0.9632563126607836,23042.349609375,0.007721086605012806
2026-04-21,23042.349609375,23064.349609375,22893.599609375,22898.94921875,31497000,23042.349609375,0.0077210866050128,0.7995009228900538,21720.25771484375,22447.42015625,23134.936572265626,22162.922143624022,22348.65841578662,1.0608690703346364,1.026503243980104,0.9959979590779765,78.4961655239775,197.15974202800135,-41.96681195815717,239.1265539861585,23342.156137544378,20098.35929214312,0.14934430741971721,0.9075754301335726,0.29392714468758496,0.22582735957886482,0.0077210866050128,0.03892406562569506,0.05132676315167317,22865.80078125,22869.400390625,22179.05078125,34219790.0,0.9204322995553158,22991.5,-0.0022067892483634832
2026-04-22,22991.5,23054.5,22923.55078125,22975.849609375,32724400,22991.5,-0.0022067892483634,-0.286930674017978,21808.54267578125,22436.551171875,23132.306318359377,22241.834320421734,22373.86788967734,1.054242841523402,1.0247341413514859,0.993913001305554,89.64423205026883,234.09329870390138,13.245210174254538,220.84808852964684,23507.509448247743,20109.575903314755,0.15580745561262535,0.8481402177455569,0.2657115381108997,0.2256779739255858,-0.0022067892483634,0.0175233267196373,0.08318645958034931,23042.349609375,22865.80078125,22595.55078125,34209680.0,0.9565830490083509,22810.849609375,-0.007857268582954546
2026-04-23,22810.849609375,22957.599609375,22788.599609375,22873.150390625,29661600,22810.849609375,-0.0078572685829545,-0.9052763682470096,21882.69013671875,22424.5341796875,23128.259814453126,22296.026252702995,22391.004427704698,1.0424152362829842,1.0172273558323202,0.9862760878844948,82.55861417060606,245.9512586855417,59.78641987651197,186.16483880902973,23622.28862093225,20143.09165250525,0.15899311038494365,0.7667740519086275,0.2690688390232901,0.2260450921054533,-0.0078572685829545,0.0068214502277839095,0.06953095202009907,22991.5,23042.349609375,22656.30078125,33842505.0,0.8764599429031628,22570.05078125,-0.010556328775497836
2026-04-24,22570.05078125,22872.05078125,22472.5,22788.80078125,27321800,22570.05078125,-0.0105563287754978,-1.2006410886004044,21977.98017578125,22407.2551953125,23123.024072265624,22322.12382685033,22398.025853333926,1.0269392637873604,1.0072653069070037,0.9760855980910008,76.16502710642203,233.22979649952686,94.47509520111495,138.7547012984119,23643.78032603701,20312.18002552549,0.15158810199413333,0.6777135766788017,0.24257645837057432,0.22715948096325905,-0.0105563287754978,-0.013089525928179357,0.09222695143786974,22810.849609375,22991.5,22869.400390625,33640430.0,0.8121715447751411,22821.400390625,0.01113642196958664
2026-04-27,22821.400390625,22853.849609375,22640.849609375,22645.849609375,28500400,22821.400390625,0.0111364219695866,1.1732493771325132,22065.7001953125,22390.0151953125,23119.053828125,22369.673975781254,22414.628776364945,1.034247732391154,1.0192668558529079,0.9871251894773524,76.13171692756741,240.65563061732973,123.71120228435791,116.94442833297182,23714.195835485007,20417.204555139993,0.14941702511870691,0.7292090366804642,0.23750316058085982,0.22728838925286896,0.0111364219695866,-0.0019417815737031718,0.08327718187805577,22570.05078125,22810.849609375,22865.80078125,33651000.0,0.8469406555525839,22765.599609375,-0.0024451076750278133
2026-04-28,22765.599609375,22904.0,22733.900390625,22808.150390625,32052600,22765.599609375,-0.0024451076750278,-0.3130104389825535,22130.07021484375,22370.2521875,23115.145576171875,22407.381178980657,22428.392338443773,1.0287179113469316,1.0176729085824037,0.9848780547089783,73.94979173783521,239.27973313848997,146.82490845518433,92.45482468330565,23782.509350659006,20477.63107902849,0.14933880640892033,0.6923003942341909,0.23132365474735722,0.22717103030277472,-0.0024451076750278,-0.012010493924951238,0.05993986635067272,22821.400390625,22570.05078125,23042.349609375,33791080.0,0.9485521030993979,22871.0,0.004629809556239151
2026-04-29,22871.0,23026.94921875,22825.150390625,22875.30078125,33747800,22871.0,0.0046298095562391,0.4612149581796713,22222.6126953125,22352.011171875,23111.891328125,22451.535352411072,22445.749501642058,1.029176916034912,1.0232188872909131,0.9895771694014562,65.73612712923008,243.88292458653086,166.23651168145363,77.64641290507723,23819.709365753653,20625.516024871344,0.14373617470982292,0.7029893733695215,0.2126970309395287,0.2274512430394758,0.0046298095562391,-0.005241067350977513,0.08805120681726808,22765.599609375,22821.400390625,22991.5,33690960.0,1.0016870994474483,22683.55078125,-0.00819593453500067
2026-04-30,22683.55078125,22759.0,22498.0,22736.80078125,31107300,22683.55078125,-0.0081959345350006,-0.9423374069358368,22330.3876953125,22332.651171875,23107.4968359375,22473.63205991954,22455.07504201884,1.0158153584593443,1.0157124027359954,0.9816533111441059,63.34955727175171,229.75690699355982,178.94059074387488,50.816316249684945,23723.946128432093,20936.829262192907,0.12481273967420285,0.6267126937570494,0.19226977928883948,0.22782206449619968,-0.0081959345350006,-0.005580626338121175,0.10500266308619999,22871.0,22765.599609375,22810.849609375,33504225.0,0.9284590227053454,22830.75,0.006489249419966203
2026-05-04,22830.75,22954.30078125,22709.75,22783.80078125,38703400,22830.75,0.0064892494199662,0.664697984190358,22425.16767578125,22323.0031640625,23103.89458984375,22507.643292308152,22469.80739331222,1.0180860330715285,1.0227454537458882,0.9881775521100317,60.718895444023715,227.81358978261414,188.71519055162275,39.09839923099139,23668.9763140982,21181.3590374643,0.11092970686325652,0.6630404837704368,0.18435725334021202,0.2262283551102092,0.0064892494199662,0.011550670456026424,0.09054626186128911,22683.55078125,22871.0,22570.05078125,33788750.0,1.1454522585179978,22808.25,-0.0009855129594954493
2026-05-05,22808.25,22842.25,22672.80078125,22796.650390625,33371800,22808.25,-0.0009855129594954,-0.1532834398687333,22518.6626953125,22309.7191796875,23100.0730859375,22536.27250256452,22483.079652398017,1.0128598802071749,1.0223459029805448,0.9873670059461781,64.89231673832131,221.90000974802751,195.35215439090373,26.54785535712378,23555.848400916107,21481.476989708895,0.09211787748119352,0.6396024372117283,0.18474947182735535,0.2256374210483517,-0.0009855129594954,-0.0005762306606916789,0.08930505152076385,22830.75,22683.55078125,22821.400390625,33741240.0,0.9890507877007484,23133.400390625,0.01425582368770062
2026-05-06,23133.400390625,23150.900390625,22849.94921875,22978.94921875,38546000,23133.400390625,0.0142558236877006,1.514613092801428,22615.63017578125,22301.586171875,23097.952841796876,22593.141825236944,22508.582426446137,1.0228943527471643,1.0372984330504267,1.0015346619274406,63.305557353592654,240.6760108562812,204.41692568397926,36.25908517230195,23479.53614756019,21751.724204002312,0.0763990182952359,0.7996681535704442,0.1860409651390236,0.22794080767073444,0.0142558236877006,0.016155989192506715,0.09150443345595405,22808.25,22830.75,22765.599609375,34056450.0,1.1318267171123237,23214.0,0.003484122870568651
2026-05-07,23214.0,23304.5,23142.44921875,23219.349609375,32662600,23214.0,0.0034841228705686,0.3358396781245759,22711.50771484375,22292.95015625,23096.66583984375,22652.271175214377,22536.245860703155,1.0221250077918795,1.041315744990879,1.0050801341184856,63.662427391212994,259.0734049413077,215.34822153544494,43.72518340586274,23356.984651129624,22066.030778557873,0.05684139902909017,0.8892410843110384,0.18606596759734362,0.22784420865618973,0.0034841228705686,0.014997157972978847,0.09004086838860137,23133.400390625,22808.25,22871.0,34395175.0,0.9496273823290622,23115.650390625,-0.004236650701085587
2026-05-08,23115.650390625,23185.650390625,23080.30078125,23166.05078125,29600300,23115.650390625,-0.0042366507010855,-0.5090633489378551,22760.43525390625,22289.3141796875,23095.830595703126,22696.40252906301,22558.967606974602,1.0156066934905292,1.0370732003809497,1.000858154671673,56.39196623897658,262.6893613262546,224.81644949360688,37.8729118326477,23369.93043876714,22150.94006904536,0.053557427884096336,0.7914011017158672,0.13419717480736323,0.22562505411078765,-0.0042366507010855,0.01904902867906233,0.044204109775771494,23214.0,23133.400390625,22683.55078125,33879090.0,0.8737041048032872,22795.75,-0.013839125666770813
2026-05-11,22795.75,22962.150390625,22777.44921875,22957.400390625,43426100,22795.75,-0.0138391256667708,-1.5598855354069696,22798.34775390625,22277.3291796875,23093.264091796875,22705.86419296177,22568.253191014814,0.9998860551679318,1.0232712286168129,0.9871168453877182,48.438142318350366,237.0096451526224,227.25508862541,9.7545565272124,23303.982405362283,22292.71310245022,0.044357131219684515,0.4974311947378721,0.1441093725561828,0.22750245386023696,-0.0138391256667708,-0.0015330201592150816,0.034407260351673186,23115.650390625,23214.0,22830.75,34196830.0,1.2698867117215251,22299.900390625,-0.021751844505006446
2026-05-12,22299.900390625,22768.099609375,22270.94921875,22728.69921875,37543300,22299.900390625,-0.0217518445050064,-2.4257935997574167,22796.0052734375,22253.628203125,23087.517841796875,22667.2009736916,22557.729551783843,0.9782372009103466,1.0020793098131073,0.965885572603825,35.50949708214246,174.63429019290925,216.73092893890987,-42.09663874600062,23310.80005153864,22281.210495336356,0.04516534997480215,0.018152763085092765,0.15882649605834276,0.23224379253323663,-0.0217518445050064,-0.02228797077263711,-0.002096484248268804,22795.75,23115.650390625,22808.25,34136280.0,1.0998064229611428,22377.349609375,0.003473074650259811
2026-05-13,22377.349609375,22532.0,22208.5,22292.150390625,40634400,22377.349609375,0.0034730746502598,0.3346306445094906,22805.92021484375,22235.083203125,23082.04208984375,22639.596081851923,22550.655828552124,0.9812079231431404,1.0063982853111162,0.9694700981080517,38.13670267129458,129.9528609915069,199.3753153494293,-69.42245435792239,23276.415698410743,22335.42473127676,0.04126081992172708,0.04455396445078468,0.15676634808023404,0.2319263186190519,0.0034730746502598,-0.03268221569174912,0.008940816722988076,22299.900390625,22795.75,23133.400390625,34483285.0,1.1783796120352223,22613.099609375,0.010535206542120257
2026-05-14,22613.099609375,22675.80078125,22338.650390625,22505.0,34058900,22613.099609375,0.0105352065421202,1.1074569108895038,22806.79765625,22219.2691796875,23078.009091796874,22637.07260828269,22553.10460427067,0.9915070037541233,1.0177247247199082,0.9798548704711653,46.25975991038644,112.2713667625867,181.95452563206078,-69.68315886947408,23275.70401869122,22337.89129380878,0.04111987746010445,0.2934576469949524,0.14639993343295502,0.23304300183665222,0.0105352065421202,-0.025885258491643026,0.0007766497172339015,22377.349609375,22299.900390625,23214.0,34333245.0,0.9920093483735662,22531.150390625,-0.003623971068345999
2026-05-15,22531.150390625,22710.849609375,22502.599609375,22664.400390625,40428700,22531.150390625,-0.0036239710683459,-0.4420163268335318,22800.54013671875,22200.9221875,23074.289091796876,22626.98477802958,22552.243654715938,0.9881849401602588,1.0148745263974184,0.9764613029241725,49.217200598701595,90.6016388281023,163.6839482712691,-73.08230944316679,23281.09826927821,22319.982004159294,0.042153223535746825,0.21971159383028377,0.1466223656835519,0.23306990094920643,-0.0036239710683459,-0.02528589895255795,-0.0055238669292637654,22613.099609375,22377.349609375,23115.650390625,34440655.0,1.173865595761753,22461.05078125,-0.003111230814213939
2026-05-18,22461.05078125,22494.099609375,22150.5,22382.0,34307100,22461.05078125,-0.0031112308142139,-0.3859059139594346,22780.12265625,22186.8062109375,23069.702099609374,22611.181540241047,22548.667463599624,0.9859934083843723,1.0123607051733885,0.9736168540134864,42.178036485479616,66.9994428172904,144.34704718047337,-77.34760436318297,23282.563096687347,22277.682215812656,0.04411218043195854,0.18247791248406448,0.1423755095664269,0.2316993428917557,-0.0031112308142139,-0.014682527170634896,-0.017855719975168105,22531.150390625,22613.099609375,22795.75,34136780.0,1.0049893399436034,22521.75,0.0027024211530064512
2026-05-19,22521.75,22646.650390625,22485.44921875,22501.150390625,36129400,22521.75,0.0027024211530064,0.2502961582559191,22762.9201171875,22180.5222265625,23065.70634765625,22602.66425069428,22547.611876791794,0.9894051327357863,1.015384118099296,0.9764170956025578,44.71808730690985,52.586270312323904,125.99489180684348,-73.40862149451958,23276.44611679125,22249.39411758375,0.045119518669837176,0.2651821744431072,0.14292409200373676,0.22963681922992496,0.0027024211530064,0.009948457414108658,-0.015046522295082854,22461.05078125,22531.150390625,22299.900390625,34301245.0,1.0532970450489478,22578.150390625,0.0025042632399792097
2026-05-20,22578.150390625,22597.650390625,22316.44921875,22379.849609375,28717500,22578.150390625,0.0025042632399792,0.2286112559596304,22739.71015625,22183.88921875,23061.45509765625,22600.32959735435,22548.809465569568,0.9928952583601601,1.0177724098776046,0.9790427488211545,43.5191500578656,45.19380141598231,109.83467372867126,-64.64087231268896,23241.895378588764,22237.524933911234,0.04416812869540622,0.3391432499019723,0.1400079467816265,0.22575702791392177,0.0025042632399792,0.008973394291783121,-0.0201454811084516,22521.75,22461.05078125,22377.349609375,34162270.0,0.8406203686113364,22602.849609375,0.001093943406464959
2026-05-21,22602.849609375,22781.0,22557.0,22745.900390625,33852100,22602.849609375,0.0010939434064649,0.0742765270100457,22720.27763671875,22181.9901953125,23057.96384765625,22600.569598499173,22550.92868689527,0.9948315760387553,1.018973023175866,0.9802621670634846,48.07542360770426,40.857260028067685,96.03919098855054,-55.18193096048286,23211.395098467056,22229.160174970446,0.043231642641072064,0.38044812444042925,0.14011453973698682,0.2239171144080538,0.0010939434064649,-0.00045327709058295973,-0.01690409023443451,22578.150390625,22521.75,22613.099609375,34218655.0,0.9892878606713209,22651.30078125,0.0021435868800765423
2026-05-22,22651.30078125,22727.900390625,22604.80078125,22639.69921875,28726600,22651.30078125,0.0021435868800765,0.1891415648148958,22712.3001953125,22185.3901953125,23056.14634765625,22605.401139713536,22554.8648474582,0.997314256436471,1.0210007839319384,0.9824408832117166,45.50893637456891,40.859125813571154,85.00317795355467,-44.144052139983515,23202.405328780107,22222.19506184489,0.04315768365625405,0.4377690520895474,0.13792776213614907,0.22288766790361497,0.0021435868800765,0.005332634532278169,-0.006994427250944124,22602.849609375,22578.150390625,22531.150390625,34171905.0,0.8406496506413675,22929.44921875,0.012279579004585983
2026-05-25,22929.44921875,22949.94921875,22849.099609375,22859.5,30168200,22929.44921875,0.0122795790045859,1.298347831363145,22730.2701171875,22202.8481640625,23056.55884765625,22636.262861526535,22569.554430646116,1.0087627247954212,1.032725578687854,0.9944870511794013,52.689137537699516,62.58343589265496,80.51922954137473,-17.935793648719766,23224.75015021071,22235.79008416429,0.04350850478008945,0.7014025726620674,0.13925128843114018,0.2200892889142031,0.0122795790045859,0.020853807867751595,0.015923687588623725,22651.30078125,22602.849609375,22461.05078125,34314225.0,0.8791747445847895,22897.19921875,-0.0014064882105248033
2026-05-26,22897.19921875,23015.0,22858.19921875,22925.650390625,31807400,22897.19921875,-0.0014064882105248,-0.1993517853022674,22734.06005859375,22213.9331640625,23056.008095703124,22661.113943166863,22582.403245865877,1.007175979993709,1.0307584455954375,0.9931120393307495,43.976290687803925,76.31805563105445,79.67899475931067,-3.36093912825622,23232.626047389393,22235.494069798107,0.04386070833899788,0.663608392692081,0.13395170048031685,0.218380346320715,-0.0014064882105248,0.016670517111236904,0.0033213925012305356,22929.44921875,22651.30078125,22521.75,34479575.0,0.9224997697912459,22967.400390625,0.003065928334916812
2026-05-27,22967.400390625,22999.44921875,22886.44921875,22895.75,45794100,22967.400390625,0.0030659283349168,0.290075633136853,22744.15009765625,22232.43515625,23055.67734375,22690.284081020018,22597.501173111334,1.0098157236920344,1.0330582425726038,0.9961711403309115,43.67757268113594,91.80916964255448,82.10502973595943,9.704139906595046,23253.456127909023,22234.844067403475,0.04478567262930916,0.7191710677931991,0.1339368975988911,0.21605545117607172,0.0030659283349168,0.017240119020627498,0.008864285795788795,22897.19921875,22929.44921875,22578.150390625,35166650.0,1.3022025128921861,22657.0,-0.013514824723119379
2026-05-29,22657.0,23075.25,22598.44921875,23012.80078125,67184500,22657.0,-0.0135148247231193,-1.5243964945191155,22733.45009765625,22247.62515625,23054.38759765625,22687.11416854192,22599.834460440303,0.9966371097511446,1.018400833386704,0.9827630382297967,39.39413099947304,78.13853926389856,81.31173164154725,-3.1731923776486894,23240.522073434448,22226.37812187805,0.04461020862209157,0.42461612817455957,0.1417312951162522,0.21784780013805805,-0.0135148247231193,0.0023957329080550593,-0.009356827423374625,22967.400390625,22897.19921875,22602.849609375,36838485.0,1.8237584960402144,22437.94921875,-0.009668128227479311
2026-06-01,22437.94921875,22810.19921875,22414.80078125,22760.80078125,37130800,22437.94921875,-0.0096681282274793,-1.1034431427346545,22721.17001953125,22268.56015625,23053.209091796874,22663.38417332364,22593.4860195897,0.987534937657797,1.0076066463799842,0.9733113133795414,41.32140650849867,49.06332733744057,74.86205078072592,-25.798723443285354,23244.95066209163,22197.389376970874,0.046105076640869255,0.22963796504866685,0.14289250517032315,0.2122809774604386,-0.0096681282274793,-0.009418954106009014,-0.010827297933576285,22657.0,22967.400390625,22651.30078125,37139660.0,0.9997614410040372,22521.099609375,0.003705792798368357
2026-06-02,22521.099609375,22563.25,22253.0,22302.05078125,36094400,22521.099609375,0.0037057927983683,0.3600975573731385,22705.6875,22289.0061328125,23051.512587890626,22649.83326247139,22590.647336836184,0.9918704117360463,1.0104129127687225,0.9769901009101563,56.708295128017014,32.3575562501901,66.36115187461877,-34.00359562442867,23234.11525653311,22177.25974346689,0.046545849495469985,0.32534235915580695,0.14141934018825666,0.2121738628848912,0.0037057927983683,-0.017808958491732252,-0.013562865461055784,22437.94921875,22657.0,22929.44921875,37009210.0,0.9752815582931924,22451.849609375,-0.0030748942636519283
2026-06-03,22451.849609375,22505.0,22202.599609375,22488.150390625,41039400,22451.849609375,-0.0030748942636519,-0.3819295168694379,22687.86748046875,22304.657109375,23049.7793359375,22630.977676462215,22585.20428870045,0.9895971769362224,1.0065991823715654,0.9740591995329755,52.27064919187333,13.376025555051456,55.76412661070531,-42.388101055653856,23225.686476099938,22150.048484837564,0.04741027300993841,0.28057871420380054,0.141680359403503,0.21176778741417762,-0.0030748942636519,-0.019449960020014756,-0.01562594195630962,22521.099609375,22437.94921875,22897.19921875,37392590.0,1.0975276117540935,22497.69921875,0.002042130611629167
2026-06-04,22497.69921875,22559.849609375,22328.349609375,22362.400390625,36481000,22497.69921875,0.0020421306116291,0.1780389586407738,22656.082421875,22316.2630859375,23048.933583984373,22618.28449001343,22581.772717329844,0.9930092413959407,1.0081302201947437,0.9760841705224315,46.022321049444955,2.009541279025143,45.013209544369275,-43.00366826534413,23156.9012539217,22155.263589828297,0.04421054114484742,0.34187575127908615,0.13073460934629139,0.21038274134036877,0.0020421306116291,-0.020450776486951705,-0.027479798090237706,22451.849609375,22521.099609375,22967.400390625,37289340.0,0.9783224910926286,22465.349609375,-0.0014379074526891245
2026-06-05,22465.349609375,22614.650390625,22379.05078125,22569.44921875,34527400,22465.349609375,-0.0014379074526891,-0.2027900693765606,22618.64990234375,22341.0540625,23047.789833984374,22603.719263285962,22577.207105253183,0.9932223941910492,1.0055635489054042,0.9747290204915633,47.65164949095851,-9.499320269471355,34.11070358160115,-43.610023851072505,23051.13981666342,22186.15998802408,0.038241885893891214,0.3227700948700479,0.1294771970627484,0.19715180652213554,-0.0014379074526891,-0.008458771709626167,-0.03224995221095028,22497.69921875,22451.849609375,22657.0,37382580.0,0.923622714109085,22173.69921875,-0.01298223244668717
2026-06-08,22173.69921875,22357.69921875,22119.30078125,22191.55078125,28846200,22173.69921875,-0.0129822324466871,-1.466113626569236,22571.55234375,22357.9700390625,23046.442578125,22562.76497333016,22561.383266566783,0.9823736923831841,0.9917581596186705,0.9621311030361197,41.145067204302,-41.67353845254911,18.9538551747711,-60.62739362732021,22980.680755817222,22162.42393168278,0.036251685824390284,0.013779643181262352,0.13541915532157153,0.19951369912063985,-0.0129822324466871,-0.011776922989877425,-0.04074949897395175,22465.349609375,22497.69921875,22437.94921875,37344875.0,0.7724272741574313,22370.150390625,0.008859648087445882
2026-06-09,22370.150390625,22390.5,22233.44921875,22298.849609375,36288100,22370.150390625,0.0088596480874458,0.9240964746280492,22550.27236328125,22392.088046875,23045.126083984374,22544.420727358236,22553.88393809848,0.992012425847701,0.9990202943019839,0.970710696444032,45.68903561303736,-50.73502857800486,5.016078424215909,-55.75110700222076,22954.545637113806,22145.99908944869,0.035855289667438374,0.27722745440361596,0.13314585979750077,0.18631634223403754,0.0088596480874458,-0.0067025687629908015,-0.018670129711678696,22173.69921875,22465.349609375,22521.099609375,36987975.0,0.9810783099101803,22233.849609375,-0.006092975633598008
2026-06-10,22233.849609375,22455.900390625,22200.349609375,22377.0,30804200,22233.849609375,-0.006092975633598,-0.7122055004509401,22546.96982421875,22415.4250390625,23043.452333984376,22514.842525645545,22541.333572266187,0.9861125367495097,0.9918995321582761,0.9648662573265822,40.63485485965057,-68.12930648452675,-9.612998557532624,-58.51630792699413,22960.82061830949,22133.11903012801,0.036710103159510635,0.12169914940984874,0.11027018732349353,0.18253564304172842,-0.006092975633598,-0.00970966774643689,-0.0029619316720251865,22370.150390625,22173.69921875,22451.849609375,36651020.0,0.8404731982902522,22114.44921875,-0.005370207711338226
2026-06-11,22114.44921875,22258.900390625,22063.75,22128.55078125,31438200,22114.44921875,-0.0053702077113382,-0.6331112491154391,22533.8248046875,22428.1500390625,23040.53408203125,22476.70982975073,22524.5930093832,0.9813890633493226,0.9860130764344747,0.9598062761920315,37.36615176899657,-90.50571712798774,-25.791542271623648,-64.71417485636408,22985.34656029955,22082.303049075454,0.04007502139788554,0.03559758668874764,0.1109087995605593,0.17814944228061477,-0.0053702077113382,-0.01703507528808068,-0.011748504412464333,22233.849609375,22370.150390625,22497.69921875,36191210.0,0.8686694918462246,22599.80078125,0.02194725980733403
2026-06-12,22599.80078125,22618.69921875,22295.150390625,22376.44921875,35312200,22599.80078125,0.021947259807334,2.3563056511473954,22533.15986328125,22459.743046875,23040.1318359375,22488.432777512568,22527.542333770136,1.0029574599555984,1.0062359455352046,0.9808885184415186,48.913412563378266,-68.28818524320013,-34.29087086593894,-33.99731437726119,22984.229001847052,22082.090724715446,0.04003603057029027,0.5738699594701435,0.13153986498942935,0.17718781279020776,0.021947259807334,0.0059848243723255035,-0.0005881028410402722,22114.44921875,22233.849609375,22465.349609375,36253875.0,0.9740255352014096,22891.30078125,0.012898343787253408
2026-06-15,22891.30078125,23019.44921875,22859.650390625,22955.80078125,34302100,22891.30078125,0.0128983437872534,1.3660607662217332,22551.1673828125,22507.008046875,23039.93083984375,22526.801158820897,22541.80737092621,1.0150827401820774,1.017074358954093,0.9935490232315837,49.1996236605599,-26.849512852062617,-32.80259926316368,5.9530864111010615,23029.81162183078,22072.523143794217,0.042449619648786976,0.8553091949192505,0.13839334844057782,0.16950692028550207,0.0128983437872534,0.032362735483179916,0.015984554023253716,22599.80078125,22114.44921875,22173.69921875,35947545.0,0.9542264986385023,22997.25,0.004628361654169577
2026-06-16,22997.25,23009.400390625,22902.349609375,22962.44921875,32580100,22997.25,0.0046283616541695,0.4610565107352385,22577.97734375,22548.2500390625,23039.584091796874,22571.605810361765,22559.66786618401,1.0185699830355293,1.0199128517804998,0.9981625496524502,52.03615520953566,14.374450350132975,-23.36718934050435,37.74163969063733,23093.97809450646,22061.976592993542,0.0457083239034496,0.9062713626234439,0.13819729851775686,0.16476109894393057,0.0046283616541695,0.028032874094481297,0.023872401339193328,22891.30078125,22599.80078125,22370.150390625,35861195.0,0.9085056981508842,23109.69921875,0.004889681103175336
2026-06-17,23109.69921875,23120.900390625,22990.94921875,23048.69921875,39479300,23109.69921875,0.0048896811031753,0.4896533335077456,22607.3748046875,22591.67703125,23039.4168359375,22622.852801636836,22581.23772314738,1.02221949334685,1.0229297801479476,1.0030505278546318,52.84699747770582,55.47892386637977,-7.597966699127525,63.0768905655073,23174.361689189616,22040.387920185385,0.05015946251172243,0.9429771021093892,0.1387263662347385,0.16484104055566207,0.0048896811031753,0.03939262092542428,0.026105840742837394,22997.25,22891.30078125,22233.849609375,36028690.0,1.0957739512593991,23206.44921875,0.004186553839761853
2026-06-18,23206.44921875,23221.349609375,23090.349609375,23129.900390625,34469400,23206.44921875,0.0041865538397618,0.4127084072312856,22638.78974609375,22631.925,23039.763330078124,22678.43341279047,22605.75582101415,1.025074638663235,1.025385565688734,1.0072347049005608,62.0205751043928,94.76899372820844,12.875425386339668,81.89356834186877,23265.443385090697,22012.1361070968,0.05536105472290516,0.95292920788262,0.1390441092850928,0.1632681693492709,0.0041865538397618,0.04937947986848945,0.027827736871922193,23109.69921875,22997.25,22114.44921875,36316285.0,0.9491444402972385,23144.19921875,-0.002682443979827087
2026-06-19,23144.19921875,23174.650390625,23023.349609375,23082.69921875,36475300,23144.19921875,-0.002682443979827,-0.3389827279631451,22665.8572265625,22668.88,23040.527822265623,22722.79206097709,22626.87124837634,1.021104076823837,1.0209679180775582,1.004499523504153,66.58913448349132,119.50601149770227,34.20154260861219,85.30446888909009,23331.525753552403,22000.188699572598,0.058737555816751996,0.8592944331840823,0.1398019329006384,0.1634379381112594,-0.002682443979827,0.024088638779137472,0.02395050264593479,23206.44921875,23109.69921875,22599.80078125,36447445.0,1.0007642511018262,23261.849609375,0.005083364065138429
2026-06-22,23261.849609375,23289.75,23213.849609375,23240.900390625,26271000,23261.849609375,0.0050833640651384,0.5108485310270497,22696.38466796875,22691.375,23041.5770703125,22774.130875110226,22651.772360572366,1.0249143178386595,1.0251405923781614,1.009559785703484,67.12200257465582,146.9101903527444,56.74327215743864,90.16691819530575,23413.27133285158,21979.49800308592,0.06317188181028104,0.8943893568572505,0.14044725196940538,0.13898594549964804,0.0050833640651384,0.016187320749745826,0.026954250178444106,23144.19921875,23206.44921875,22891.30078125,36324665.0,0.7232275920507457,23010.94921875,-0.01078591749315938
2026-06-23,23010.94921875,23302.25,22976.94921875,23260.0,29724100,23010.94921875,-0.0107859174931593,-1.2257655402801937,22700.45966796875,22710.843984375,23042.788564453123,22796.68500307592,22665.857727559724,1.013677676810191,1.0132141823783156,0.9986182511889103,61.92210332155485,146.69166467247487,74.7329506604459,71.95871401202898,23423.821772550687,21977.09756338681,0.06373105348193446,0.7146155769108068,0.1405438409334395,0.14097437144716862,-0.0107859174931593,0.0005956894302578952,0.0035543810591558422,23261.849609375,23144.19921875,22997.25,36302460.0,0.8187902417632303,23126.30078125,0.005012898920571551
2026-06-24,23126.30078125,23183.599609375,22941.05078125,22992.900390625,28409100,23126.30078125,0.0050128989205715,0.5031373589023386,22711.91474609375,22726.435,23045.71181640625,22828.07698194964,22683.91431790052,1.0182453148397592,1.0175947429172238,1.0034969180160616,63.01827324730228,154.05058925718913,90.59647837979455,63.454110877394584,23455.371864775294,21968.457627412205,0.06546846683715912,0.7786885919461966,0.14140637749081122,0.13807867474616406,0.0050128989205715,0.0007183807258959174,0.010005658784345783,23010.94921875,23261.849609375,23109.69921875,36132545.0,0.7862468586145814,23113.69921875,-0.0005449017817071855
2026-06-25,23113.69921875,23289.94921875,23093.900390625,23224.400390625,27570900,23113.69921875,-0.0005449017817071,-0.1050662872199885,22719.2296875,22745.12796875,23048.96556640625,22855.279099740153,22700.768627737754,1.0173628039628049,1.0162044043237035,1.0028085274437695,63.53798858539392,157.05531334199986,103.88824537223562,53.16706796976425,23476.030154189564,21962.429220810434,0.06662201818452668,0.7606166014767068,0.14112999719543012,0.13682426092512986,-0.0005449017817071,-0.003996733801268526,0.006369847071796553,23126.30078125,23010.94921875,23206.44921875,35221385.0,0.7827886382094287,23000.0,-0.004919126863854206
2026-06-29,23000.0,23148.75,22943.849609375,23112.599609375,42080500,23000.0,-0.0049191268638542,-0.5837483750520988,22736.3796875,22753.216953125,23050.3978125,22869.062042622045,22712.503191355885,1.011594647702199,1.010846072772189,0.9978135816609347,68.63887807009591,148.54961460967752,112.820519219724,35.729095389953514,23502.7278260166,21970.031548983403,0.06741162393042607,0.6719977509240193,0.13298930535879533,0.13108818252855425,-0.0049191268638542,-0.006230469129092975,0.015138809198040448,23113.69921875,23126.30078125,23144.19921875,33966185.0,1.2388939175830316,22995.650390625,-0.0001891134510869641
2026-06-30,22995.650390625,23088.94921875,22932.05078125,23074.150390625,31935800,22995.650390625,-0.0001891134510869,-0.0661315050061764,22764.26474609375,22760.0039453125,23051.7540625,22881.118075765185,22723.60700309193,1.010164424246162,1.01035353270934,0.9975661864288988,65.4482290217037,139.8457551443571,118.22556640465064,21.620188739706464,23525.45965199428,22003.069840193224,0.06687630058696376,0.65198843472084,0.1272398391310517,0.1309876425145515,-0.0001891134510869,-0.01144359641301762,0.024855264910260244,23000.0,23113.69921875,23261.849609375,33706435.0,0.9474689328610397,23111.650390625,0.005044432230857598
2026-07-01,23111.650390625,23144.099609375,23032.94921875,23038.650390625,30769700,23111.650390625,0.0050444322308575,0.5065881257285793,22793.79228515625,22764.8489453125,23052.9890625,22903.073534323263,22738.824390838327,1.0139449417408153,1.0152340762789867,1.0025446300245908,71.89899741898338,140.68636946475817,122.71772701667216,17.968642448086015,23561.06277114799,22026.52179916451,0.06732275844168036,0.7071356263998563,0.127669295387906,0.12979418676764948,0.0050444322308575,0.004376228503991664,0.026222111330841402,22995.650390625,23000.0,23010.94921875,33440200.0,0.9201410278646659,23264.80078125,0.00662654496916093
2026-07-02,23264.80078125,23276.19921875,23170.75,23182.05078125,24569900,23264.80078125,0.0066265449691609,0.6797225700094146,22834.43984375,22772.8289453125,23055.214814453124,22937.523748316285,22759.45091595251,1.0188470109380763,1.0216034572217154,1.009090610019625,78.22320956175324,151.95883213641355,128.56594804062044,23.392884095793107,23611.509064155256,22057.37062334474,0.06806115899689255,0.7769128709504042,0.12787839621928945,0.13057758286573265,0.0066265449691609,0.005988852316246351,0.03620865033478338,23111.650390625,22995.650390625,23126.30078125,32616725.0,0.753291447869153,23301.150390625,0.0015624294279061868
2026-07-03,23301.150390625,23416.650390625,23284.30078125,23416.650390625,23620300,23301.150390625,0.0015624294279061,0.1255440915848373,22874.61240234375,22778.0049609375,23057.574814453124,22972.15485710759,22780.694032606338,1.0186467853871721,1.0229671312559925,1.0105637985838474,72.06957714525649,161.95849301578346,135.24445703565306,26.714035980130404,23661.394191117077,22087.830613570426,0.06879083019502238,0.7710649854678859,0.12787821944941147,0.129524468089215,0.0015624294279061,0.008109959816511747,0.03571259283284345,23264.80078125,23111.650390625,23113.69921875,31973690.0,0.7387417592401753,23433.94921875,0.005699239131919942
2026-07-06,23433.94921875,23447.30078125,23319.650390625,23342.5,20527500,23433.94921875,0.0056992391319199,0.5782452372491294,22923.0423828125,22786.8539453125,23060.35130859375,23016.135272502106,22806.311883043345,1.022287915687866,1.0283977452521749,1.0162008767844324,68.97040508584823,178.54094303647798,143.90375423581804,34.63718880065994,23722.887617875964,22123.197147749033,0.06978525988881366,0.8193785582132919,0.1280006731644857,0.12996668565150976,0.0056992391319199,0.018867357336956436,0.04311526979178604,23301.150390625,23264.80078125,23000.0,31273695.0,0.6563823046812984,23368.849609375,-0.0027780042009697414
2026-07-07,23368.849609375,23485.349609375,23332.900390625,23472.400390625,24296900,23368.849609375,-0.0027780042009697,-0.3494401153429028,22982.79990234375,22798.0139453125,23062.45005859375,23049.72711410905,22828.372186036744,1.0167973314248748,1.0250388330067615,1.0132856461478634,63.372661036538844,184.3051052046976,151.98402442959397,32.32108077510364,23723.302375159947,22242.297429527556,0.06443970934460841,0.7606673989637788,0.1166271686568294,0.12879920272254863,-0.0027780042009697,0.01622912213442529,0.05389945894162684,23433.94921875,23301.150390625,22995.650390625,31046230.0,0.7826038781520332,22908.05078125,-0.019718507150653153
2026-07-08,22908.05078125,23307.0,22822.80078125,23239.650390625,27164800,22908.05078125,-0.0197185071506531,-2.203280548469458,23009.694921875,22804.7739453125,23061.619560546875,23036.234130027235,22831.49683682942,0.9955825515735817,1.0045287375435146,0.9933409369236323,44.19800208567471,149.96196272019733,151.57961208771465,-1.6176493675173163,23693.402269018592,22325.98757473141,0.05942776290298136,0.42566692383073074,0.13852064859613372,0.13437167566818112,-0.0197185071506531,-0.008809392922350057,0.02404545258892976,23368.849609375,23433.94921875,23111.650390625,30590065.0,0.8880268806228427,23081.150390625,0.007556278403079153
2026-07-09,23081.150390625,23175.25,22956.400390625,22958.349609375,20333600,23081.150390625,0.0075562784030791,0.7814655605774372,23052.0599609375,22809.9689453125,23061.512060546876,23040.511869131784,22841.287172272383,1.0012619449080384,1.0118887248800148,1.0008515629862675,46.546528440596454,135.1544898665852,148.29458764348877,-13.14009777690356,23630.203769845168,22473.91615202983,0.05015983906751314,0.5251584720261374,0.1374257479415228,0.13312587980347484,0.0075562784030791,-0.007893916322421757,0.03810859550353052,22908.05078125,23368.849609375,23264.80078125,30066535.0,0.6762867753134839,23348.400390625,0.011578712303202732
2026-07-10,23348.400390625,23358.349609375,23234.44921875,23239.69921875,23139200,23348.400390625,0.0115787123032027,1.2216502838868115,23113.75751953125,22821.6249609375,23062.3028125,23069.834585464472,22861.173965148955,1.0101516540915287,1.023082292807333,1.012405421108682,55.0567384321072,143.33205968365291,147.3020820515216,-3.970022367868694,23503.15941572865,22724.35562333385,0.03369438273879409,0.8012862461434982,0.13868470728021334,0.13536386651770335,0.0115787123032027,0.002027796877316801,0.05579841304972577,23081.150390625,22908.05078125,23301.150390625,29651585.0,0.7803697508919001,23347.05078125,-5.780307654579264e-05
2026-07-13,23347.05078125,23379.349609375,23135.30078125,23194.80078125,21670700,23347.05078125,-5.780307654579264e-05,-0.0517618914040038,23151.12001953125,22831.1459765625,23062.958818359373,23096.236127920234,22880.227957937233,1.008463122369607,1.0225965356805613,1.012318105631116,52.23883814203128,147.99791267071487,147.44124817536027,0.5566644953545961,23469.872790791444,22832.367248271054,0.027536704141421075,0.8073396992649322,0.11887709896920477,0.13504443034173896,-5.780307654579264e-05,-0.0037082284632788953,0.03306445075480302,23348.400390625,23081.150390625,23433.94921875,28969510.0,0.7480520036410695,23199.44921875,-0.006322064567510166
2026-07-14,23199.44921875,23287.44921875,23167.849609375,23235.25,21421900,23199.44921875,-0.0063220645675101,-0.7372752595796768,23166.52744140625,22841.4639453125,23062.109560546876,23106.0659460945,22892.746438753424,1.0014210924544913,1.0156726063747314,1.0059552079501901,55.23756599012319,138.19242597772245,145.5914837358327,-7.399057758110246,23461.287902788616,22871.766980023887,0.025447099236419607,0.5558449684682887,0.1142536588722257,0.1344920029596085,-0.0063220645675101,-0.007248982874922594,0.013461377334764713,23347.05078125,23348.400390625,23368.849609375,28325500.0,0.7562761469347408,23263.900390625,0.002778133707713737
2026-07-15,23263.900390625,23368.900390625,23203.94921875,23250.849609375,23420200,23263.900390625,0.0027781337077137,0.2585815672327698,23179.8599609375,22850.126953125,23061.20306640625,23121.097797954546,22907.301495689564,1.003625579698459,1.0181081461100334,1.0087895381535417,53.93456594128717,134.0766261714998,143.28851222296612,-9.211886051466308,23466.38881797696,22893.331103898043,0.02472222502830494,0.6466526453132755,0.11359538832191492,0.13389669303051255,0.0027781337077137,0.01553382314248486,0.011594881589102934,23199.44921875,23347.05078125,22908.05078125,27867505.0,0.8404125162981042,23232.650390625,-0.0013432829179664818
2026-07-16,23232.650390625,23348.19921875,23212.900390625,23332.80078125,22983200,23232.650390625,-0.0013432829179664,-0.1924350764371154,23186.00751953125,22858.6149609375,23059.77181640625,23131.72185439935,22920.060275883112,1.0020116818755649,1.0163629961975684,1.0074969767955706,53.36543509187625,126.8311804410223,139.99704586657737,-13.165865425555069,23471.472120817834,22900.542918244664,0.024623868602311572,0.5816964185453297,0.11262478992201203,0.13391828898987854,-0.0013432829179664,0.006563797619963285,0.005320327655984558,23263.900390625,23199.44921875,23081.150390625,27042700.0,0.8498855513687612,23336.30078125,0.004461410509875696
2026-07-17,23336.30078125,23357.900390625,23235.05078125,23272.30078125,22198800,23336.30078125,0.0044614105098756,0.4427866410290073,23192.50009765625,22862.67296875,23059.020068359376,23151.20556171846,22936.383432956325,1.0062003097116847,1.0207162046689544,1.0120248263832814,59.569227485559416,127.97758682237327,137.59315405773654,-9.615567235363272,23485.723494916336,22899.276700396167,0.02528605333839828,0.7452067006533154,0.11275508543966438,0.13046877850106048,0.0044614105098756,-0.0005182200567306339,0.005595494652197219,23232.650390625,23263.900390625,23348.400390625,26429170.0,0.8399355711889552,23338.05078125,7.49904629875342e-05
2026-07-20,23338.05078125,23363.30078125,23219.44921875,23244.30078125,21762500,23338.05078125,7.49904629875342e-05,-0.0372299714500292,23202.19267578125,22865.153984375,23058.803076171876,23169.00034453099,22952.13509367372,1.00585539941708,1.0206819860998162,1.0121102428497986,59.75722292364562,127.55693556192637,135.58591035857452,-8.028974796648157,23501.44715945899,22902.938192103513,0.025795362348670664,0.7269942688884248,0.11221022826595466,0.1302528069216962,7.49904629875342e-05,-0.0003854876611322222,0.008375816361922528,23336.30078125,23232.650390625,23347.05078125,25693530.0,0.8470031171271523,23352.150390625,0.0006041468290201024
2026-07-21,23352.150390625,23383.099609375,23286.150390625,23340.69921875,21329800,23352.150390625,0.0006041468290201,0.0206768964694869,23206.70771484375,22869.883984375,23058.937578125,23186.443206063752,22967.82196806397,1.0062672688245313,1.021087400643549,1.0127157988743662,57.2759760897649,126.89848035859177,133.84842435857797,-6.949943999986203,23512.40745520363,22901.00797448387,0.026345808644311172,0.7378848533029386,0.1108708253702801,0.12986915312513841,0.0006041468290201,0.00658210332646969,0.003881926105033573,23338.05078125,23336.30078125,23199.44921875,25446470.0,0.8382223546134296,23145.05078125,-0.008868545547657258
2026-07-22,23145.05078125,23335.599609375,23118.05078125,23334.30078125,22855200,23145.05078125,-0.0088685455476572,-1.015942865683582,23213.41279296875,22876.87,23058.77158203125,23182.5010703672,22974.772117600678,0.9970550641420785,1.011722791677795,1.003741708395515,46.49166174527325,108.41569356414038,128.76187819969047,-20.346184635550088,23506.663036628364,22920.162549309134,0.025265586432721927,0.3834408270799552,0.10853129913903732,0.12755739977949088,-0.0088685455476572,-0.005108756802573611,0.00582772840986201,23352.150390625,23338.05078125,23263.900390625,25103025.0,0.9104560107795774,22982.400390625,-0.007027437190017527
2026-07-23,22982.400390625,23148.900390625,22937.75,23069.099609375,20693000,22982.400390625,-0.0070274371900175,-0.814465900961968,23206.2177734375,22890.52,23058.57158203125,23163.443862772707,22975.07126556242,0.9903552838727262,1.0040139057839228,0.9966966214218747,41.30499643004456,79.72441128428181,118.95438481660874,-39.22997353232692,23515.111371882136,22897.324174992864,0.026621623692439124,0.13771119903484644,0.11002066259150581,0.11839930154710095,-0.0070274371900175,-0.010771478750482233,-0.0062223695863053985,23145.05078125,23352.150390625,23232.650390625,24717220.0,0.8371896192209318,22913.30078125,-0.00300663151805447
2026-07-24,22913.30078125,22956.94921875,22713.5,22805.55078125,19268400,22913.30078125,-0.0030066315180544,-0.3744593586196696,23196.1978515625,22901.2390234375,23059.572333984375,23139.620712151496,22972.648893628597,0.987804162038847,1.0005266858181845,0.9936567968123674,35.28618235099958,50.82472657033213,105.32845316735343,-54.5037265970213,23529.745028584995,22862.650674540007,0.02875878013775536,0.07592645088778677,0.11044277300516842,0.1184928060782887,-0.0030066315180544,-0.018126266196391683,-0.008670115311418258,22982.400390625,23145.05078125,23336.30078125,24302095.0,0.7928699151246014,23153.099609375,0.01046548598189001
2026-07-27,23153.099609375,23160.599609375,23061.349609375,23070.599609375,20456100,23153.099609375,0.01046548598189,1.0998272204394053,23203.85283203125,22912.0390234375,23061.642333984375,23140.904416648973,22979.72539228532,0.99781272433403,1.0105211319556024,1.0039657745994894,44.45072952699922,46.73257553010626,93.60927763990401,-46.87670210979775,23525.24685276488,22882.45881129762,0.02770178065342284,0.42104205526160726,0.11550148881757051,0.11846254108617521,0.01046548598189,-0.007924876572108164,0.006656504755434778,22913.30078125,22982.400390625,23338.05078125,23220875.0,0.8809357959163899,23114.900390625,-0.00164985334121448
2026-07-28,23114.900390625,23172.099609375,23087.099609375,23146.650390625,23466600,23114.900390625,-0.0016498533412144,-0.2259838233607409,23209.81533203125,22923.7140234375,23063.546337890624,23138.427842741927,22985.026372612367,0.9959105688671611,1.0083401130808047,1.0022266329723113,56.79822731357831,39.94667819910319,82.87675775174385,-42.93007955264066,23519.144080937793,22900.486583124704,0.026654994404857198,0.3465791787182522,0.11570929496264591,0.11819174992139447,-0.0016498533412144,-0.010159663929504625,0.005185763306291058,23153.099609375,22913.30078125,23352.150390625,22797415.0,1.029353547321045,23352.599609375,0.010283376295508795
2026-07-29,23352.599609375,23377.80078125,23233.400390625,23261.05078125,26344200,23352.599609375,0.0102833762955087,1.0798985146105264,23221.86279296875,22941.545,23065.66783203125,23158.82515384984,22999.441009348157,1.0056299021991395,1.0179174771958472,1.012439777570424,58.55794168956911,53.13662021100754,76.92873024359659,-23.79211003258905,23533.850806776933,22909.874779160567,0.026870196985457572,0.7095221781275234,0.11998344161099359,0.11987768528660651,0.0102833762955087,0.00896730925702438,0.010425444080260915,23114.900390625,23153.099609375,23145.05078125,22576140.0,1.1669045284091966,23353.55078125,4.0730877542971555e-05
2026-07-30,23353.55078125,23384.650390625,23274.150390625,23347.19921875,22539900,23353.55078125,4.073087754297156e-05,-0.04097908119653,23226.30029296875,22958.181015625,23067.29708984375,23177.370451697476,23013.327667069796,1.0054787239756722,1.0172213018686418,1.0124095029552589,50.195142237956915,62.940951792003034,74.13117455327789,-11.190222761274853,23543.34344158613,22909.25714435137,0.02730035732064864,0.7006832332373157,0.11781450686421278,0.11981013040764352,4.073087754297156e-05,0.01614933098008331,0.003814775842461815,23352.599609375,23114.900390625,22982.400390625,22474640.0,1.0029037172564277,23460.69921875,0.004588100477895152
2026-07-31,23460.69921875,23506.55078125,23375.55078125,23409.849609375,25708900,23460.69921875,0.0045881004778951,0.45665063230976,23234.277734375,22975.8319921875,23068.752333984376,23204.354143797715,23030.87164948863,1.0097451483951236,1.021103358813181,1.016990380714618,53.986407793065545,78.45258605868003,74.99545685435832,3.457129204321703,23566.89739349753,22901.658075252468,0.028631805380410623,0.8403609470520679,0.11875866274665468,0.12005781087293718,0.0045881004778951,0.023889986114437933,0.006847251120665421,23353.55078125,23352.599609375,22913.30078125,22579070.0,1.1386164266287317,23802.849609375,0.014583980956183629
2026-08-03,23802.849609375,23803.75,23578.55078125,23619.150390625,24262300,23802.849609375,0.0145839809561836,1.5505241406932817,23252.72275390625,22999.8319921875,23071.71908203125,23261.353711947933,23061.14529497437,1.0236585995236336,1.0349140644792651,1.0316894690310776,68.62349129894798,117.00557755897535,83.39748099528174,33.60809656369361,23663.657792753427,22841.787715059076,0.035345111468989124,1.1693598786451598,0.12788560658273665,0.1239859483236833,0.0145839809561836,0.028063197194422518,0.015742134933442342,23460.69921875,23353.55078125,23153.099609375,22765810.0,1.065734098632994,23690.150390625,-0.004734694400018946
2026-08-04,23690.150390625,23771.44921875,23573.599609375,23771.44921875,20581300,23690.150390625,-0.0047346944000189,-0.5635654820379721,23268.78779296875,23020.608984375,23074.6230859375,23302.191490869558,23085.812161470472,1.018108489423913,1.029084435025348,1.0266755085183872,62.77539331814854,136.8872648163706,94.09543775949952,42.79182705687107,23721.80502522522,22815.770560712277,0.03893775956763362,0.9650624387470701,0.12879950441181076,0.12463808982128213,-0.0047346944000189,0.024886544621810724,0.013749105609422108,23802.849609375,23460.69921875,23114.900390625,22580030.0,0.9114824028134595,23735.55078125,0.001916424753595658
2026-08-05,23735.55078125,23782.69921875,23643.30078125,23779.349609375,22699900,23735.55078125,0.0019164247535956,0.1642826609089086,23310.16279296875,23036.731015625,23077.09208984375,23343.463804239123,23111.29210734418,1.018249035498352,1.030335023018284,1.0285330009882847,64.9459534443107,154.52580006998323,106.18151022159627,48.344289848386964,23775.44495829973,22844.88062763777,0.03992097090555776,0.9571290498290347,0.10373377526270638,0.1219256776171864,0.0019164247535956,0.01639865275304353,0.03612267180223383,23690.150390625,23802.849609375,23352.599609375,22356785.0,1.0153472424590566,23729.44921875,-0.000257064289606479
2026-08-06,23729.44921875,23783.849609375,23708.55078125,23756.150390625,19628000,23729.44921875,-0.0002570642896064,-0.0735675305059202,23342.577734375,23053.376015625,23079.05158203125,23380.224319906825,23135.53356269343,1.0165736401856458,1.0293264293553697,1.0281812982828606,62.40335107075145,166.09745318810747,118.16469881489851,47.93275437320895,23830.463711438315,22854.691757311688,0.04180223646378323,0.896477355941609,0.10166636348447056,0.1218498538526685,-0.0002570642896064,0.016095986474219615,0.028087803993873894,23735.55078125,23690.150390625,23353.55078125,22321505.0,0.8793313891693235,23712.099609375,-0.0007311425231601998
2026-08-07,23712.099609375,23754.5,23657.099609375,23665.599609375,18415000,23712.099609375,-0.0007311425231601,-0.1254470644511344,23360.7626953125,23068.27,23081.138076171876,23411.831490332363,23158.143995896626,1.0150396165846503,1.0279097482982036,1.027336673396296,61.68575922936318,171.88670028848355,128.9090991096155,42.97760117886804,23875.912976525986,22845.612414099014,0.0441038923199911,0.8410042922174585,0.09446384321327526,0.12177575747591397,-0.0007311425231601,0.010715809800932119,0.015577050789999047,23729.44921875,23735.55078125,23460.69921875,22085295.0,0.833812724711171,23743.19921875,0.001311550216443358
2026-08-10,23743.19921875,23777.400390625,23667.400390625,23732.75,20329600,23743.19921875,0.0013115502164433,0.09808976939487,23380.5701171875,23089.993984375,23083.933818359375,23443.390321610234,23181.087337969308,1.01550984855138,1.028289536793168,1.028559491011289,62.08845680531383,176.94449292081845,138.51617787185612,38.42831504896233,23923.22967058764,22837.91056378736,0.04641970240077221,0.8341221022366068,0.09442590713409642,0.11736471326292329,0.0013115502164433,-0.0025060188844576725,0.016967814959230054,23712.099609375,23729.44921875,23802.849609375,22018240.0,0.9233072216489602,23681.150390625,-0.002613330560609528
2026-08-11,23681.150390625,23756.05078125,23638.55078125,23755.400390625,22201700,23681.150390625,-0.0026133305606095,-0.3314194784304899,23404.65517578125,23114.8580078125,23085.452822265626,23466.03413770688,23200.697653759726,1.0118136846181722,1.024499063875759,1.025804023553085,68.20500167736631,173.94092544135856,145.6011273857566,28.33979805560196,23956.15438162841,22853.155969934087,0.04712730879434792,0.7506759863944633,0.0915595755464274,0.11512528138368634,-0.0026133305606095,-0.0003799047220722773,0.020763474483078914,23743.19921875,23712.099609375,23690.150390625,22057230.0,1.0065497798227612,23672.44921875,-0.00036743028659813604
2026-08-12,23672.44921875,23690.05078125,23526.19921875,23689.55078125,25692500,23672.44921875,-0.0003674302865981,-0.0856451499410197,23425.0826171875,23137.885,23085.996064453124,23485.692716853846,23219.197715131893,1.0105599030579726,1.0231034175660394,1.0254029825119773,76.16899614018921,168.9113597116775,150.2631738509408,18.648185860736703,23984.83353160245,22865.331702772553,0.04779073129110098,0.72096131975088,0.09145007246782201,0.1150151302322542,-0.0003674302865981,-0.0026585253100529505,0.017561493183217092,23681.150390625,23743.19921875,23735.55078125,22170845.0,1.158841713069574,23658.099609375,-0.0006061734146053377
2026-08-13,23658.099609375,23678.69921875,23585.599609375,23678.69921875,19969600,23658.099609375,-0.0006061734146053,-0.11177139100632,23446.355078125,23162.01,23086.29630859375,23502.11242090348,23236.40955412182,1.0090310212629832,1.0214182451943938,1.0247680828980956,79.46903694273588,161.9012027971221,152.59077964017706,9.310423156945035,24007.648990126323,22885.06116612368,0.047878991009990636,0.6886217957489724,0.09124890384105483,0.11469582106036018,-0.0006061734146053,-0.0030067958475252787,0.018312556320379203,23672.44921875,23681.150390625,23729.44921875,22020165.0,0.9068778549116231,23594.900390625,-0.002671356524551749
2026-08-14,23594.900390625,23638.30078125,23564.30078125,23635.650390625,22878000,23594.900390625,-0.0026713565245517,-0.3377694007702657,23459.28505859375,23183.9540234375,23085.6903125,23510.949370400765,23250.468018298416,1.0057808808619926,1.0177254650682992,1.0220573901508712,70.32019748595197,149.52235354444565,151.97709442103078,-2.4547408765851344,24021.817235552808,22896.75288163469,0.04795816884905151,0.6205400664933883,0.09109330783739769,0.11497872701762442,-0.0026713565245517,-0.00494259136393238,0.011081431105943507,23658.099609375,23672.44921875,23712.099609375,22054125.0,1.0373569570318477,23564.44921875,-0.0012905827687705873
2026-08-17,23564.44921875,23617.30078125,23488.44921875,23581.75,18372000,23564.44921875,-0.0012905827687705,-0.1866679709561664,23470.60498046875,23205.936015625,23084.7165625,23516.044594053074,23262.78100655142,1.0039983732144673,1.0154492024318091,1.0207813968584436,70.82498683468656,135.69071317075213,148.71981817097506,-13.029105000222927,24031.975591890114,22909.234369047386,0.04783605807251145,0.5835849226619267,0.09131977132221106,0.11496327853747412,-0.0012905827687705,-0.00752847155739822,0.009700828900496283,23594.900390625,23658.099609375,23743.19921875,21884600.0,0.8394944390119079,23472.400390625,-0.003906258417945896
2026-08-18,23472.400390625,23555.30078125,23470.900390625,23521.849609375,22760300,23472.400390625,-0.0039062584179458,-0.4729077179570876,23476.61748046875,23231.9100390625,23083.2990625,23511.888003250402,23271.001374554304,0.9998203706369856,1.0103517253277126,1.0168564002516052,56.415384035267174,115.96469851848087,142.16879424047622,-26.204095721995344,24035.215218514873,22918.019742422628,0.04758758270954675,0.49622528918663583,0.09264442363441433,0.11103228935408839,-0.0039062584179458,-0.008815027840988754,0.005149418703995545,23564.44921875,23594.900390625,23681.150390625,21956125.0,1.036626453893845,23386.19921875,-0.0036724480854301023
2026-08-19,23386.19921875,23488.25,23348.30078125,23475.349609375,17992000,23386.19921875,-0.0036724480854301,-0.4473212846978175,23488.67490234375,23252.231015625,23081.797060546876,23499.917642821794,23275.51893707178,0.9956372301111152,1.005761520390666,1.013187974809961,51.60206401284664,92.31186194883048,132.19740778214708,-39.8855458333166,24027.187603477185,22950.162201210318,0.04585296559915149,0.40485304861104404,0.08753958137765562,0.11012538987740217,-0.0036724480854301,-0.012092115917320179,0.010419006628205718,23472.400390625,23564.44921875,23672.44921875,21712965.0,0.8286293465678225,23512.94921875,0.0054198631771842365
2026-08-20,23512.94921875,23565.900390625,23491.599609375,23519.80078125,17210300,23512.94921875,0.0054198631771842,0.5476724471453938,23515.20234375,23277.8130078125,23080.1573046875,23501.158745291148,23284.829928510142,0.9999041843243761,1.0101013016497118,1.0187516882293781,52.5155245621407,82.83956136635243,122.32583849898816,-39.486277132635735,23998.10626191686,23032.29842558314,0.04107163622133899,0.4976671083876789,0.08437492833678938,0.10938958434508408,0.0054198631771842,-0.006135336016908188,0.023085005008502968,23386.19921875,23472.400390625,23658.099609375,21538830.0,0.7990359736345939,23530.30078125,0.0007379577244255309
2026-08-21,23530.30078125,23554.150390625,23477.0,23554.150390625,16957200,23530.30078125,0.0007379577244255,0.0353201481505172,23546.05234375,23306.1300390625,23078.7460546875,23503.93417728723,23294.456236460726,0.9993310317045914,1.009618531339685,1.0195658258682032,30.90731472324795,75.85837288872426,113.03234537693538,-37.17397248821112,23937.161412999638,23154.943274500365,0.03322077633565056,0.47986295417452024,0.08296033344545864,0.1083740991510225,0.0007379577244255,-0.0027378631952464927,0.026927591353616442,23512.94921875,23386.19921875,23594.900390625,21423270.0,0.7915318249734985,23511.75,-0.000788378415663149
2026-08-24,23511.75,23587.849609375,23454.099609375,23560.599609375,19575700,23511.75,-0.0007883784156631,-0.1317105273520417,23563.98486328125,23324.3690234375,23076.542802734373,23504.67854135511,23302.977560521093,0.9977832754695644,1.0080336997058403,1.0188592893218849,35.60366539762005,68.04446349299178,104.03476900014667,-35.990305507154886,23909.458828614133,23218.510897948367,0.029322202279225364,0.42440115823005187,0.07585994436069737,0.09753722130020631,-0.0007883784156631,-0.0022363866119166076,0.015490383433576005,23530.30078125,23512.94921875,23564.44921875,21379250.0,0.9156401651133693,23611.599609375,0.004246796149797394
2026-08-25,23611.599609375,23613.900390625,23423.349609375,23483.94921875,32103200,23611.599609375,0.0042467961497973,0.419300869713689,23588.81982421875,23338.775,23075.394296875,23514.86150021415,23315.080385966343,1.0009657026220897,1.01168975704059,1.0232371029331713,40.80552859107111,69.11223023002822,97.05026124612297,-27.938031016094754,23862.268764204833,23315.370884232667,0.02318462237820989,0.5416527216321769,0.07624187097385184,0.09388845049315421,0.0042467961497973,0.0059303359023135105,0.021488269919235803,23511.75,23530.30078125,23472.400390625,21811080.0,1.4718757622272716,23559.19921875,-0.0022192647466456883
2026-08-26,23559.19921875,23684.099609375,23557.94921875,23641.349609375,24534900,23559.19921875,-0.0022192647466456,-0.2882958981324949,23599.1498046875,23350.013984375,23074.638291015624,23519.08414007471,23324.653673526485,0.9983071175755,1.0089586770489722,1.0209997193292102,38.182853423692606,64.98110770657149,90.63643053821268,-25.655322831641186,23849.673993514585,23348.625615860412,0.0212316283341118,0.4202660107892956,0.06876255477315245,0.09364957395793858,-0.0022192647466456,0.007397525283257433,0.008846964056715034,23611.599609375,23511.75,23386.19921875,21720615.0,1.1295674639046822,23482.0,-0.0032768184535134637
2026-08-27,23482.0,23642.849609375,23480.150390625,23615.650390625,20716300,23482.0,-0.0032768184535134,-0.4040265719984081,23605.572265625,23357.46,23072.994794921877,23515.55231721045,23330.824117701915,0.9947651230720236,1.005331915370935,1.0177265764029966,35.25382826381242,54.84560557045552,83.47826554466126,-28.632659974205737,23835.309639701285,23375.834891548715,0.019464673128117668,0.2310575475103183,0.07002090331491444,0.09347537378702342,-0.0032768184535134,-0.001316262730892137,0.0055002008025746285,23559.19921875,23611.599609375,23512.94921875,21629435.0,0.9577827622404377,23450.349609375,-0.001347857534494512
2026-08-31,23450.349609375,23485.150390625,23307.19921875,23477.75,34928600,23450.349609375,-0.0013478575344945,-0.1929356878481756,23605.05478515625,23362.3380078125,23071.869296875,23509.342535511838,23335.511391885175,0.9934460996939293,1.0037672428818154,1.016404406059602,31.245669113499943,43.75484646158293,75.53358172804559,-31.77873526646266,23836.20841716534,23373.901153147162,0.019585095998543276,0.16536287049269954,0.06833077495176872,0.09312821629540832,-0.0013478575344945,-0.0033977964250549997,-0.0004411466716528478,23482.0,23559.19921875,23530.30078125,22090420.0,1.5811650480162893,23339.900390625,-0.004709917787573015
2026-09-01,23339.900390625,23435.650390625,23243.25,23429.650390625,20107000,23339.900390625,-0.004709917787573,-0.5608541170870848,23581.90732421875,23366.25203125,23071.003046875,23493.205188379758,23335.683509482817,0.9897376013624984,0.9988722350255507,1.0116552081937513,29.421755086353016,25.75611066161946,65.57808751476037,-39.82197685314091,23822.20099062747,23341.613657810034,0.02037949374535318,-0.00356494453356998,0.04345877702204931,0.09356407033396359,-0.004709917787573,-0.007309094787712578,-0.019449319150748323,23450.349609375,23482.0,23511.75,21882655.0,0.9188555959046103,23222.80078125,-0.005017142636222882
